order_id,customer_id,order_date,total_amount
1,336,2023-10-31,161.07
2,992,2024-12-29,985.18
3,876,2025-07-15,1304.46
4,851,2024-03-31,1370.85
5,646,2023-06-22,2219.54
6,927,2024-11-10,915.66
7,52,2023-12-11,2886.32
8,220,2024-01-19,1705.0
9,632,2024-05-18,1324.9
10,287,2025-02-23,1596.3
11,256,2023-02-09,3199.04
12,330,2025-03-06,1913.0
13,918,2024-07-29,794.04
14,367,2024-04-21,381.8
15,273,2025-12-28,351.47
16,590,2025-03-06,2449.25
17,368,2023-02-27,2065.47
18,180,2025-10-01,142.92
19,239,2024-03-24,823.56
20,1,2024-11-10,1687.35
21,722,2023-10-18,823.56
22,984,2023-05-29,543.25
23,310,2024-10-22,293.82
24,984,2025-09-24,1745.15
25,229,2023-12-26,1282.33
26,972,2025-03-12,3206.39
27,145,2024-11-09,630.26
28,328,2023-12-10,335.22
29,655,2024-11-18,1004.81
30,806,2023-08-10,745.86
31,449,2025-05-09,1228.46
32,560,2025-02-07,1060.23
33,667,2024-04-06,483.52
34,21,2024-10-14,1042.01
35,750,2023-06-03,2407.83
36,622,2025-06-08,794.02
37,998,2024-01-25,2451.36
38,305,2024-05-01,745.86
39,586,2025-10-02,394.37
40,90,2024-08-26,1750.73
41,865,2023-08-25,904.7
42,658,2025-03-04,1090.17
43,457,2023-04-02,2013.3
44,64,2023-11-06,1088.82
45,353,2025-04-27,2592.67
46,903,2024-04-27,1884.96
47,820,2023-10-29,829.86
48,178,2023-12-09,366.14
49,81,2025-06-10,1121.58
50,328,2023-05-18,1099.02
51,407,2024-10-29,1861.14
52,536,2025-05-09,251.09
53,152,2023-07-25,126.02
54,805,2024-08-08,3044.2
55,177,2024-07-18,2547.89
56,911,2024-11-09,1438.2
57,919,2025-02-01,842.78
58,319,2024-07-28,1363.37
59,793,2024-10-19,827.69
60,453,2024-03-08,1496.81
61,68,2024-09-29,1631.14
62,256,2023-03-09,1833.81
63,407,2023-09-11,630.26
64,501,2025-07-02,1598.84
65,353,2023-12-01,1250.78
66,51,2023-11-30,2994.52
67,21,2023-01-19,1846.79
68,825,2024-09-17,1370.55
69,478,2024-09-10,2112.32
70,609,2024-08-01,1301.37
71,656,2024-10-27,1509.34
72,154,2025-11-25,1491.06
73,328,2023-10-14,593.02
74,303,2024-06-15,2450.44
75,352,2024-03-31,2234.53
76,301,2023-07-19,1415.82
77,671,2023-07-02,2000.51
78,431,2024-11-09,1433.13
79,55,2023-05-26,1817.84
80,56,2023-11-05,1826.19
81,915,2025-07-26,371.99
82,500,2024-11-12,320.25
83,463,2024-07-14,1610.27
84,783,2023-11-21,2518.13
85,414,2025-05-28,1567.79
86,914,2024-10-21,1901.96
87,320,2023-09-22,1099.02
88,603,2024-09-18,1251.02
89,467,2025-12-01,3276.68
90,971,2025-04-06,158.92
91,745,2023-09-26,1605.09
92,174,2023-09-10,1773.47
93,790,2025-12-31,1770.44
94,455,2025-02-17,446.28
95,486,2023-11-10,1026.99
96,309,2025-05-11,258.45
97,277,2023-10-08,589.45
98,510,2024-02-11,2737.14
99,562,2025-10-13,898.61
100,3,2023-01-27,768.0
101,686,2025-10-08,848.36
102,741,2023-07-27,2025.02
103,52,2023-07-24,2063.58
104,321,2025-05-22,48.16
105,10,2023-10-11,1787.47
106,275,2023-07-10,2202.72
107,279,2025-02-28,2110.32
108,966,2023-11-23,753.27
109,495,2025-06-16,1609.73
110,30,2023-09-25,1778.05
111,322,2023-01-26,2141.66
112,705,2023-07-15,2150.77
113,395,2023-11-01,1846.43
114,770,2025-10-03,960.14
115,564,2025-02-14,2850.11
116,458,2024-10-09,1462.59
117,670,2023-02-06,539.22
118,37,2023-01-01,1110.96
119,653,2024-09-15,2302.63
120,340,2025-08-26,583.81
121,3,2024-11-30,1762.69
122,109,2023-04-04,2674.98
123,739,2025-04-18,899.79
124,201,2024-01-20,60.94
125,469,2024-01-26,2190.74
126,603,2023-09-10,1190.92
127,754,2023-04-10,3367.42
128,835,2023-09-20,1099.02
129,615,2024-10-21,2857.3
130,464,2023-10-01,1491.06
131,525,2024-09-04,1268.44
132,298,2024-12-08,1001.27
133,556,2024-10-22,702.94
134,576,2025-09-10,1649.32
135,536,2023-08-07,426.01
136,55,2023-04-26,1218.44
137,700,2024-05-28,703.58
138,772,2023-03-08,1242.33
139,886,2024-04-04,3969.02
140,427,2024-10-02,3374.86
141,727,2025-01-23,2674.18
142,700,2023-06-02,532.22
143,387,2023-03-25,2154.55
144,339,2025-08-13,2348.16
145,53,2024-09-08,2501.89
146,980,2024-01-12,1440.42
147,905,2024-03-12,1359.83
148,487,2023-01-19,181.08
149,457,2024-05-07,2230.39
150,742,2024-08-02,150.84
151,527,2025-11-07,2552.61
152,971,2023-07-16,135.95
153,642,2023-05-15,230.34
154,435,2023-08-01,1105.35
155,663,2023-05-28,2213.35
156,39,2023-06-29,372.93
157,814,2024-05-30,1937.38
158,324,2023-02-04,2408.63
159,775,2023-04-04,1427.97
160,109,2024-08-16,1928.92
161,842,2023-03-05,1891.72
162,984,2023-10-23,1722.01
163,896,2023-10-17,457.83
164,587,2025-03-18,2490.74
165,928,2025-11-15,1315.68
166,855,2024-06-01,2039.91
167,873,2023-04-22,2784.07
168,744,2025-09-24,1616.39
169,292,2023-05-23,806.88
170,632,2024-09-18,875.23
171,730,2025-06-12,1317.16
172,474,2025-07-01,1464.45
173,662,2023-06-17,1791.3
174,79,2023-06-04,154.8
175,32,2025-04-09,2384.42
176,402,2024-04-02,2451.32
177,11,2024-05-04,2454.09
178,676,2023-10-27,2399.02
179,379,2024-04-24,90.54
180,531,2025-01-09,3253.8
181,649,2024-07-14,1118.87
182,388,2025-01-18,2541.14
183,499,2025-09-14,3013.58
184,217,2023-11-04,163.47
185,837,2023-08-31,933.02
186,494,2025-09-07,866.14
187,131,2023-11-26,217.09
188,151,2023-04-25,1603.19
189,614,2023-02-08,1416.64
190,175,2024-03-25,2408.36
191,271,2023-12-10,1619.58
192,395,2023-09-28,466.27
193,536,2025-10-29,2358.77
194,899,2025-12-24,2811.4
195,665,2025-06-02,3538.82
196,604,2023-07-20,1500.16
197,898,2025-04-16,1044.02
198,536,2023-08-30,2126.86
199,437,2024-06-03,463.43
200,697,2025-03-24,826.38
201,184,2025-01-28,2802.31
202,876,2023-09-01,538.25
203,220,2025-11-07,2582.11
204,399,2023-01-11,981.78
205,949,2025-06-10,335.36
206,228,2025-01-29,370.32
207,742,2025-02-26,1913.72
208,656,2025-10-09,760.5
209,523,2025-11-22,735.45
210,369,2024-05-04,43.77
211,283,2025-03-29,1141.39
212,16,2023-05-21,446.28
213,744,2024-12-13,1418.94
214,589,2023-01-10,580.03
215,516,2024-08-25,1538.35
216,711,2025-06-25,1522.78
217,919,2023-02-26,2800.82
218,236,2024-10-08,1792.56
219,96,2025-03-28,1170.88
220,224,2024-07-05,764.55
221,755,2024-02-13,489.59
222,235,2024-02-20,619.25
223,123,2023-06-10,2128.8
224,323,2025-10-05,2131.77
225,56,2025-12-12,2177.58
226,469,2023-09-04,2261.34
227,371,2024-06-15,726.64
228,483,2024-12-03,1517.08
229,771,2025-02-01,642.47
230,590,2024-04-13,279.7
231,824,2024-04-27,2296.89
232,512,2023-10-03,1598.39
233,102,2023-12-01,216.66
234,488,2023-07-17,2008.28
235,353,2023-02-10,3597.51
236,665,2023-12-24,2391.42
237,458,2023-06-10,2059.28
238,432,2025-04-08,362.94
239,352,2024-04-12,2373.7
240,661,2025-03-20,2367.09
241,989,2025-07-11,2732.24
242,964,2023-06-13,298.84
243,66,2025-08-27,1457.22
244,87,2025-03-09,1054.17
245,130,2023-09-26,3108.37
246,562,2025-06-30,1347.36
247,612,2025-07-24,2208.37
248,453,2024-09-22,982.65
249,536,2023-10-07,1338.6
250,970,2025-09-04,754.87
251,816,2023-01-15,3904.18
252,662,2025-03-09,2317.43
253,827,2024-07-10,1332.03
254,874,2023-05-21,1552.05
255,467,2025-07-16,961.71
256,156,2023-04-12,3865.78
257,239,2023-07-04,1058.6
258,431,2024-09-30,1877.4
259,273,2025-03-14,576.46
260,186,2024-01-29,2265.47
261,790,2025-06-26,649.03
262,753,2023-07-12,2200.15
263,44,2025-12-02,599.86
264,654,2024-09-03,405.09
265,997,2023-08-20,717.17
266,172,2024-07-19,3637.42
267,159,2025-01-30,237.32
268,512,2023-07-07,2877.9
269,129,2025-09-26,1597.7
270,825,2025-06-17,1477.74
271,742,2023-10-03,1716.7
272,556,2025-09-30,1226.0
273,332,2025-08-17,1066.55
274,461,2024-08-28,1704.65
275,389,2024-01-15,286.52
276,795,2024-05-04,841.06
277,537,2025-10-15,2719.69
278,675,2023-05-17,97.88
279,895,2023-03-06,385.2
280,33,2025-03-06,2334.56
281,621,2023-05-26,41.7
282,504,2023-06-13,2227.82
283,60,2024-06-28,2154.88
284,545,2025-02-28,922.92
285,584,2024-01-02,3625.66
286,720,2025-05-24,237.9
287,564,2025-04-02,1949.35
288,866,2025-01-31,1948.99
289,559,2024-03-14,1798.0
290,1,2023-03-12,1361.32
291,308,2024-03-30,1565.3
292,942,2025-11-13,2286.08
293,911,2024-05-26,690.26
294,410,2024-03-21,279.7
295,812,2025-09-15,1395.36
296,840,2023-07-15,1608.65
297,901,2025-06-08,2642.56
298,797,2025-02-22,39.39
299,43,2024-10-15,2330.5
300,403,2025-07-01,1805.19
301,85,2025-09-01,3055.92
302,134,2023-10-04,2665.78
303,631,2025-12-09,902.58
304,332,2023-07-03,181.08
305,434,2025-01-18,1323.48
306,789,2024-09-16,1377.21
307,150,2025-06-21,158.92
308,702,2025-02-04,483.69
309,758,2023-04-22,777.41
310,352,2023-08-16,1774.65
311,551,2024-03-09,802.72
312,495,2023-10-17,1278.03
313,928,2025-12-14,299.93
314,62,2024-08-04,1108.6
315,477,2023-01-18,1099.02
316,278,2025-01-07,932.54
317,889,2025-03-02,1334.86
318,926,2024-10-08,2051.12
319,949,2023-02-14,711.96
320,313,2024-11-14,2180.47
321,641,2024-09-11,368.88
322,264,2025-03-03,964.94
323,231,2023-11-07,1127.65
324,534,2024-04-10,2077.63
325,556,2023-09-27,2101.92
326,701,2024-02-19,857.19
327,932,2023-10-04,1686.11
328,546,2023-08-31,1123.65
329,784,2024-10-14,1834.02
330,798,2024-01-20,97.88
331,27,2024-06-30,2095.1
332,138,2025-10-25,2200.57
333,198,2024-04-08,126.7
334,948,2024-07-06,1285.0
335,888,2025-09-30,1278.21
336,753,2025-02-18,1718.88
337,538,2023-03-20,3278.43
338,572,2025-03-04,2648.04
339,171,2025-05-15,1415.68
340,850,2025-07-14,419.55
341,116,2024-01-04,2260.27
342,605,2024-02-18,2270.52
343,751,2023-09-11,768.0
344,461,2025-01-13,1235.34
345,394,2025-11-13,2968.46
346,167,2023-10-24,351.9
347,316,2024-09-25,2277.64
348,784,2024-06-02,922.84
349,876,2025-10-18,3525.92
350,453,2023-06-12,2693.92
351,190,2023-10-31,593.02
352,38,2023-10-25,271.62
353,859,2024-09-03,851.45
354,689,2024-08-05,2970.14
355,369,2023-03-15,59.52
356,331,2025-01-24,1172.46
357,125,2024-07-16,1403.74
358,60,2023-08-12,2717.0
359,438,2024-10-10,1391.23
360,577,2025-10-13,1773.44
361,122,2023-02-19,1232.06
362,342,2024-12-17,1626.08
363,519,2024-10-25,768.0
364,342,2024-11-30,1457.91
365,945,2025-09-08,3325.9
366,918,2024-11-17,2164.64
367,324,2023-02-08,694.16
368,68,2023-11-02,2980.69
369,585,2025-03-08,1474.72
370,879,2024-10-06,777.16
371,89,2025-10-14,719.74
372,538,2024-09-11,588.08
373,936,2023-07-09,3051.26
374,895,2025-12-08,2264.78
375,136,2024-02-25,922.84
376,731,2025-12-05,395.32
377,955,2023-04-01,3425.36
378,592,2024-10-01,686.19
379,284,2025-12-26,837.72
380,162,2024-07-14,250.62
381,574,2025-11-18,41.7
382,359,2024-10-14,2035.63
383,73,2024-09-29,2544.79
384,393,2023-04-21,78.7
385,184,2025-07-02,2692.34
386,135,2023-07-10,1973.38
387,238,2024-04-03,835.2
388,188,2024-11-07,1276.63
389,360,2025-09-07,3416.61
390,106,2025-04-10,372.51
391,666,2023-05-26,1308.96
392,636,2024-05-14,3381.16
393,581,2024-12-01,2102.51
394,118,2025-08-06,1296.21
395,72,2023-08-11,1519.16
396,909,2023-01-01,1604.8
397,299,2025-03-09,1690.05
398,941,2025-06-09,1088.89
399,868,2023-09-19,1216.99
400,574,2025-01-05,451.22
401,241,2025-06-03,1546.14
402,679,2023-12-22,2364.17
403,894,2023-09-15,464.59
404,148,2025-09-23,3575.77
405,639,2024-01-04,471.08
406,435,2023-01-16,2644.38
407,35,2023-03-19,2123.17
408,749,2025-12-14,1938.21
409,252,2025-08-25,627.57
410,553,2024-10-01,2818.47
411,752,2024-11-09,3851.39
412,745,2024-06-17,93.2
413,593,2023-12-13,1541.0
414,518,2023-06-07,1127.32
415,15,2023-08-17,2402.14
416,242,2025-09-20,1104.46
417,991,2023-10-25,3030.0
418,653,2023-12-09,344.54
419,658,2024-06-25,372.93
420,476,2025-03-27,2592.14
421,723,2025-03-09,3054.11
422,695,2024-10-08,1837.19
423,344,2024-07-07,1337.36
424,792,2024-05-10,1913.04
425,689,2023-01-18,167.08
426,101,2025-12-11,418.38
427,360,2024-03-25,1091.97
428,59,2024-03-20,2888.17
429,823,2024-01-14,482.67
430,260,2024-08-26,2312.49
431,789,2024-10-24,935.08
432,398,2024-11-12,503.5
433,183,2025-06-21,192.52
434,625,2025-03-15,584.69
435,554,2025-06-02,950.19
436,733,2024-06-14,280.9
437,73,2024-05-28,3253.37
438,400,2024-06-29,1504.59
439,4,2025-11-21,2187.31
440,394,2025-09-14,378.06
441,958,2025-01-05,1408.35
442,93,2025-01-18,2833.77
443,41,2025-02-25,742.89
444,646,2025-01-05,855.48
445,26,2024-05-03,2717.07
446,990,2023-02-03,421.39
447,346,2023-03-29,2733.66
448,153,2024-04-22,842.7
449,145,2025-09-28,794.04
450,47,2024-05-12,398.95
451,927,2024-09-21,1384.26
452,175,2023-05-11,512.0
453,610,2024-03-27,562.02
454,346,2025-04-03,1840.82
455,857,2024-03-12,402.4
456,344,2023-05-10,105.76
457,776,2025-04-30,1780.09
458,450,2024-05-13,1627.0
459,7,2023-01-15,763.98
460,909,2024-08-04,1292.16
461,536,2025-07-11,1743.77
462,512,2023-06-30,1768.24
463,121,2025-12-21,286.52
464,884,2025-11-05,1438.29
465,214,2024-07-20,170.38
466,816,2023-11-02,948.25
467,292,2024-03-05,1999.87
468,54,2023-12-27,1483.03
469,73,2024-04-26,1770.14
470,236,2023-08-14,888.21
471,385,2024-03-27,794.04
472,497,2023-04-22,1500.67
473,469,2024-02-02,1208.84
474,583,2023-05-03,1769.93
475,779,2024-12-04,1493.6
476,976,2023-12-15,1438.2
477,286,2023-01-30,1370.03
478,936,2023-01-11,1864.97
479,404,2025-09-08,111.16
480,247,2023-06-20,1307.89
481,664,2023-07-05,1060.23
482,313,2023-11-28,2422.98
483,416,2024-01-14,924.69
484,73,2025-02-27,2533.28
485,969,2024-02-29,286.52
486,754,2023-04-23,2605.65
487,376,2023-12-25,2202.27
488,665,2025-09-06,3087.08
489,697,2025-05-16,1745.38
490,514,2025-12-14,794.04
491,545,2025-12-27,928.6
492,193,2025-07-26,725.88
493,920,2024-01-02,1334.32
494,152,2025-10-13,117.12
495,301,2025-05-03,2388.4
496,65,2023-02-15,935.18
497,593,2024-12-03,2056.38
498,456,2025-07-26,334.91
499,496,2025-01-31,1787.16
500,980,2023-12-07,2444.62
501,166,2024-05-02,915.66
502,589,2023-09-17,2217.16
503,325,2024-12-05,1051.82
504,547,2024-09-09,860.34
505,954,2025-10-19,672.34
506,994,2025-11-05,2155.74
507,683,2023-10-29,2385.69
508,565,2023-08-28,1255.91
509,95,2024-10-30,1110.96
510,200,2025-12-14,135.52
511,86,2025-07-01,113.66
512,200,2025-10-01,1655.6
513,152,2025-05-25,1563.92
514,316,2025-07-01,1260.42
515,994,2025-05-18,1799.09
516,889,2025-12-11,1152.69
517,420,2024-07-13,1488.87
518,853,2025-02-20,1939.5
519,506,2025-08-07,825.49
520,308,2025-08-25,889.53
521,915,2024-08-12,1397.79
522,505,2023-05-17,2519.1
523,998,2023-09-02,332.24
524,596,2023-04-30,1082.43
525,366,2023-12-01,777.16
526,430,2024-12-30,765.28
527,543,2023-06-07,2281.11
528,894,2024-10-09,2066.79
529,548,2024-12-21,1058.88
530,382,2025-09-20,853.71
531,815,2025-12-12,1922.02
532,946,2023-02-05,1316.05
533,782,2024-12-01,502.07
534,835,2023-08-31,915.68
535,233,2024-09-21,209.66
536,708,2023-08-17,932.54
537,776,2025-06-02,281.01
538,34,2025-11-17,2858.46
539,802,2023-09-11,1406.8
540,965,2024-07-22,4204.83
541,70,2023-07-22,1416.39
542,997,2023-07-22,326.68
543,715,2024-01-15,2714.04
544,234,2025-04-14,702.94
545,127,2025-08-12,75.42
546,508,2025-01-09,1677.83
547,119,2025-02-27,2157.38
548,232,2025-04-14,925.2
549,184,2023-01-27,1834.68
550,123,2023-10-21,1869.19
551,999,2024-02-12,1173.59
552,743,2025-10-19,1597.14
553,775,2025-03-30,1821.4
554,286,2023-10-29,1929.62
555,31,2023-07-23,335.36
556,695,2023-02-24,2018.67
557,157,2024-09-12,1615.31
558,678,2025-10-16,1619.67
559,441,2023-09-01,1106.8
560,571,2024-09-12,1189.54
561,733,2025-03-07,2564.11
562,553,2025-08-20,1802.15
563,995,2025-02-12,1379.03
564,858,2025-01-20,1450.73
565,100,2025-05-26,1295.92
566,254,2024-04-25,1400.88
567,346,2023-12-14,93.34
568,39,2025-08-01,1964.43
569,23,2024-10-10,1159.11
570,211,2024-11-19,2129.87
571,993,2025-06-11,815.52
572,220,2024-08-11,1289.64
573,761,2023-07-08,3139.3
574,356,2023-06-07,1542.15
575,205,2025-04-28,1847.82
576,643,2025-11-23,1600.48
577,986,2025-08-15,856.22
578,642,2023-05-03,3274.22
579,421,2024-10-14,109.33
580,867,2025-04-24,2210.26
581,242,2025-04-11,733.5
582,252,2024-09-27,1597.89
583,280,2023-10-07,503.5
584,675,2023-12-27,279.7
585,802,2023-02-10,725.88
586,617,2024-09-02,253.4
587,688,2023-07-04,2833.33
588,535,2025-12-11,2235.77
589,338,2025-03-09,147.68
590,180,2024-03-14,1802.69
591,547,2025-02-06,632.76
592,434,2025-08-30,1193.3
593,733,2025-01-23,2753.74
594,819,2023-04-22,1046.14
595,655,2025-01-13,46.67
596,879,2025-06-25,874.45
597,881,2023-11-25,755.81
598,843,2025-10-03,964.12
599,268,2025-11-02,951.98
600,617,2024-10-31,3578.57
601,455,2023-10-06,269.61
602,644,2024-09-17,1268.83
603,731,2023-09-24,2291.92
604,608,2024-11-01,1427.14
605,898,2025-02-11,2757.74
606,269,2023-12-12,808.83
607,440,2024-06-16,1139.16
608,121,2023-01-29,2638.43
609,969,2024-06-29,1747.24
610,615,2024-03-17,716.65
611,812,2023-10-26,765.28
612,242,2025-07-12,1489.29
613,470,2023-06-25,264.68
614,893,2024-10-24,2426.46
615,263,2023-05-30,482.47
616,54,2024-11-12,2222.01
617,991,2023-04-04,899.79
618,635,2025-02-19,664.64
619,595,2024-01-03,1066.53
620,92,2024-10-11,2637.66
621,370,2025-05-30,1703.99
622,447,2023-12-04,1719.2
623,652,2025-06-20,170.38
624,56,2024-04-15,826.48
625,723,2025-08-14,4065.5
626,469,2025-10-06,139.85
627,127,2024-12-16,27.8
628,185,2023-12-11,2151.59
629,427,2023-06-07,576.81
630,909,2024-11-04,1353.66
631,697,2023-09-07,1175.5
632,851,2025-09-09,1435.57
633,638,2025-07-16,488.42
634,290,2024-10-23,346.17
635,561,2025-02-20,539.22
636,183,2024-05-06,1377.49
637,771,2023-11-12,260.22
638,821,2025-06-04,1627.22
639,853,2025-01-22,2303.68
640,775,2025-05-15,1844.0
641,42,2025-11-17,2922.93
642,159,2025-10-11,2780.48
643,153,2023-09-19,740.25
644,565,2023-06-06,56.83
645,523,2025-05-20,1495.82
646,600,2023-06-17,1432.55
647,427,2024-09-01,2871.16
648,828,2024-06-26,2322.78
649,893,2023-08-06,893.42
650,489,2025-07-31,2395.15
651,370,2025-03-19,644.93
652,836,2023-02-02,902.04
653,149,2024-05-10,642.76
654,433,2023-02-14,237.9
655,757,2025-06-30,1335.16
656,850,2025-03-13,179.75
657,106,2025-06-03,2406.34
658,500,2025-03-29,1612.69
659,63,2025-12-17,118.05
660,324,2023-05-11,1688.39
661,962,2024-12-11,3014.68
662,353,2025-06-16,1013.61
663,348,2025-08-17,1427.62
664,983,2025-05-03,782.0
665,768,2023-06-26,958.85
666,966,2025-10-08,1293.97
667,903,2024-06-18,907.21
668,346,2025-05-31,143.26
669,124,2024-04-03,2497.66
670,874,2025-11-21,2680.42
671,801,2023-07-28,1272.49
672,300,2025-06-23,2030.41
673,450,2025-05-01,474.64
674,350,2024-08-10,3524.73
675,156,2025-12-20,1624.25
676,371,2023-03-02,1908.11
677,323,2025-04-02,1212.51
678,677,2023-11-06,1331.03
679,567,2024-09-15,1675.87
680,718,2025-04-07,2224.45
681,354,2025-04-08,1218.93
682,343,2025-03-09,439.07
683,96,2025-11-13,2082.72
684,265,2024-05-09,309.5
685,862,2025-02-02,1526.17
686,964,2023-09-13,1216.21
687,596,2025-12-28,2909.42
688,387,2025-11-30,950.55
689,198,2025-01-09,787.63
690,436,2023-09-24,1915.91
691,573,2025-11-28,2513.45
692,750,2025-05-03,594.09
693,729,2025-07-26,392.05
694,712,2024-03-11,1833.32
695,873,2025-04-16,903.9
696,586,2024-08-16,75.42
697,121,2025-01-30,1176.91
698,146,2025-05-13,26.26
699,221,2024-01-10,1975.55
700,587,2024-09-26,2227.73
701,472,2025-07-10,2297.13
702,397,2024-04-21,2894.75
703,91,2023-12-06,413.67
704,816,2024-09-24,4853.85
705,535,2024-01-23,1245.32
706,806,2024-02-26,387.83
707,827,2025-12-28,2311.06
708,25,2025-12-17,1154.7
709,173,2024-08-07,723.9
710,315,2025-04-14,596.83
711,28,2023-04-30,884.5
712,265,2025-02-08,372.93
713,246,2024-04-29,1670.97
714,476,2025-04-13,353.41
715,418,2024-04-23,1165.74
716,987,2023-07-27,1536.88
717,312,2025-04-13,750.3
718,801,2024-05-17,3208.42
719,1,2023-05-04,2592.86
720,600,2025-11-11,1592.03
721,308,2023-07-03,3300.02
722,626,2025-10-30,1901.21
723,280,2024-05-18,1753.39
724,936,2023-10-01,740.64
725,5,2023-01-20,1827.51
726,501,2025-03-15,3230.76
727,996,2025-02-09,1681.18
728,456,2023-01-20,2091.15
729,944,2025-01-02,760.46
730,828,2024-03-28,508.97
731,505,2024-03-04,843.03
732,406,2023-08-16,768.35
733,676,2023-12-26,402.4
734,764,2023-05-14,629.81
735,747,2024-07-15,2113.92
736,546,2024-06-01,2921.7
737,281,2023-09-07,2701.34
738,941,2025-05-10,1487.14
739,232,2025-05-17,237.32
740,169,2024-11-05,357.2
741,828,2023-02-19,1495.49
742,533,2024-04-29,1258.8
743,635,2025-06-17,93.2
744,593,2023-09-13,215.49
745,387,2024-10-03,97.88
746,942,2025-06-24,390.33
747,642,2025-06-03,578.04
748,58,2023-04-17,1865.41
749,886,2023-01-22,2057.17
750,961,2023-02-23,1168.71
751,731,2023-05-19,1201.45
752,636,2025-06-29,641.45
753,131,2024-09-30,2947.96
754,481,2024-09-24,3567.29
755,244,2025-11-04,1900.94
756,488,2025-08-15,1525.27
757,466,2023-03-28,1282.18
758,245,2025-09-11,614.37
759,372,2023-01-21,475.99
760,569,2023-08-24,1458.77
761,600,2025-01-07,430.17
762,203,2024-08-04,1110.56
763,348,2024-05-18,1213.55
764,933,2023-07-27,238.37
765,389,2023-08-16,963.0
766,677,2023-12-17,2326.37
767,388,2025-02-05,720.7
768,602,2024-01-23,4057.84
769,908,2025-09-28,1226.34
770,630,2023-05-13,1269.51
771,384,2025-10-18,3189.71
772,486,2024-07-03,1417.21
773,406,2024-03-23,1167.15
774,564,2023-06-23,1555.74
775,532,2024-12-21,1702.19
776,637,2024-11-19,2260.92
777,392,2023-02-20,1194.18
778,78,2025-01-05,1147.92
779,526,2023-06-10,707.19
780,560,2024-02-15,1578.01
781,836,2024-07-16,1222.7
782,758,2024-06-18,59.52
783,289,2024-12-10,2732.63
784,780,2023-11-02,1537.9
785,805,2025-08-17,2523.82
786,450,2025-07-10,2830.13
787,855,2024-12-27,1479.04
788,551,2024-09-05,994.69
789,976,2024-11-07,1959.97
790,193,2025-08-30,539.25
791,986,2025-07-13,1335.14
792,33,2025-09-27,423.97
793,72,2025-03-01,901.1
794,466,2023-04-28,793.72
795,161,2023-08-15,846.61
796,71,2025-03-07,223.56
797,838,2025-08-30,1154.31
798,208,2025-10-26,2360.52
799,827,2024-05-20,2603.59
800,662,2025-07-23,1578.66
801,426,2024-05-25,424.04
802,394,2024-01-11,3621.8
803,683,2023-05-17,1589.29
804,378,2023-06-06,103.2
805,420,2025-07-12,913.69
806,474,2023-02-24,327.99
807,692,2025-08-03,1799.32
808,118,2023-10-07,1323.09
809,85,2024-05-11,1029.86
810,182,2024-08-25,140.01
811,401,2023-12-11,90.54
812,694,2024-07-13,834.7
813,732,2023-03-12,4295.91
814,919,2023-07-30,1935.5
815,786,2024-02-18,647.21
816,17,2025-05-13,167.08
817,841,2024-01-29,286.27
818,817,2023-12-10,1624.58
819,836,2024-10-31,2005.15
820,405,2025-05-26,158.92
821,109,2024-12-31,881.68
822,399,2024-03-11,1639.91
823,69,2024-03-23,2742.06
824,176,2024-05-30,706.72
825,647,2025-03-06,984.24
826,326,2025-09-14,179.75
827,624,2025-07-08,919.09
828,239,2023-02-13,1596.64
829,141,2025-02-06,2129.18
830,946,2025-06-27,1950.91
831,811,2025-04-29,2422.97
832,249,2024-02-26,3787.68
833,330,2024-01-11,989.5
834,145,2024-02-23,873.75
835,852,2024-02-23,1192.02
836,479,2024-09-29,701.87
837,181,2024-05-24,1602.71
838,884,2025-09-12,21.44
839,387,2023-12-10,1538.13
840,21,2025-02-20,2890.7
841,180,2024-06-10,3225.43
842,74,2024-11-13,425.75
843,939,2024-01-24,250.62
844,748,2025-02-05,1855.62
845,657,2023-05-26,1717.57
846,790,2024-12-14,2065.09
847,754,2024-05-20,1549.52
848,724,2023-02-27,1614.46
849,151,2024-06-04,1275.31
850,13,2023-08-28,1176.51
851,939,2025-02-26,1430.32
852,259,2024-09-10,2005.87
853,652,2024-12-06,1427.09
854,408,2024-09-22,475.8
855,2,2023-07-18,1258.8
856,428,2025-12-11,1383.76
857,721,2023-10-03,1001.53
858,462,2024-03-11,1058.52
859,829,2024-01-28,878.61
860,171,2023-06-13,2055.79
861,31,2024-04-25,1181.99
862,682,2023-03-27,324.99
863,811,2023-01-15,2760.16
864,440,2024-11-20,1684.73
865,409,2025-02-14,2560.59
866,27,2023-09-09,4280.44
867,528,2025-04-26,504.65
868,649,2025-01-07,174.46
869,695,2025-06-28,1318.2
870,628,2023-06-16,641.18
871,395,2024-08-24,1836.44
872,816,2023-06-28,1134.32
873,494,2024-05-08,1038.69
874,92,2023-08-05,1598.76
875,264,2025-09-02,90.54
876,945,2025-12-30,2285.12
877,352,2025-02-11,2152.13
878,298,2023-06-29,285.84
879,759,2024-01-21,275.78
880,131,2024-10-03,1005.69
881,868,2025-03-05,1047.47
882,605,2024-03-30,60.94
883,552,2025-08-01,2702.24
884,151,2024-08-03,1129.05
885,614,2024-10-17,2276.85
886,490,2024-03-17,2370.54
887,869,2024-04-05,419.6
888,878,2025-09-25,1582.71
889,695,2025-08-27,1855.55
890,290,2024-02-04,1602.82
891,671,2023-12-02,2688.38
892,753,2023-01-19,942.8
893,974,2025-05-24,527.3
894,184,2023-04-18,170.49
895,347,2025-06-07,233.05
896,35,2023-09-01,699.44
897,611,2023-12-20,1408.72
898,282,2025-06-30,1047.49
899,657,2025-11-09,2606.01
900,492,2024-07-14,402.4
901,394,2025-09-18,836.23
902,190,2025-04-10,182.82
903,838,2025-12-21,940.32
904,989,2023-08-29,625.96
905,569,2025-07-04,2107.32
906,166,2023-06-29,3832.22
907,434,2023-01-01,1305.99
908,675,2025-12-29,2424.77
909,552,2025-11-11,865.96
910,243,2023-03-17,621.0
911,617,2024-03-18,1775.42
912,391,2023-12-01,3026.7
913,209,2023-05-25,2341.68
914,578,2025-11-13,2480.56
915,277,2023-09-13,1951.47
916,797,2024-07-13,392.03
917,387,2024-03-31,2750.49
918,98,2025-12-19,3077.45
919,102,2023-04-09,836.77
920,354,2025-12-24,3537.4
921,160,2023-09-16,1530.07
922,55,2025-01-28,1587.7
923,469,2024-01-10,3359.78
924,903,2024-04-13,517.63
925,650,2023-06-12,68.76
926,968,2023-07-11,784.36
927,293,2025-10-06,118.05
928,521,2023-10-07,2319.01
929,15,2024-01-25,322.14
930,720,2025-12-30,1232.1
931,44,2025-07-07,1066.58
932,180,2023-06-03,1469.77
933,389,2023-12-16,1758.54
934,298,2024-09-04,2623.48
935,223,2024-09-16,2257.27
936,306,2024-12-25,395.32
937,912,2024-01-17,2579.21
938,527,2023-11-11,2893.55
939,405,2025-02-05,534.83
940,450,2025-06-18,2164.37
941,6,2025-01-05,682.38
942,137,2025-03-19,1911.37
943,273,2023-09-01,2194.14
944,514,2025-03-07,448.68
945,160,2024-12-05,2792.7
946,9,2025-06-08,2157.0
947,747,2025-11-13,448.84
948,718,2024-05-21,2550.33
949,186,2024-01-22,1512.55
950,952,2023-10-27,1788.75
951,314,2024-04-18,882.13
952,523,2025-05-24,130.11
953,276,2025-01-14,1013.06
954,187,2023-03-25,1118.79
955,763,2024-10-20,1696.48
956,104,2025-06-01,984.9
957,312,2023-08-17,90.54
958,700,2023-09-24,1332.36
959,381,2024-05-02,544.59
960,645,2023-09-04,1207.2
961,838,2024-01-26,167.32
962,965,2024-12-03,1988.3
963,158,2023-03-31,1264.41
964,259,2024-12-12,309.85
965,495,2025-05-08,1767.51
966,63,2024-01-25,960.55
967,394,2025-03-10,1224.57
968,607,2023-01-19,2652.82
969,275,2023-09-01,1316.64
970,299,2023-03-22,615.65
971,658,2024-05-24,814.67
972,356,2025-01-25,1284.24
973,419,2024-08-26,728.2
974,989,2024-07-26,2298.6
975,889,2023-08-06,2054.58
976,226,2024-10-26,285.35
977,238,2025-06-07,1621.03
978,190,2023-12-27,570.58
979,664,2024-07-31,13.13
980,907,2023-12-30,1087.95
981,466,2025-04-04,419.55
982,141,2023-01-25,2414.8
983,789,2023-06-21,890.85
984,556,2024-11-24,281.01
985,492,2025-06-28,206.01
986,250,2023-04-25,2476.37
987,106,2025-11-13,1888.92
988,362,2024-08-10,1726.59
989,843,2023-08-19,1852.11
990,342,2023-08-31,1561.41
991,544,2024-11-16,3002.78
992,897,2023-08-01,1565.59
993,808,2023-01-05,1012.62
994,152,2025-03-10,2141.41
995,149,2023-07-05,1103.22
996,507,2025-05-18,1892.19
997,393,2025-05-07,4108.28
998,796,2024-03-25,630.26
999,3,2024-02-21,32.16
1000,486,2023-10-01,430.98
1001,370,2023-10-13,1636.87
1002,848,2024-04-04,346.17
1003,121,2023-10-21,2055.05
1004,679,2023-06-01,1671.55
1005,79,2023-01-26,4351.13
1006,972,2024-09-05,1938.46
1007,114,2023-11-16,392.17
1008,619,2023-12-22,1227.25
1009,514,2024-09-18,122.47
1010,535,2025-02-12,1017.33
1011,58,2024-03-24,3168.06
1012,321,2025-04-09,1905.06
1013,107,2023-06-09,1149.42
1014,167,2023-08-07,324.99
1015,12,2024-09-25,950.43
1016,247,2024-07-05,378.06
1017,46,2025-09-17,745.86
1018,96,2024-09-24,951.98
1019,982,2025-03-26,2119.14
1020,340,2025-04-14,2949.55
1021,298,2023-11-27,1558.2
1022,96,2024-04-19,1098.72
1023,165,2025-10-24,1385.03
1024,369,2025-06-01,483.21
1025,397,2024-05-04,536.17
1026,581,2025-10-15,83.54
1027,785,2024-09-25,2049.4
1028,591,2025-01-14,1153.36
1029,485,2024-06-08,2153.09
1030,411,2025-04-17,1721.96
1031,424,2025-11-02,2481.19
1032,717,2023-01-17,768.0
1033,584,2025-03-28,572.54
1034,896,2025-08-04,879.66
1035,480,2025-12-31,1835.26
1036,412,2024-11-04,421.84
1037,619,2025-09-22,1052.57
1038,286,2025-07-19,288.23
1039,972,2025-08-20,543.65
1040,33,2025-02-17,21.44
1041,485,2024-03-13,108.33
1042,976,2025-05-16,557.59
1043,281,2025-04-09,390.33
1044,463,2025-05-09,2013.78
1045,204,2024-12-16,1785.99
1046,935,2025-03-07,1447.41
1047,204,2023-06-09,2592.57
1048,155,2025-07-28,1120.29
1049,417,2024-06-22,1246.63
1050,224,2024-01-20,2919.87
1051,215,2024-01-27,2833.07
1052,665,2025-07-22,1659.66
1053,470,2025-05-27,1524.47
1054,391,2024-08-06,1186.48
1055,666,2023-02-03,3314.04
1056,516,2023-03-08,1399.71
1057,118,2024-02-05,4277.75
1058,8,2025-02-06,1456.86
1059,271,2024-09-21,1002.25
1060,810,2025-02-05,2194.38
1061,198,2025-03-16,275.78
1062,132,2025-03-10,1019.75
1063,448,2024-04-18,111.74
1064,517,2023-08-31,1285.37
1065,27,2025-06-14,139.8
1066,157,2023-02-26,3055.16
1067,650,2025-01-03,908.15
1068,199,2024-05-17,1516.21
1069,24,2023-07-31,1384.26
1070,126,2023-08-08,702.97
1071,80,2025-10-09,185.06
1072,76,2025-09-23,41.7
1073,430,2025-02-07,264.26
1074,926,2024-01-01,4296.56
1075,6,2023-11-21,3061.07
1076,780,2023-11-09,266.72
1077,336,2023-10-11,1157.58
1078,275,2024-07-14,2374.93
1079,764,2025-10-12,1737.37
1080,288,2025-03-15,493.05
1081,320,2023-12-06,664.74
1082,434,2024-07-10,1042.2
1083,581,2024-12-23,381.02
1084,260,2025-04-19,1936.76
1085,118,2024-01-04,939.31
1086,673,2025-01-31,1332.33
1087,705,2023-01-23,1044.39
1088,68,2025-02-28,1713.99
1089,285,2023-06-03,2409.15
1090,822,2025-10-08,2276.29
1091,335,2025-02-23,742.05
1092,660,2023-01-10,2478.71
1093,661,2023-02-03,264.68
1094,850,2025-04-30,1048.29
1095,570,2024-10-03,1755.62
1096,991,2023-09-06,766.11
1097,143,2023-08-04,910.96
1098,196,2025-01-25,2383.53
1099,338,2025-02-16,2327.94
1100,130,2024-10-15,1322.91
1101,458,2023-09-08,2962.13
1102,232,2023-07-08,1278.25
1103,856,2024-05-11,700.54
1104,62,2024-03-11,90.54
1105,480,2025-02-27,577.72
1106,834,2025-12-16,1596.78
1107,225,2025-01-14,873.27
1108,434,2023-12-03,1114.91
1109,763,2023-08-14,1389.11
1110,30,2025-09-02,2186.15
1111,407,2025-10-25,1204.8
1112,665,2025-02-22,2530.24
1113,506,2025-11-28,1166.97
1114,55,2023-03-15,1879.82
1115,415,2025-03-13,1010.22
1116,805,2024-02-21,1565.65
1117,4,2023-07-13,1120.14
1118,757,2024-09-17,924.62
1119,171,2024-01-19,2533.12
1120,343,2023-02-12,893.66
1121,779,2023-01-20,1559.88
1122,581,2024-08-18,463.38
1123,794,2023-07-12,390.33
1124,344,2025-07-15,2317.67
1125,470,2023-01-28,1264.8
1126,496,2023-08-19,771.75
1127,421,2024-03-27,963.52
1128,592,2025-06-01,1135.0
1129,111,2024-07-14,2463.37
1130,968,2024-07-19,2213.33
1131,855,2023-09-09,2820.76
1132,151,2025-08-13,1374.18
1133,681,2023-11-30,1171.62
1134,42,2024-03-21,2081.63
1135,441,2024-12-22,745.86
1136,142,2024-12-18,275.1
1137,731,2024-07-08,980.55
1138,941,2023-06-15,1647.48
1139,653,2025-03-02,1547.23
1140,447,2024-10-22,1792.66
1141,313,2023-06-25,1324.0
1142,802,2025-06-13,1212.39
1143,453,2024-10-03,2631.19
1144,935,2023-02-24,2410.71
1145,383,2023-09-18,3001.48
1146,474,2025-11-26,3078.45
1147,100,2024-08-18,4419.6
1148,735,2023-04-19,1698.93
1149,991,2025-10-11,1097.18
1150,309,2024-09-28,577.56
1151,705,2024-02-16,167.68
1152,157,2023-09-05,1437.96
1153,949,2023-09-07,2177.78
1154,842,2025-06-18,3217.39
1155,175,2025-11-13,2818.77
1156,282,2025-03-12,2109.87
1157,469,2023-09-04,2794.82
1158,44,2024-12-27,1179.04
1159,10,2023-11-21,1076.16
1160,526,2023-05-09,2025.52
1161,737,2024-11-25,1854.46
1162,939,2025-09-17,3435.36
1163,539,2024-06-14,1820.52
1164,357,2025-04-06,457.83
1165,873,2023-11-22,229.24
1166,957,2025-09-02,1243.09
1167,922,2023-12-23,2130.14
1168,868,2023-05-30,1470.79
1169,716,2025-07-09,1754.18
1170,449,2024-08-08,455.47
1171,834,2025-12-18,635.97
1172,983,2023-07-17,1089.16
1173,793,2025-04-15,4461.06
1174,195,2024-02-29,3002.19
1175,386,2023-05-26,908.71
1176,554,2024-11-08,572.54
1177,945,2024-05-29,1333.82
1178,248,2025-11-26,1324.56
1179,960,2024-06-22,561.8
1180,432,2024-06-18,531.22
1181,210,2024-11-06,630.26
1182,75,2023-03-14,1748.54
1183,909,2025-09-07,528.43
1184,37,2025-10-14,2160.8
1185,793,2024-02-06,3279.17
1186,713,2023-09-14,1996.9
1187,926,2025-01-23,1090.28
1188,95,2023-01-21,1418.61
1189,47,2023-01-31,429.46
1190,450,2024-01-05,2446.08
1191,300,2023-09-23,1906.1
1192,723,2025-01-01,1039.56
1193,799,2024-08-22,1989.3
1194,555,2025-10-28,745.86
1195,923,2025-04-21,2663.29
1196,216,2023-09-09,2174.32
1197,666,2025-07-18,932.54
1198,857,2023-03-11,980.26
1199,286,2025-02-25,1976.04
1200,189,2025-06-01,2009.66
1201,830,2024-03-19,1264.17
1202,850,2025-06-07,1806.78
1203,955,2024-08-11,2097.34
1204,764,2024-05-02,462.14
1205,88,2024-05-26,3231.06
1206,257,2023-01-26,39.39
1207,677,2024-10-19,1315.42
1208,478,2023-03-17,1054.54
1209,594,2023-06-12,823.05
1210,265,2024-07-19,1719.39
1211,893,2023-04-12,552.51
1212,701,2025-11-03,1831.22
1213,266,2024-06-11,476.74
1214,554,2023-04-02,1913.7
1215,209,2024-10-29,2331.94
1216,622,2025-01-07,1842.66
1217,32,2023-11-25,2233.63
1218,624,2024-03-09,1912.5
1219,730,2024-12-05,919.06
1220,744,2023-11-04,2971.73
1221,646,2025-05-06,4588.14
1222,325,2024-07-05,903.17
1223,249,2025-01-11,1595.18
1224,710,2024-05-08,912.72
1225,937,2025-01-11,1655.93
1226,251,2025-04-14,2513.85
1227,432,2025-10-31,901.2
1228,922,2024-01-04,2738.81
1229,761,2023-07-26,1776.43
1230,171,2023-05-30,937.22
1231,363,2023-09-19,2400.21
1232,606,2023-08-09,641.91
1233,943,2024-12-27,719.45
1234,138,2024-01-11,3726.65
1235,389,2024-10-18,1298.14
1236,506,2024-11-29,378.06
1237,919,2025-12-11,1827.42
1238,904,2024-03-07,864.08
1239,170,2023-08-31,1015.7
1240,962,2024-06-15,1355.43
1241,773,2023-12-12,353.36
1242,983,2024-02-04,192.52
1243,379,2024-02-21,462.59
1244,851,2025-07-18,801.62
1245,506,2024-06-22,808.26
1246,750,2023-08-27,2007.53
1247,161,2025-11-04,1841.34
1248,796,2023-06-01,2434.55
1249,195,2023-03-14,237.32
1250,601,2025-02-09,1038.76
1251,156,2025-09-19,625.05
1252,204,2023-07-01,2248.67
1253,728,2023-12-31,753.27
1254,270,2025-02-17,3111.35
1255,685,2025-09-20,1444.39
1256,225,2023-08-19,666.17
1257,119,2023-12-27,2012.89
1258,793,2025-09-17,1970.53
1259,221,2025-04-17,964.94
1260,268,2024-10-12,1098.51
1261,746,2024-03-24,1147.45
1262,587,2023-12-08,2193.05
1263,21,2023-02-13,2195.63
1264,51,2025-11-28,57.39
1265,859,2025-03-21,852.82
1266,424,2024-03-17,2188.56
1267,44,2023-11-18,1839.76
1268,35,2024-07-11,1278.03
1269,411,2023-09-26,1885.53
1270,426,2023-02-11,1038.51
1271,620,2023-11-07,261.69
1272,812,2025-03-12,766.9
1273,525,2023-02-17,1871.63
1274,591,2025-08-23,1741.71
1275,292,2025-12-28,4256.82
1276,464,2024-04-03,1397.16
1277,319,2024-11-11,1135.42
1278,174,2024-03-01,3715.31
1279,741,2024-04-21,59.52
1280,259,2025-04-23,2362.51
1281,579,2025-04-12,1165.74
1282,215,2025-09-27,3518.74
1283,880,2023-06-16,118.05
1284,80,2025-02-08,665.55
1285,767,2023-09-06,639.72
1286,907,2025-05-18,1998.08
1287,409,2023-01-19,3616.66
1288,536,2024-10-22,3642.32
1289,975,2025-01-30,2898.04
1290,537,2025-08-28,421.84
1291,184,2023-11-04,887.4
1292,551,2025-07-28,886.05
1293,69,2024-12-18,2307.16
1294,314,2025-01-22,2545.2
1295,157,2023-07-30,656.51
1296,105,2023-09-17,3744.92
1297,893,2025-08-27,435.56
1298,94,2023-10-28,767.26
1299,80,2023-04-17,1189.79
1300,484,2024-10-31,2009.91
1301,387,2025-02-28,1878.28
1302,979,2023-12-07,2462.01
1303,712,2024-05-28,964.94
1304,668,2024-12-14,892.5
1305,355,2025-05-18,1130.79
1306,384,2024-01-02,562.02
1307,370,2025-12-13,1200.12
1308,97,2025-01-25,1297.7
1309,282,2025-09-07,3375.2
1310,844,2023-03-04,2425.34
1311,769,2023-08-01,332.08
1312,628,2023-11-10,558.7
1313,58,2025-06-27,210.92
1314,879,2024-07-22,1055.38
1315,341,2024-10-10,1224.35
1316,15,2025-04-05,1330.91
1317,86,2023-12-20,2712.42
1318,651,2023-01-07,1950.36
1319,582,2023-06-26,2582.78
1320,989,2023-02-11,467.28
1321,472,2023-06-16,248.58
1322,766,2023-09-29,1395.35
1323,144,2024-10-08,2247.22
1324,451,2024-06-25,385.04
1325,593,2025-01-14,1462.29
1326,852,2023-12-16,328.7
1327,160,2024-03-07,3205.4
1328,565,2024-07-04,56.83
1329,265,2024-03-22,2004.79
1330,144,2025-08-14,2320.81
1331,645,2025-01-04,87.54
1332,487,2024-11-16,1304.63
1333,479,2024-01-17,1076.13
1334,468,2025-06-09,2120.88
1335,695,2025-04-01,2235.35
1336,437,2024-07-05,2666.72
1337,204,2023-10-13,265.9
1338,317,2023-10-17,1697.48
1339,152,2024-02-15,143.24
1340,242,2024-02-21,1800.45
1341,489,2023-11-23,1343.26
1342,218,2025-08-25,1613.41
1343,782,2023-10-01,2168.02
1344,547,2023-05-27,755.33
1345,907,2023-12-31,696.32
1346,843,2023-01-04,1496.31
1347,217,2024-09-10,1945.06
1348,319,2025-03-03,1982.66
1349,855,2023-08-06,2169.57
1350,165,2024-10-15,430.58
1351,466,2023-01-24,1095.51
1352,760,2023-08-26,2370.06
1353,805,2024-01-02,1241.22
1354,971,2024-06-12,502.19
1355,446,2023-04-10,2847.61
1356,703,2025-01-26,1215.2
1357,274,2024-01-02,2386.7
1358,652,2023-03-14,2116.31
1359,548,2023-07-13,1188.06
1360,442,2024-07-16,1709.0
1361,583,2025-07-27,427.94
1362,382,2023-03-20,1250.81
1363,392,2025-11-15,1264.17
1364,768,2024-09-10,4248.45
1365,905,2023-06-12,2192.06
1366,875,2024-05-14,996.24
1367,485,2024-03-16,2874.7
1368,47,2025-03-27,927.96
1369,417,2024-02-29,753.27
1370,133,2024-07-16,1362.03
1371,231,2023-02-07,1573.13
1372,624,2025-08-01,2537.13
1373,349,2024-10-16,2480.8
1374,546,2023-12-15,2184.4
1375,575,2024-12-08,41.7
1376,543,2025-01-26,2431.91
1377,31,2023-11-16,2277.8
1378,762,2025-10-02,519.35
1379,622,2023-09-10,60.94
1380,217,2023-08-15,2474.61
1381,770,2024-03-21,1324.2
1382,906,2024-10-12,1544.9
1383,410,2024-08-13,93.34
1384,782,2025-08-08,562.86
1385,669,2025-05-06,1950.32
1386,635,2025-10-27,1060.08
1387,750,2025-04-17,372.51
1388,256,2023-12-07,2561.13
1389,566,2025-11-13,1471.8
1390,896,2024-05-05,586.82
1391,136,2024-08-23,430.17
1392,592,2025-08-02,2263.28
1393,657,2023-08-16,1804.7
1394,694,2025-04-12,3615.55
1395,663,2025-12-29,717.42
1396,848,2023-05-03,400.16
1397,734,2025-11-13,3099.9
1398,174,2025-01-20,1812.79
1399,338,2023-06-01,2150.34
1400,456,2024-11-08,1931.54
1401,535,2024-08-13,572.54
1402,578,2025-01-12,610.14
1403,487,2025-06-19,1641.47
1404,300,2025-02-25,1446.43
1405,152,2023-01-25,565.37
1406,489,2023-12-15,3338.71
1407,384,2025-02-13,2044.94
1408,685,2023-05-13,327.2
1409,624,2023-09-02,2414.57
1410,935,2023-01-25,1368.21
1411,520,2023-05-18,803.32
1412,458,2025-12-06,1011.89
1413,707,2024-05-16,706.27
1414,42,2024-06-28,1696.71
1415,213,2024-04-11,1195.99
1416,476,2023-07-21,1951.43
1417,203,2023-07-24,2890.76
1418,738,2025-06-25,1425.86
1419,1,2024-05-30,2686.31
1420,527,2024-08-04,1308.8
1421,575,2025-10-27,1020.02
1422,327,2025-11-09,1570.71
1423,948,2025-06-26,365.19
1424,782,2024-04-19,129.46
1425,785,2025-12-22,1376.43
1426,332,2023-11-17,90.7
1427,625,2023-11-18,1645.15
1428,276,2024-04-13,1189.06
1429,745,2024-12-25,271.7
1430,6,2025-04-07,253.4
1431,662,2023-10-14,1869.55
1432,263,2024-08-26,1226.73
1433,574,2024-02-13,389.72
1434,110,2023-06-02,379.65
1435,965,2025-08-20,1258.8
1436,400,2025-09-24,1057.92
1437,61,2023-07-27,218.66
1438,283,2025-01-26,3351.41
1439,424,2023-11-07,1337.31
1440,576,2023-06-30,2238.66
1441,837,2024-08-19,404.13
1442,892,2024-10-04,777.68
1443,480,2024-04-11,1668.79
1444,766,2023-02-17,1688.24
1445,406,2025-09-23,411.78
1446,935,2025-11-15,1841.35
1447,810,2025-10-04,786.47
1448,579,2023-07-08,1582.74
1449,196,2023-05-30,1653.16
1450,187,2024-11-26,2050.05
1451,301,2023-01-14,2024.81
1452,691,2024-10-30,3121.69
1453,194,2023-10-31,437.1
1454,547,2023-03-22,1167.89
1455,892,2024-10-07,113.95
1456,168,2025-05-18,455.93
1457,899,2025-06-19,426.01
1458,455,2024-03-03,1954.76
1459,835,2023-09-13,444.99
1460,936,2025-11-23,43.77
1461,124,2025-09-28,2297.86
1462,262,2025-11-07,461.42
1463,8,2025-02-17,1571.52
1464,308,2024-04-14,889.53
1465,830,2025-03-09,1499.23
1466,182,2023-01-19,1507.92
1467,482,2023-03-21,353.36
1468,888,2024-08-23,581.38
1469,959,2025-11-28,268.31
1470,901,2023-08-13,1405.23
1471,414,2025-02-03,821.77
1472,911,2025-08-21,87.23
1473,936,2025-04-14,576.46
1474,781,2025-12-11,140.09
1475,919,2024-04-01,251.09
1476,116,2025-09-01,2060.25
1477,488,2025-08-19,800.43
1478,685,2023-07-17,1528.38
1479,825,2023-10-20,621.39
1480,735,2025-04-07,788.53
1481,748,2024-09-08,1955.85
1482,592,2024-06-30,366.39
1483,149,2023-03-12,1686.53
1484,856,2024-05-02,433.45
1485,493,2025-09-17,571.85
1486,465,2024-06-22,3371.15
1487,350,2025-09-25,2628.58
1488,658,2023-02-22,1897.96
1489,895,2024-12-12,1774.25
1490,408,2025-11-12,700.08
1491,204,2024-12-25,4399.56
1492,236,2025-12-23,463.39
1493,170,2024-04-08,742.31
1494,286,2023-04-11,1899.89
1495,739,2024-09-06,427.94
1496,726,2024-09-30,372.13
1497,61,2025-04-20,844.3
1498,401,2023-11-23,1169.3
1499,144,2025-04-02,419.55
1500,600,2023-11-07,2057.91
1501,779,2024-11-01,109.33
1502,534,2024-09-29,1346.56
1503,555,2025-07-19,1471.77
1504,897,2024-07-11,852.02
1505,116,2025-08-13,1734.04
1506,106,2023-07-01,3264.91
1507,108,2024-07-27,989.01
1508,857,2024-05-29,1304.06
1509,600,2025-10-10,2204.22
1510,107,2025-09-26,2491.73
1511,859,2023-07-21,3521.57
1512,835,2025-03-17,1319.49
1513,808,2025-06-20,2010.56
1514,930,2023-02-22,1397.93
1515,969,2024-11-04,765.28
1516,822,2023-02-28,2373.89
1517,803,2023-04-08,1514.84
1518,572,2024-10-21,2405.55
1519,632,2024-04-11,437.31
1520,321,2025-10-15,1266.95
1521,877,2025-09-21,801.54
1522,17,2023-08-17,532.44
1523,658,2024-08-29,1847.21
1524,613,2025-04-08,2637.59
1525,137,2025-02-27,174.46
1526,629,2023-06-18,1820.23
1527,684,2024-07-14,487.53
1528,854,2024-03-24,1217.52
1529,149,2023-01-26,1738.88
1530,570,2024-01-29,2635.7
1531,268,2025-01-15,1194.83
1532,366,2023-06-07,1572.18
1533,593,2023-09-21,154.8
1534,488,2024-10-04,370.32
1535,738,2024-12-14,4093.28
1536,447,2023-05-13,2379.95
1537,666,2023-04-28,1670.41
1538,67,2024-07-19,2895.68
1539,221,2025-07-14,1297.05
1540,584,2025-11-06,2447.99
1541,55,2025-01-03,3505.85
1542,200,2024-05-24,3691.04
1543,92,2023-07-12,2601.37
1544,142,2024-12-04,109.45
1545,725,2025-05-31,1684.87
1546,233,2024-12-20,842.78
1547,770,2023-07-12,3137.34
1548,2,2025-12-19,395.32
1549,394,2024-09-19,378.06
1550,384,2023-05-23,729.8
1551,187,2024-03-23,1995.36
1552,182,2025-06-21,580.7
1553,638,2023-03-21,3534.77
1554,922,2023-07-24,3011.45
1555,852,2025-03-07,1216.5
1556,246,2025-10-02,997.05
1557,939,2025-09-10,1899.32
1558,545,2025-12-04,2360.51
1559,782,2024-02-10,441.51
1560,503,2023-02-18,2498.14
1561,806,2024-08-11,411.78
1562,193,2023-07-02,1967.04
1563,322,2023-04-09,3549.02
1564,757,2025-11-07,1438.29
1565,914,2024-03-29,630.71
1566,656,2023-02-01,426.01
1567,922,2023-08-27,882.75
1568,847,2024-04-12,2120.6
1569,637,2024-06-12,1031.29
1570,936,2024-07-12,1216.77
1571,260,2023-01-22,2050.7
1572,73,2023-08-23,87.54
1573,69,2024-01-11,2488.1
1574,294,2024-08-06,2463.68
1575,131,2025-11-27,529.36
1576,112,2023-08-17,647.24
1577,781,2023-05-19,1328.72
1578,757,2023-10-20,1806.12
1579,326,2023-03-31,2591.59
1580,401,2025-02-17,434.24
1581,189,2024-02-03,724.56
1582,864,2024-05-18,4136.69
1583,67,2025-04-19,1736.82
1584,924,2023-08-01,1475.69
1585,60,2025-03-04,3455.43
1586,844,2025-09-02,3577.42
1587,503,2024-05-27,2092.4
1588,901,2025-01-07,2826.33
1589,179,2025-03-06,882.39
1590,148,2023-03-29,1547.67
1591,214,2025-04-11,1673.7
1592,346,2024-10-29,1793.22
1593,583,2024-02-03,2421.6
1594,145,2025-08-21,864.69
1595,464,2024-09-07,3076.89
1596,443,2024-01-05,2854.89
1597,764,2023-11-16,1695.4
1598,134,2025-09-23,1963.74
1599,693,2023-07-18,362.94
1600,9,2023-04-19,1251.67
1601,981,2024-03-12,654.04
1602,487,2024-11-24,772.97
1603,164,2023-11-08,2109.12
1604,420,2023-11-21,2534.47
1605,932,2025-06-30,414.93
1606,139,2025-02-19,2259.46
1607,954,2025-06-22,2921.8
1608,908,2025-01-27,148.33
1609,640,2024-09-06,2968.61
1610,812,2023-06-20,3506.09
1611,174,2025-01-17,779.49
1612,327,2023-12-08,296.51
1613,718,2024-09-19,2316.77
1614,778,2025-07-27,539.25
1615,33,2023-09-25,1722.85
1616,37,2024-07-07,544.67
1617,966,2024-12-10,979.56
1618,936,2025-07-10,181.08
1619,883,2025-11-08,466.27
1620,826,2023-08-08,576.27
1621,158,2024-04-30,213.97
1622,741,2023-01-28,2026.69
1623,647,2024-11-08,165.85
1624,58,2023-10-12,709.11
1625,736,2023-07-07,1495.53
1626,239,2024-03-06,161.07
1627,397,2024-10-18,2784.73
1628,750,2023-05-06,1233.83
1629,900,2024-01-23,482.67
1630,193,2024-01-19,1437.93
1631,304,2025-04-24,2098.63
1632,671,2024-05-30,794.06
1633,353,2023-05-04,4374.27
1634,91,2024-10-14,3077.35
1635,860,2024-10-15,3015.3
1636,560,2024-01-25,1116.1
1637,362,2025-04-19,1493.83
1638,430,2023-02-20,1058.77
1639,410,2025-01-18,1495.53
1640,928,2023-12-20,826.37
1641,17,2025-03-12,2378.45
1642,311,2024-07-22,1088.7
1643,512,2025-06-05,801.58
1644,723,2025-09-03,3045.16
1645,647,2023-11-21,793.63
1646,125,2023-09-23,2650.31
1647,19,2025-07-04,1228.04
1648,932,2024-10-02,2218.21
1649,989,2024-10-21,2236.43
1650,321,2025-11-12,366.34
1651,639,2024-10-20,823.56
1652,474,2024-06-28,111.16
1653,797,2024-01-31,1153.57
1654,229,2023-01-07,2278.05
1655,980,2024-10-17,1986.12
1656,124,2024-08-28,87.23
1657,537,2025-10-29,1216.67
1658,268,2024-02-23,1673.15
1659,660,2025-05-13,664.16
1660,795,2023-10-30,2000.53
1661,960,2024-07-14,1996.24
1662,132,2024-10-23,451.95
1663,889,2024-10-30,3106.41
1664,662,2024-10-25,1555.48
1665,580,2023-03-22,1101.82
1666,536,2023-12-01,1115.7
1667,347,2023-06-16,3717.84
1668,427,2025-03-21,508.98
1669,163,2023-08-25,2068.62
1670,25,2023-04-18,811.24
1671,777,2024-04-21,911.46
1672,397,2025-03-21,113.66
1673,505,2023-02-18,1575.94
1674,597,2025-10-03,1319.49
1675,83,2025-01-23,2271.55
1676,273,2025-02-05,2671.73
1677,403,2023-09-02,2568.21
1678,789,2025-04-10,935.97
1679,824,2023-08-07,1897.44
1680,766,2024-09-03,1065.02
1681,56,2024-04-15,1338.56
1682,512,2025-03-06,1323.94
1683,575,2024-08-07,379.82
1684,874,2023-03-05,1953.31
1685,100,2023-04-20,1733.93
1686,78,2024-07-27,1052.76
1687,270,2025-07-24,1683.84
1688,812,2023-03-04,1469.29
1689,712,2024-07-13,1793.27
1690,709,2023-11-10,624.92
1691,31,2023-03-18,2419.21
1692,65,2024-07-29,1476.14
1693,279,2024-01-21,439.34
1694,46,2025-06-10,2385.13
1695,377,2025-07-23,1962.46
1696,150,2024-10-18,878.76
1697,356,2024-08-21,1721.53
1698,556,2025-04-15,1880.58
1699,947,2025-01-04,1674.54
1700,941,2023-10-25,2725.05
1701,84,2025-05-08,154.8
1702,43,2025-11-30,137.89
1703,261,2023-12-04,641.86
1704,120,2024-10-28,866.72
1705,591,2024-12-20,2734.22
1706,855,2024-01-21,51.6
1707,508,2023-10-23,545.2
1708,248,2025-04-11,411.46
1709,17,2023-03-05,1793.72
1710,260,2025-07-15,78.7
1711,678,2025-04-05,1448.01
1712,308,2024-12-03,1416.21
1713,630,2023-03-27,2768.38
1714,882,2025-02-24,1251.25
1715,390,2023-03-21,1761.94
1716,742,2023-07-12,3022.02
1717,318,2025-07-13,292.55
1718,701,2023-09-20,2747.96
1719,714,2025-03-05,2599.06
1720,924,2025-07-14,1812.25
1721,113,2023-11-14,562.02
1722,498,2024-05-25,1099.02
1723,827,2023-12-28,3150.44
1724,235,2025-06-29,48.16
1725,143,2023-09-28,3091.86
1726,920,2025-01-24,2600.23
1727,67,2023-06-28,1873.73
1728,929,2023-10-09,430.17
1729,89,2024-01-18,339.04
1730,571,2024-06-22,1857.77
1731,238,2024-02-19,1602.72
1732,401,2023-01-23,636.6
1733,273,2025-12-22,130.11
1734,328,2024-05-14,908.25
1735,177,2025-03-05,1944.14
1736,490,2025-11-17,126.02
1737,253,2025-04-26,916.47
1738,892,2024-10-18,1801.73
1739,857,2024-04-05,1391.93
1740,662,2023-11-19,857.56
1741,792,2023-06-03,2411.2
1742,792,2023-03-23,1338.5
1743,857,2024-10-31,1277.41
1744,712,2023-10-09,2666.9
1745,647,2023-05-09,1756.76
1746,321,2024-10-25,592.8
1747,197,2024-11-17,2485.95
1748,912,2023-10-13,1170.87
1749,329,2024-02-23,2371.82
1750,253,2024-02-26,3734.92
1751,278,2025-07-29,3472.43
1752,4,2023-05-17,2062.45
1753,598,2024-07-21,3106.0
1754,488,2025-06-14,1942.92
1755,868,2023-05-24,655.17
1756,948,2025-05-16,1459.64
1757,11,2023-08-17,671.98
1758,237,2024-03-27,2351.46
1759,599,2024-10-10,1336.92
1760,632,2023-02-05,842.43
1761,998,2024-07-06,1354.85
1762,170,2023-12-22,298.44
1763,688,2024-09-23,939.63
1764,419,2025-06-28,2472.95
1765,211,2025-10-03,3392.78
1766,859,2025-06-24,2948.06
1767,807,2025-04-07,638.5
1768,281,2024-05-24,1803.93
1769,958,2024-05-14,166.74
1770,820,2023-02-14,2317.02
1771,457,2025-05-18,997.02
1772,357,2024-04-13,615.88
1773,875,2025-11-25,2262.44
1774,95,2023-04-13,1737.52
1775,146,2025-06-11,1386.96
1776,69,2024-04-19,143.26
1777,587,2023-12-27,527.17
1778,828,2024-02-05,1165.23
1779,567,2025-01-25,524.17
1780,806,2023-01-18,1909.2
1781,517,2023-04-27,1809.0
1782,855,2025-01-22,2088.66
1783,656,2023-03-28,426.01
1784,1,2024-08-11,3361.02
1785,414,2025-12-11,3571.38
1786,770,2024-05-29,2074.55
1787,863,2024-09-03,740.64
1788,392,2025-02-08,1305.25
1789,221,2025-06-10,569.14
1790,665,2024-09-10,2706.8
1791,478,2025-08-10,575.35
1792,971,2023-10-26,765.28
1793,55,2024-12-18,3330.97
1794,565,2025-09-04,353.41
1795,361,2024-11-09,64.73
1796,104,2023-10-26,2946.04
1797,414,2024-11-15,2616.18
1798,905,2025-06-16,3563.13
1799,580,2025-11-02,955.0
1800,339,2025-06-19,2107.32
1801,283,2025-03-18,587.94
1802,200,2025-05-06,1753.31
1803,168,2023-03-18,943.26
1804,948,2025-10-07,1088.82
1805,471,2024-12-02,2913.73
1806,681,2024-10-30,3008.11
1807,232,2023-02-15,2136.89
1808,53,2024-09-07,1166.04
1809,476,2023-11-10,1448.01
1810,518,2025-01-13,1608.67
1811,167,2025-09-12,839.2
1812,949,2023-04-27,2494.91
1813,122,2024-09-22,638.5
1814,416,2025-05-30,1590.98
1815,345,2023-11-23,2215.7
1816,554,2025-05-27,1887.43
1817,34,2023-10-01,1136.47
1818,586,2023-06-29,475.8
1819,339,2023-07-24,164.35
1820,41,2023-01-01,536.74
1821,274,2024-08-19,2643.84
1822,659,2025-11-20,1462.59
1823,230,2024-08-04,121.88
1824,681,2023-11-30,1735.88
1825,429,2024-04-26,352.78
1826,721,2023-11-14,362.94
1827,602,2023-08-30,248.26
1828,741,2023-05-31,871.37
1829,736,2025-09-13,3184.08
1830,310,2024-03-05,939.13
1831,51,2023-03-06,2979.65
1832,803,2024-10-24,2208.33
1833,889,2024-01-12,475.8
1834,426,2023-07-10,3834.17
1835,981,2024-07-23,703.67
1836,790,2023-01-19,1330.77
1837,108,2025-09-15,3598.32
1838,544,2025-03-11,3519.88
1839,561,2024-08-17,4244.67
1840,486,2025-05-04,1988.53
1841,308,2023-03-21,509.78
1842,272,2023-01-09,1718.92
1843,822,2024-07-14,2989.24
1844,509,2024-03-13,3656.89
1845,182,2024-02-15,418.38
1846,82,2024-11-04,819.68
1847,954,2024-06-12,1023.73
1848,426,2023-11-28,271.12
1849,709,2023-05-21,477.5
1850,874,2023-01-07,754.96
1851,117,2025-07-13,1548.33
1852,126,2025-09-12,2733.26
1853,19,2023-06-26,43.77
1854,351,2023-11-25,2618.2
1855,812,2025-06-04,113.66
1856,218,2023-12-10,614.51
1857,766,2023-05-18,1431.1
1858,790,2025-07-26,1461.51
1859,4,2024-12-28,181.08
1860,665,2024-11-24,2103.76
1861,534,2023-08-27,3178.22
1862,325,2024-05-18,468.66
1863,962,2024-09-06,1217.09
1864,288,2024-11-27,2659.78
1865,24,2023-02-23,1031.35
1866,618,2023-07-25,860.07
1867,188,2024-03-10,2295.18
1868,958,2024-08-31,1957.09
1869,342,2024-07-05,404.13
1870,97,2023-01-09,353.41
1871,481,2025-01-09,1738.25
1872,343,2023-12-11,1015.55
1873,646,2023-02-04,943.47
1874,245,2025-04-15,627.57
1875,897,2024-07-13,1986.07
1876,683,2025-03-06,1206.2
1877,415,2025-04-22,4458.86
1878,510,2023-01-03,808.83
1879,196,2024-06-02,1685.58
1880,123,2024-05-24,618.9
1881,763,2023-04-06,418.38
1882,137,2024-03-22,1498.87
1883,114,2023-01-29,822.51
1884,805,2023-09-10,2030.64
1885,282,2025-06-27,1091.11
1886,362,2024-01-21,490.8
1887,259,2023-01-07,1807.8
1888,424,2023-08-15,1499.09
1889,485,2025-12-20,804.8
1890,357,2024-09-12,728.76
1891,860,2025-09-03,1460.61
1892,661,2025-09-22,1799.58
1893,380,2025-12-05,1739.44
1894,765,2025-04-06,503.04
1895,981,2023-08-08,1351.01
1896,954,2025-12-21,627.33
1897,153,2023-02-10,1323.6
1898,2,2025-09-12,1657.27
1899,739,2025-05-20,2453.21
1900,686,2024-12-31,852.02
1901,640,2024-02-06,1164.0
1902,483,2024-05-08,3747.18
1903,918,2023-10-08,1042.36
1904,423,2025-12-31,578.04
1905,1000,2025-06-22,373.5
1906,380,2023-07-18,299.93
1907,941,2025-04-17,317.28
1908,603,2025-07-10,1407.09
1909,122,2023-07-11,1452.92
1910,488,2024-07-21,1927.99
1911,103,2023-07-01,1688.08
1912,570,2023-12-03,87.23
1913,643,2023-02-13,659.14
1914,751,2024-01-03,575.92
1915,472,2023-05-06,2209.34
1916,376,2024-09-05,1711.65
1917,384,2023-03-13,1527.17
1918,112,2025-06-09,1679.04
1919,533,2025-12-23,1949.53
1920,436,2023-12-19,1879.3
1921,303,2025-02-08,2342.74
1922,547,2023-08-20,2071.8
1923,552,2024-04-19,2064.18
1924,557,2023-06-01,492.95
1925,538,2023-07-11,654.64
1926,438,2025-10-01,2071.2
1927,92,2025-11-26,860.68
1928,739,2023-06-14,1607.83
1929,34,2023-01-24,1258.8
1930,708,2023-02-19,725.88
1931,169,2023-06-16,272.6
1932,493,2023-07-21,2528.25
1933,737,2023-11-03,2204.06
1934,297,2024-08-21,1997.28
1935,591,2025-09-03,297.7
1936,845,2024-08-14,3055.29
1937,46,2023-04-11,172.3
1938,908,2024-05-18,2757.66
1939,543,2023-11-04,2827.33
1940,234,2024-10-20,577.39
1941,385,2023-03-27,2474.72
1942,877,2025-07-31,3419.4
1943,63,2024-07-02,903.9
1944,259,2025-12-18,1447.41
1945,757,2023-01-11,963.81
1946,972,2025-08-28,2576.55
1947,66,2025-03-29,1429.93
1948,410,2024-08-27,639.93
1949,683,2024-09-21,1332.44
1950,740,2025-12-18,855.2
1951,842,2025-03-10,913.42
1952,888,2023-03-28,1285.59
1953,378,2024-11-27,2342.02
1954,316,2025-04-22,1456.3
1955,791,2024-04-07,332.08
1956,570,2025-10-22,2505.43
1957,705,2024-11-27,1147.92
1958,655,2023-04-28,451.26
1959,849,2025-12-13,1159.46
1960,228,2023-10-17,142.92
1961,729,2025-07-20,3178.43
1962,647,2024-02-10,1674.74
1963,876,2023-03-13,1088.82
1964,780,2025-10-31,1952.61
1965,738,2025-12-10,83.54
1966,214,2023-02-24,402.4
1967,343,2025-04-29,223.14
1968,858,2025-12-08,711.96
1969,387,2024-11-14,3007.67
1970,984,2025-04-30,429.78
1971,219,2025-03-13,1413.94
1972,619,2023-05-26,1235.34
1973,791,2024-08-10,576.46
1974,232,2024-04-18,2861.7
1975,175,2023-11-19,421.92
1976,246,2025-07-13,1103.32
1977,957,2023-03-16,468.69
1978,850,2025-01-21,839.2
1979,244,2025-10-05,2417.58
1980,765,2023-09-21,2617.0
1981,400,2025-03-25,3727.05
1982,218,2023-07-24,276.18
1983,365,2023-04-17,2737.1
1984,868,2025-09-20,3695.17
1985,298,2023-03-24,630.26
1986,918,2023-01-11,3060.42
1987,916,2025-12-18,584.53
1988,661,2025-02-05,2970.97
1989,621,2023-04-08,1688.67
1990,732,2025-07-16,2015.58
1991,639,2025-05-11,4356.87
1992,748,2025-07-23,150.84
1993,149,2025-01-19,2152.22
1994,791,2025-10-21,439.66
1995,190,2024-04-01,3807.4
1996,984,2023-04-23,3149.14
1997,121,2025-07-25,2845.09
1998,966,2024-04-12,2405.0
1999,142,2023-02-05,1159.51
2000,924,2025-06-08,2511.54
2001,558,2023-10-28,2070.16
2002,417,2023-05-30,1132.02
2003,101,2023-10-26,1657.18
2004,946,2023-09-04,1988.14
2005,247,2024-09-28,2425.46
2006,873,2025-11-18,1650.02
2007,207,2023-06-03,90.54
2008,834,2024-11-16,372.93
2009,385,2025-12-16,497.55
2010,286,2023-06-14,1094.41
2011,465,2025-04-15,272.86
2012,973,2025-06-26,1840.4
2013,277,2023-02-04,2187.61
2014,907,2023-10-14,1460.07
2015,569,2023-07-08,2079.51
2016,955,2023-05-17,2405.19
2017,69,2024-02-04,742.43
2018,960,2023-09-29,1273.93
2019,112,2025-08-14,1901.63
2020,1,2025-02-16,572.54
2021,244,2025-11-17,2617.71
2022,386,2023-09-06,275.07
2023,559,2024-08-30,2276.44
2024,331,2023-04-08,565.46
2025,997,2023-07-13,2411.79
2026,852,2023-07-28,2527.4
2027,526,2023-12-15,464.59
2028,95,2025-10-03,2308.35
2029,560,2024-11-27,1933.59
2030,249,2023-08-24,1820.14
2031,983,2023-02-16,3248.82
2032,950,2023-09-01,2429.3
2033,799,2023-10-28,10.72
2034,386,2023-10-22,86.15
2035,185,2024-04-03,732.22
2036,895,2025-01-19,839.2
2037,553,2025-07-05,418.38
2038,415,2023-11-04,226.26
2039,789,2023-12-23,137.89
2040,336,2025-03-25,4643.3
2041,241,2025-05-30,2158.57
2042,709,2024-04-15,2879.1
2043,306,2024-11-22,2108.18
2044,559,2025-11-05,1952.47
2045,241,2025-04-02,2598.13
2046,463,2024-07-16,2733.62
2047,507,2025-12-25,3394.5
2048,736,2023-11-12,708.18
2049,506,2023-03-20,2939.88
2050,378,2023-04-17,1064.8
2051,635,2024-11-10,1982.37
2052,181,2024-12-02,2613.54
2053,608,2025-03-18,2164.37
2054,191,2024-05-20,767.58
2055,868,2024-07-05,1341.38
2056,267,2023-06-13,1690.89
2057,183,2024-12-04,1725.98
2058,543,2025-01-27,858.81
2059,109,2025-03-12,2096.29
2060,980,2025-03-02,2244.2
2061,199,2024-09-19,1588.93
2062,49,2024-02-12,1712.48
2063,315,2023-06-30,1880.8
2064,110,2024-03-19,297.24
2065,488,2025-12-10,630.26
2066,459,2024-10-11,1398.81
2067,273,2023-11-03,451.22
2068,37,2024-12-25,2483.28
2069,971,2023-09-07,3421.09
2070,370,2023-09-23,994.05
2071,412,2023-11-30,1324.44
2072,60,2024-10-26,1537.49
2073,505,2024-11-22,2603.99
2074,988,2025-01-14,1109.84
2075,312,2023-09-01,545.2
2076,341,2023-02-22,655.49
2077,821,2024-09-20,889.31
2078,982,2024-04-29,1296.34
2079,71,2024-03-02,248.34
2080,493,2023-03-11,1520.64
2081,292,2025-11-30,2093.69
2082,434,2025-07-08,1806.64
2083,376,2025-11-21,783.3
2084,539,2024-03-23,976.43
2085,137,2024-01-25,97.88
2086,622,2023-10-21,93.2
2087,640,2023-07-09,1278.03
2088,9,2023-07-04,2218.42
2089,25,2025-12-26,853.56
2090,724,2023-06-28,3084.49
2091,997,2025-01-13,2800.02
2092,634,2023-07-04,3427.92
2093,402,2023-04-19,3448.13
2094,221,2024-02-11,923.84
2095,334,2024-01-08,1846.17
2096,220,2025-04-23,233.84
2097,674,2023-06-04,1520.05
2098,669,2025-01-14,714.35
2099,570,2024-09-22,2494.16
2100,755,2025-10-06,148.48
2101,965,2023-02-10,2847.81
2102,185,2025-07-04,1641.29
2103,340,2024-05-19,3366.99
2104,142,2025-11-28,1530.38
2105,771,2023-07-21,214.98
2106,884,2023-04-22,3527.49
2107,532,2025-10-28,3429.05
2108,684,2025-11-19,2011.5
2109,818,2023-03-24,1038.3
2110,945,2025-03-05,413.67
2111,329,2023-08-13,1880.2
2112,798,2023-11-02,2898.1
2113,204,2025-09-05,554.23
2114,844,2024-02-07,275.78
2115,482,2023-06-19,820.78
2116,624,2023-08-24,555.75
2117,750,2023-11-07,13.9
2118,121,2025-07-31,2335.44
2119,690,2023-07-02,512.0
2120,413,2023-08-03,1797.46
2121,739,2023-03-07,2560.87
2122,203,2024-03-14,1147.92
2123,198,2025-06-02,1622.03
2124,898,2024-09-09,2269.33
2125,700,2025-03-19,1907.94
2126,385,2023-09-21,402.4
2127,718,2025-01-21,2200.62
2128,2,2024-03-15,2729.82
2129,993,2025-07-18,981.78
2130,196,2025-05-18,1271.08
2131,781,2023-09-24,1185.42
2132,798,2023-11-16,981.78
2133,953,2023-04-21,1499.71
2134,285,2023-05-04,639.88
2135,737,2023-06-24,1161.42
2136,544,2023-08-08,1519.32
2137,8,2024-03-30,1164.69
2138,372,2025-04-10,696.96
2139,67,2025-01-29,2560.57
2140,969,2024-05-19,1900.44
2141,3,2023-08-15,482.47
2142,788,2023-08-31,2365.13
2143,409,2024-07-19,192.52
2144,434,2025-11-23,288.23
2145,530,2023-07-19,1832.09
2146,111,2024-12-02,449.67
2147,201,2025-11-07,253.4
2148,105,2024-05-19,1349.01
2149,235,2024-11-11,745.86
2150,370,2025-12-22,796.16
2151,721,2024-02-07,1398.81
2152,446,2024-01-08,1393.64
2153,721,2025-05-29,3617.41
2154,823,2024-02-15,2282.42
2155,600,2023-05-12,3146.5
2156,436,2023-07-25,628.75
2157,52,2025-07-04,3587.78
2158,600,2024-04-28,1996.99
2159,588,2023-01-07,530.14
2160,44,2024-06-07,3022.69
2161,542,2025-10-06,727.53
2162,605,2025-06-18,502.18
2163,618,2024-08-22,253.4
2164,979,2023-07-23,409.18
2165,497,2025-09-09,2613.46
2166,706,2025-11-21,2883.73
2167,843,2024-06-24,584.66
2168,220,2025-08-14,113.66
2169,840,2023-12-18,285.84
2170,57,2023-11-21,139.8
2171,643,2024-06-15,288.23
2172,241,2025-01-26,1351.89
2173,1000,2025-06-29,206.28
2174,516,2024-08-16,2311.84
2175,463,2024-12-30,1876.81
2176,177,2023-05-07,755.25
2177,48,2025-05-07,1085.44
2178,88,2024-09-05,2522.9
2179,837,2024-07-07,978.34
2180,926,2025-10-30,1318.89
2181,966,2025-09-04,388.58
2182,603,2024-12-27,774.09
2183,810,2025-05-17,951.98
2184,46,2025-10-09,3362.24
2185,342,2025-02-11,3221.1
2186,657,2025-03-26,710.63
2187,949,2025-05-13,2022.58
2188,272,2025-05-29,777.16
2189,524,2024-10-01,526.39
2190,575,2024-11-23,366.34
2191,164,2024-12-29,2256.95
2192,991,2024-03-30,1857.63
2193,43,2025-06-11,564.44
2194,771,2025-12-15,991.02
2195,308,2023-06-01,1170.4
2196,367,2023-12-01,287.77
2197,219,2025-08-31,2600.34
2198,524,2023-07-13,2916.83
2199,508,2023-10-24,1380.08
2200,33,2024-01-31,1197.88
2201,482,2025-09-18,89.28
2202,130,2024-06-13,2616.42
2203,888,2025-03-31,2078.4
2204,530,2023-08-03,410.69
2205,642,2025-02-10,1480.29
2206,825,2024-05-24,3243.25
2207,706,2023-07-04,2301.73
2208,114,2023-09-12,2431.11
2209,714,2025-02-20,439.83
2210,73,2025-08-29,118.05
2211,746,2023-05-07,1153.42
2212,213,2025-05-12,950.4
2213,528,2024-06-16,1586.37
2214,51,2023-02-20,2523.11
2215,943,2025-02-09,1978.49
2216,421,2023-04-13,1089.55
2217,434,2025-01-15,2427.18
2218,787,2024-10-15,562.74
2219,436,2023-09-25,1167.66
2220,803,2023-09-25,812.79
2221,297,2023-04-21,182.82
2222,343,2024-12-11,1369.41
2223,436,2023-11-25,748.61
2224,186,2025-07-14,1867.53
2225,628,2023-05-18,1949.65
2226,382,2025-10-27,278.09
2227,779,2023-01-31,794.04
2228,529,2025-03-22,1424.71
2229,610,2025-01-03,1543.07
2230,654,2025-05-20,1472.67
2231,114,2023-12-04,41.7
2232,258,2024-04-13,4116.12
2233,888,2025-12-26,1349.01
2234,359,2023-12-12,708.66
2235,688,2024-04-21,2063.28
2236,313,2025-01-22,1760.59
2237,866,2023-06-07,404.13
2238,158,2025-07-05,560.99
2239,699,2023-06-23,1664.07
2240,661,2023-12-07,2567.65
2241,840,2023-05-30,2562.11
2242,803,2025-03-03,1815.45
2243,651,2024-02-03,1099.02
2244,812,2024-04-15,871.11
2245,916,2024-04-14,448.93
2246,759,2023-08-01,1896.07
2247,354,2023-12-19,802.38
2248,55,2025-12-24,150.73
2249,487,2024-03-21,1833.3
2250,686,2024-10-18,745.53
2251,550,2025-07-23,1586.37
2252,601,2025-12-16,3682.82
2253,720,2023-09-30,724.55
2254,38,2023-07-03,2418.11
2255,665,2024-04-08,1498.22
2256,563,2025-10-20,60.94
2257,967,2024-03-06,245.91
2258,592,2024-03-10,942.84
2259,16,2024-01-15,345.99
2260,709,2025-12-05,2994.21
2261,612,2025-09-11,2159.6
2262,816,2023-07-10,1556.43
2263,666,2024-05-14,1207.2
2264,774,2023-04-08,1515.24
2265,323,2024-09-25,996.17
2266,792,2023-02-04,2810.0
2267,603,2025-02-15,2323.81
2268,400,2025-05-14,1023.78
2269,307,2023-06-27,111.74
2270,289,2023-01-04,2142.35
2271,481,2023-03-27,1568.84
2272,302,2023-10-16,915.01
2273,471,2023-02-01,3031.16
2274,699,2025-09-20,2365.56
2275,584,2025-07-19,1407.36
2276,442,2025-01-04,1300.27
2277,81,2023-01-12,2775.6
2278,499,2025-07-24,659.22
2279,304,2025-02-27,2776.81
2280,624,2025-04-04,887.09
2281,145,2025-09-04,1157.97
2282,903,2024-06-25,1939.54
2283,301,2025-02-02,3341.72
2284,145,2023-09-16,1995.47
2285,51,2023-05-10,1653.76
2286,217,2023-10-06,864.47
2287,336,2024-07-27,215.49
2288,498,2025-12-01,1738.2
2289,75,2025-03-08,2850.17
2290,772,2023-05-01,768.0
2291,381,2023-01-03,1646.6
2292,902,2023-03-31,1208.4
2293,45,2023-03-09,1964.66
2294,263,2023-06-27,1529.78
2295,817,2025-12-04,2034.33
2296,610,2024-06-10,874.64
2297,983,2025-11-20,1372.39
2298,85,2024-03-12,561.8
2299,341,2023-04-03,2686.77
2300,626,2025-04-05,1057.13
2301,914,2024-08-30,158.96
2302,537,2024-05-10,1803.24
2303,559,2025-06-10,692.34
2304,459,2024-02-01,2849.31
2305,991,2023-12-29,1216.46
2306,554,2023-04-08,1272.1
2307,52,2025-03-16,613.92
2308,984,2025-03-24,391.96
2309,845,2023-01-20,1390.42
2310,317,2023-02-26,3381.87
2311,20,2023-10-19,1730.11
2312,704,2023-12-29,1509.17
2313,636,2025-01-29,1021.34
2314,699,2023-12-29,1088.82
2315,139,2024-01-09,1935.39
2316,942,2023-04-14,210.92
2317,346,2024-03-15,2209.02
2318,603,2024-06-15,1488.37
2319,103,2025-06-26,1642.65
2320,51,2024-12-25,1866.01
2321,295,2024-03-18,699.93
2322,122,2023-01-07,916.49
2323,519,2024-08-05,641.91
2324,308,2023-07-12,2153.7
2325,914,2023-12-23,4393.06
2326,47,2025-01-10,2043.81
2327,660,2023-02-09,1348.69
2328,450,2025-09-04,2745.04
2329,274,2023-09-14,599.21
2330,315,2025-02-06,1327.86
2331,470,2025-02-11,303.92
2332,165,2024-12-13,427.94
2333,218,2025-02-16,556.63
2334,471,2024-06-05,708.54
2335,678,2023-11-03,585.67
2336,72,2023-02-01,137.89
2337,659,2025-05-13,475.99
2338,6,2025-04-27,2152.65
2339,814,2023-10-06,3926.18
2340,332,2024-01-17,713.7
2341,755,2025-05-17,1214.5
2342,688,2024-01-02,272.6
2343,469,2025-01-27,1426.72
2344,912,2023-02-20,1948.89
2345,7,2024-01-06,981.18
2346,663,2023-12-17,1427.97
2347,805,2023-09-12,1597.7
2348,792,2023-08-18,3402.68
2349,902,2024-10-02,3903.18
2350,530,2023-04-02,829.86
2351,940,2024-04-29,2586.79
2352,624,2023-11-13,1460.1
2353,527,2023-10-10,694.63
2354,2,2023-04-21,886.08
2355,550,2023-09-19,490.28
2356,259,2023-07-01,979.83
2357,947,2025-12-10,335.36
2358,998,2025-01-07,3764.36
2359,14,2023-09-19,109.33
2360,52,2024-07-21,579.91
2361,450,2025-10-16,1641.26
2362,199,2023-03-26,389.04
2363,908,2023-04-07,2115.73
2364,813,2024-04-17,2236.56
2365,136,2023-05-26,296.51
2366,613,2023-07-03,2017.31
2367,882,2023-11-22,3645.3
2368,69,2025-03-03,1499.19
2369,15,2025-10-23,21.44
2370,571,2025-01-24,2743.75
2371,953,2023-11-10,413.67
2372,824,2025-03-17,723.36
2373,308,2023-03-16,2088.42
2374,231,2025-05-03,903.01
2375,465,2024-01-24,970.58
2376,904,2023-08-29,382.64
2377,262,2024-03-19,2588.48
2378,273,2023-11-06,715.11
2379,871,2025-11-17,140.01
2380,505,2023-07-20,3200.34
2381,585,2025-02-17,1336.02
2382,738,2024-07-30,1186.13
2383,252,2024-06-17,553.5
2384,81,2025-01-19,3650.56
2385,939,2024-07-04,3669.93
2386,791,2024-11-18,651.7
2387,578,2025-08-25,1419.36
2388,986,2023-05-11,1147.06
2389,23,2023-01-17,842.43
2390,331,2025-01-30,1576.16
2391,140,2024-05-05,1144.14
2392,395,2023-09-08,2145.66
2393,201,2024-05-22,1014.18
2394,908,2024-09-24,968.61
2395,423,2024-03-26,2890.69
2396,749,2023-09-07,2836.24
2397,563,2025-07-03,964.94
2398,326,2023-11-17,279.89
2399,918,2023-12-27,3071.47
2400,50,2023-08-19,1954.94
2401,816,2024-11-30,1289.96
2402,136,2025-05-30,754.61
2403,286,2023-05-07,1054.41
2404,718,2025-01-01,405.38
2405,950,2025-01-22,458.08
2406,943,2023-11-08,770.37
2407,475,2024-02-04,39.35
2408,619,2024-09-08,410.49
2409,782,2025-03-26,1425.45
2410,638,2024-12-09,927.24
2411,28,2024-01-17,2256.31
2412,848,2024-03-12,1204.59
2413,710,2025-06-25,980.22
2414,618,2023-12-23,902.44
2415,874,2025-08-28,762.26
2416,434,2025-05-24,103.2
2417,996,2023-03-13,1606.73
2418,399,2025-10-16,1054.41
2419,827,2023-11-21,706.91
2420,504,2023-09-13,266.36
2421,866,2024-03-31,2838.5
2422,946,2024-06-20,2516.34
2423,215,2024-03-19,1603.98
2424,18,2023-08-06,5367.45
2425,836,2024-01-13,613.51
2426,387,2024-01-10,3582.74
2427,886,2024-05-16,392.17
2428,545,2023-04-24,523.59
2429,7,2025-09-21,1645.72
2430,332,2023-11-01,86.15
2431,226,2025-02-28,528.06
2432,804,2024-08-10,1296.92
2433,322,2024-07-20,2494.92
2434,676,2023-05-18,465.04
2435,580,2024-12-01,1750.06
2436,591,2025-02-08,1647.49
2437,823,2023-01-02,1066.13
2438,1000,2023-11-21,641.91
2439,888,2025-10-13,1212.39
2440,678,2023-07-03,655.04
2441,250,2025-05-30,3039.8
2442,486,2024-03-17,475.8
2443,503,2025-09-17,733.26
2444,449,2025-03-08,922.84
2445,713,2025-12-22,2482.23
2446,702,2024-09-24,1366.96
2447,789,2025-02-21,1841.04
2448,805,2024-11-16,610.87
2449,163,2023-09-05,4306.37
2450,656,2025-07-23,712.14
2451,431,2025-08-08,1486.74
2452,587,2025-07-06,1457.54
2453,264,2024-11-08,932.54
2454,251,2024-12-23,1562.98
2455,757,2025-03-01,536.42
2456,81,2023-08-14,2485.96
2457,712,2025-01-29,1899.8
2458,474,2025-04-26,169.46
2459,874,2024-10-05,3504.12
2460,424,2025-06-09,619.72
2461,764,2024-03-29,1337.24
2462,406,2024-05-15,1595.85
2463,899,2025-04-19,3688.56
2464,575,2023-12-17,1604.67
2465,513,2025-05-10,1160.19
2466,958,2024-03-23,862.31
2467,107,2023-01-17,1308.69
2468,309,2025-11-28,1506.78
2469,345,2025-08-25,2377.92
2470,869,2024-09-15,1946.05
2471,145,2024-12-29,404.13
2472,209,2025-08-03,2434.35
2473,195,2024-11-08,2982.76
2474,224,2023-05-21,680.48
2475,713,2024-11-01,2741.91
2476,50,2024-02-24,1315.21
2477,139,2023-03-10,367.02
2478,188,2024-06-26,1834.89
2479,732,2025-05-01,1213.93
2480,322,2023-10-16,3410.56
2481,996,2025-09-24,1769.99
2482,862,2024-10-14,477.5
2483,550,2025-01-20,43.77
2484,835,2024-07-28,1865.6
2485,206,2023-10-01,2318.07
2486,111,2024-03-17,242.46
2487,203,2024-06-03,2348.28
2488,803,2025-07-23,919.01
2489,625,2024-12-12,1576.13
2490,380,2024-03-07,362.94
2491,933,2024-04-17,1862.72
2492,940,2023-09-27,293.64
2493,304,2025-07-27,493.05
2494,817,2023-02-03,1384.26
2495,167,2023-12-01,1138.21
2496,450,2025-04-27,1446.02
2497,658,2025-10-11,1328.03
2498,948,2024-06-24,732.68
2499,656,2024-04-10,2340.1
2500,160,2024-10-10,3950.76
2501,937,2025-11-04,814.88
2502,193,2025-07-13,1009.5
2503,469,2025-11-17,945.39
2504,355,2025-05-01,2808.23
2505,613,2023-11-06,1812.62
2506,364,2023-12-31,1880.68
2507,969,2025-03-05,1243.38
2508,22,2025-01-08,1957.89
2509,696,2024-10-18,2072.6
2510,754,2023-01-04,4216.5
2511,614,2024-11-08,777.16
2512,22,2023-12-07,996.24
2513,700,2025-02-12,1891.34
2514,264,2024-01-08,653.59
2515,425,2024-04-22,1446.63
2516,164,2025-01-04,3776.67
2517,138,2023-02-26,644.98
2518,120,2023-05-27,481.45
2519,326,2024-10-08,3395.4
2520,177,2024-08-30,1414.17
2521,344,2024-06-14,1695.96
2522,110,2024-04-01,2391.44
2523,86,2023-12-29,344.82
2524,768,2024-08-29,1885.53
2525,512,2025-04-02,1497.71
2526,335,2024-06-20,1902.47
2527,182,2025-10-26,2519.53
2528,795,2025-03-05,2688.04
2529,742,2023-09-22,468.79
2530,626,2023-10-16,1578.3
2531,66,2023-04-04,597.09
2532,289,2025-09-21,1848.5
2533,603,2024-07-22,2529.12
2534,563,2023-02-10,572.54
2535,433,2025-04-19,261.69
2536,764,2023-12-11,215.49
2537,357,2024-02-07,1552.4
2538,406,2024-01-22,395.32
2539,647,2023-04-06,1545.53
2540,727,2023-01-04,1307.85
2541,676,2023-05-08,111.16
2542,547,2025-06-04,1337.77
2543,879,2024-04-10,1489.11
2544,915,2025-02-28,1276.89
2545,86,2025-11-01,886.59
2546,408,2025-07-20,474.64
2547,566,2024-09-16,197.66
2548,195,2023-11-14,2777.76
2549,749,2024-04-03,2708.15
2550,542,2025-09-03,861.15
2551,976,2025-09-14,2682.35
2552,846,2023-12-09,327.99
2553,536,2023-07-25,1169.66
2554,622,2025-06-29,1878.84
2555,594,2025-12-28,1121.66
2556,677,2025-10-15,802.34
2557,842,2023-11-05,3233.69
2558,891,2024-12-25,1889.66
2559,913,2023-11-29,1847.79
2560,644,2023-01-19,1528.76
2561,643,2025-08-31,989.46
2562,605,2024-09-15,702.94
2563,588,2025-03-22,3428.49
2564,697,2025-10-16,3293.76
2565,416,2024-07-18,56.83
2566,822,2025-10-29,1408.74
2567,532,2024-12-04,1015.11
2568,828,2025-12-28,852.02
2569,796,2025-12-29,503.5
2570,324,2023-01-21,637.3
2571,168,2025-03-27,1838.5
2572,297,2023-05-06,288.23
2573,278,2025-12-30,1129.45
2574,899,2024-01-25,359.5
2575,313,2024-04-30,1994.08
2576,15,2023-11-02,1929.73
2577,738,2025-03-10,2365.52
2578,934,2025-01-02,2916.27
2579,681,2024-08-25,1016.95
2580,122,2025-12-23,1752.27
2581,438,2025-02-01,372.93
2582,278,2024-08-28,1704.39
2583,496,2024-07-15,1100.39
2584,963,2023-03-21,2882.62
2585,447,2025-09-05,250.27
2586,962,2024-01-06,370.32
2587,340,2024-04-28,1112.33
2588,451,2023-03-02,2061.55
2589,296,2024-10-28,1491.5
2590,869,2024-04-19,2406.87
2591,224,2023-07-28,836.03
2592,759,2024-05-25,1347.19
2593,946,2023-10-21,1313.7
2594,750,2024-05-19,2974.85
2595,599,2024-09-17,1528.68
2596,880,2024-10-02,269.61
2597,515,2024-11-02,1279.39
2598,542,2023-04-07,1018.82
2599,315,2024-07-05,1091.24
2600,449,2025-12-19,2764.91
2601,720,2025-07-29,1137.89
2602,38,2024-11-13,634.39
2603,228,2024-02-04,411.78
2604,432,2023-06-20,272.6
2605,246,2025-12-03,2106.03
2606,362,2023-12-23,2016.06
2607,324,2023-05-09,2893.23
2608,335,2024-03-11,845.96
2609,525,2023-08-08,1164.55
2610,891,2025-02-20,2032.76
2611,829,2025-03-25,1229.46
2612,910,2025-02-09,3304.06
2613,707,2023-03-17,1118.79
2614,610,2024-11-27,2064.74
2615,168,2023-07-14,864.69
2616,420,2025-12-05,1971.26
2617,754,2025-11-19,2434.42
2618,175,2025-01-29,1212.9
2619,760,2023-08-16,4263.6
2620,624,2023-06-01,802.11
2621,655,2025-07-14,449.67
2622,949,2024-11-03,1864.83
2623,536,2025-03-12,2109.49
2624,350,2025-06-08,3308.55
2625,968,2024-11-20,2140.53
2626,456,2025-08-16,3016.14
2627,843,2025-02-04,139.8
2628,321,2025-10-30,2889.28
2629,690,2025-03-19,1038.51
2630,125,2023-09-07,2840.28
2631,138,2024-10-07,1560.77
2632,61,2025-12-23,239.77
2633,291,2024-11-02,808.26
2634,218,2025-08-02,1042.26
2635,815,2025-12-23,1550.46
2636,707,2024-12-15,1731.56
2637,722,2023-01-15,1530.49
2638,649,2024-08-20,1238.07
2639,599,2025-09-25,2896.23
2640,629,2023-03-29,743.92
2641,187,2025-07-24,131.31
2642,609,2025-05-13,1952.55
2643,387,2024-06-06,656.29
2644,915,2023-08-03,2933.32
2645,849,2024-06-27,332.08
2646,39,2024-01-22,1689.38
2647,214,2025-05-14,691.7
2648,266,2024-07-08,2485.55
2649,949,2023-02-14,4118.53
2650,642,2023-01-08,1607.59
2651,773,2024-12-19,111.74
2652,852,2024-11-04,3567.68
2653,992,2025-05-20,3661.08
2654,970,2024-03-02,3054.8
2655,766,2025-01-05,1675.45
2656,97,2024-04-21,370.32
2657,638,2023-08-19,506.92
2658,559,2023-09-19,2249.24
2659,868,2023-12-15,860.49
2660,669,2024-12-30,1889.71
2661,725,2025-10-10,1436.23
2662,659,2023-06-04,286.52
2663,732,2024-09-25,109.33
2664,148,2024-07-21,2992.49
2665,262,2025-04-13,996.27
2666,508,2024-09-03,1189.25
2667,853,2024-03-14,395.57
2668,849,2023-04-16,340.76
2669,392,2025-12-12,1127.7
2670,560,2025-03-28,1453.48
2671,344,2024-04-29,1772.46
2672,982,2023-03-05,842.78
2673,488,2024-10-03,215.49
2674,507,2024-05-13,305.77
2675,818,2025-08-02,615.52
2676,771,2023-03-12,1233.09
2677,43,2025-11-09,1364.35
2678,824,2024-06-03,1280.18
2679,508,2023-08-16,1917.44
2680,56,2023-10-24,833.05
2681,189,2025-01-08,678.01
2682,148,2024-12-02,619.06
2683,146,2023-02-04,996.79
2684,691,2024-01-10,1336.6
2685,419,2023-06-11,1865.44
2686,971,2024-12-07,1180.64
2687,135,2023-08-05,413.67
2688,114,2024-10-16,3593.48
2689,822,2025-04-27,2586.34
2690,130,2024-03-14,1979.29
2691,266,2023-02-18,1922.56
2692,503,2024-08-20,2835.64
2693,744,2025-12-19,1293.78
2694,131,2024-02-09,1211.58
2695,277,2025-07-08,51.6
2696,121,2024-04-03,1775.51
2697,68,2023-12-07,898.62
2698,962,2023-10-31,951.98
2699,2,2024-03-02,413.15
2700,562,2025-11-28,2069.3
2701,114,2023-01-10,226.26
2702,586,2023-07-04,299.93
2703,416,2023-01-06,164.35
2704,394,2023-11-08,1017.45
2705,957,2025-07-24,1188.46
2706,398,2023-01-19,2611.62
2707,251,2023-03-25,1398.81
2708,836,2025-11-20,941.97
2709,741,2024-05-15,1366.44
2710,662,2025-01-26,1133.34
2711,997,2023-02-07,579.74
2712,71,2025-01-13,827.11
2713,423,2025-04-21,111.16
2714,385,2024-05-27,1329.34
2715,152,2023-04-20,646.47
2716,142,2024-06-30,1212.39
2717,789,2023-07-07,3103.51
2718,985,2025-03-11,1797.14
2719,909,2023-05-24,2236.83
2720,995,2024-01-30,1235.96
2721,90,2023-11-23,2122.0
2722,704,2025-05-07,46.6
2723,806,2024-11-01,1761.82
2724,905,2023-03-06,1349.01
2725,178,2024-03-24,503.5
2726,419,2023-02-18,362.94
2727,576,2024-05-11,2926.73
2728,753,2025-05-24,439.83
2729,129,2023-03-02,1365.05
2730,440,2025-06-10,769.58
2731,743,2023-04-05,1380.57
2732,873,2024-09-06,1482.12
2733,512,2024-02-24,1902.77
2734,985,2025-05-13,385.04
2735,548,2023-12-13,1455.71
2736,696,2023-09-16,1595.49
2737,721,2025-03-04,1499.39
2738,980,2025-06-24,2472.93
2739,850,2023-06-14,708.54
2740,371,2023-01-31,126.7
2741,826,2025-11-11,582.63
2742,241,2024-10-03,813.05
2743,900,2025-02-13,3378.59
2744,168,2024-12-31,2119.58
2745,284,2024-08-02,29.76
2746,104,2025-10-06,957.65
2747,151,2025-08-07,485.86
2748,315,2024-04-06,2373.53
2749,742,2023-05-13,1640.59
2750,356,2023-07-21,457.83
2751,94,2023-11-26,687.56
2752,822,2024-01-17,2194.41
2753,53,2024-09-28,2681.84
2754,658,2025-10-31,1344.18
2755,609,2025-07-03,1795.11
2756,305,2025-08-30,315.13
2757,769,2025-10-13,804.8
2758,781,2025-04-29,1258.8
2759,108,2025-03-05,2482.38
2760,632,2023-04-15,3031.4
2761,944,2023-01-20,213.97
2762,982,2025-06-15,1962.22
2763,24,2025-08-25,2270.97
2764,536,2023-01-08,2819.32
2765,115,2025-04-30,39.35
2766,566,2025-11-14,1258.8
2767,482,2023-11-13,1558.14
2768,649,2025-02-25,1350.57
2769,497,2024-11-24,1082.4
2770,885,2023-08-06,847.94
2771,561,2023-01-31,2781.62
2772,889,2024-08-23,838.02
2773,988,2024-01-17,1416.79
2774,809,2025-02-26,3357.44
2775,21,2025-03-07,2721.73
2776,592,2025-01-16,515.43
2777,119,2025-04-12,1437.54
2778,223,2024-02-09,1363.01
2779,869,2024-03-09,429.78
2780,887,2024-03-30,1629.42
2781,935,2023-08-08,861.79
2782,378,2023-05-26,2289.44
2783,298,2025-04-07,657.84
2784,239,2024-09-26,2313.99
2785,503,2025-11-01,2475.15
2786,141,2023-06-06,2335.49
2787,510,2025-11-03,842.78
2788,266,2023-11-13,1685.66
2789,752,2025-02-24,955.0
2790,806,2024-08-22,1601.08
2791,145,2023-03-17,1077.78
2792,63,2025-10-21,3231.56
2793,771,2024-04-15,1017.88
2794,234,2025-12-21,419.6
2795,910,2025-06-24,921.47
2796,688,2024-01-06,1530.43
2797,541,2025-04-04,1438.65
2798,854,2024-09-06,111.16
2799,439,2024-05-28,361.78
2800,700,2024-02-28,1227.91
2801,966,2024-11-23,583.8
2802,428,2023-10-11,1631.71
2803,517,2025-08-31,3233.29
2804,696,2024-04-23,976.18
2805,797,2024-04-26,3202.98
2806,791,2023-10-24,2002.4
2807,440,2024-06-11,210.92
2808,699,2024-10-20,1517.03
2809,728,2024-11-25,1926.77
2810,884,2023-02-26,663.53
2811,489,2024-03-06,1111.75
2812,181,2023-12-26,546.09
2813,856,2025-08-09,1160.75
2814,110,2025-05-16,850.58
2815,632,2025-01-31,902.44
2816,858,2025-04-07,1864.09
2817,599,2024-01-02,2138.45
2818,985,2023-01-29,388.58
2819,695,2025-03-25,1832.46
2820,890,2023-05-27,1835.54
2821,909,2023-03-22,949.9
2822,214,2024-01-14,2600.44
2823,884,2025-06-21,463.56
2824,248,2023-01-11,1314.59
2825,631,2024-10-27,1448.01
2826,225,2024-04-05,1415.01
2827,185,2023-06-28,727.73
2828,357,2023-04-08,234.48
2829,736,2025-05-09,1767.0
2830,312,2024-12-29,1382.36
2831,767,2025-02-04,166.74
2832,1,2025-11-01,2249.82
2833,46,2023-01-21,126.02
2834,610,2023-04-06,483.49
2835,796,2024-09-04,848.32
2836,556,2023-03-12,1088.58
2837,251,2025-01-02,457.83
2838,830,2025-02-05,2221.96
2839,346,2024-08-03,1422.15
2840,517,2024-08-06,313.64
2841,897,2023-11-29,877.61
2842,8,2023-02-24,1503.8
2843,126,2023-09-16,1723.59
2844,455,2024-11-13,1599.33
2845,412,2024-02-10,706.82
2846,317,2025-01-31,505.84
2847,794,2024-07-03,126.02
2848,924,2025-07-06,996.22
2849,458,2023-06-05,449.73
2850,740,2025-03-31,290.22
2851,155,2025-11-07,2825.95
2852,124,2025-07-07,1883.49
2853,163,2025-12-27,1003.63
2854,723,2023-08-05,1427.97
2855,236,2024-11-10,522.48
2856,791,2023-10-13,493.05
2857,108,2024-09-05,1017.48
2858,497,2025-08-02,1204.92
2859,384,2024-05-29,1861.26
2860,242,2024-06-04,2504.24
2861,950,2023-01-16,1054.57
2862,505,2025-02-21,3135.78
2863,98,2025-01-03,3424.43
2864,59,2025-11-30,1910.76
2865,197,2023-12-18,1687.33
2866,808,2023-12-19,261.69
2867,273,2025-03-25,1018.48
2868,883,2024-10-15,916.93
2869,177,2024-01-11,1050.91
2870,747,2025-04-10,959.97
2871,566,2025-04-22,1156.27
2872,662,2023-01-27,237.9
2873,252,2024-07-14,1353.66
2874,588,2023-12-25,2829.52
2875,138,2025-04-19,2312.19
2876,190,2023-05-17,3585.59
2877,52,2023-06-22,2535.33
2878,306,2025-08-07,428.76
2879,228,2025-02-21,272.6
2880,430,2023-02-13,2719.36
2881,946,2025-05-06,529.36
2882,892,2023-09-23,2093.84
2883,587,2024-10-28,746.33
2884,434,2023-07-04,981.36
2885,806,2025-04-20,250.62
2886,960,2024-06-14,963.57
2887,733,2023-07-23,2583.69
2888,476,2025-08-20,1408.18
2889,810,2024-05-29,2602.95
2890,103,2025-11-13,3391.91
2891,715,2024-01-10,475.8
2892,574,2024-03-24,872.54
2893,354,2025-05-27,1678.91
2894,584,2023-01-23,2193.25
2895,764,2024-04-06,3408.13
2896,479,2023-12-21,1721.79
2897,273,2023-05-10,592.98
2898,348,2024-04-10,2068.81
2899,286,2024-04-25,1932.96
2900,800,2024-03-27,1287.55
2901,867,2025-04-20,382.64
2902,467,2025-10-31,2617.65
2903,771,2025-07-13,2050.22
2904,774,2024-04-23,1539.85
2905,382,2025-11-25,2822.05
2906,12,2025-11-24,3181.0
2907,395,2023-02-11,894.38
2908,922,2023-03-16,698.12
2909,937,2025-05-20,2393.73
2910,23,2025-04-08,2869.92
2911,421,2025-08-31,3135.02
2912,520,2025-06-01,1425.87
2913,828,2023-04-06,1385.76
2914,833,2023-12-13,2733.35
2915,331,2023-02-14,1673.88
2916,269,2025-05-15,576.46
2917,700,2025-06-25,253.4
2918,211,2024-01-18,351.47
2919,412,2023-11-30,2268.18
2920,690,2023-11-24,3049.38
2921,475,2023-07-05,900.13
2922,415,2024-08-20,1332.21
2923,606,2024-04-25,238.37
2924,981,2024-10-31,1090.26
2925,290,2025-01-04,2946.75
2926,840,2025-06-18,1391.56
2927,544,2023-11-29,1612.19
2928,806,2024-05-17,482.67
2929,802,2023-06-04,1177.89
2930,650,2025-02-10,1373.8
2931,541,2023-04-17,1278.03
2932,872,2024-06-01,1213.21
2933,794,2023-04-05,264.68
2934,960,2023-11-16,801.28
2935,645,2023-03-06,1744.32
2936,564,2023-12-23,1489.62
2937,469,2023-10-29,2023.94
2938,283,2023-07-01,753.27
2939,3,2025-05-16,2184.29
2940,136,2023-02-01,3474.4
2941,776,2023-12-25,1399.91
2942,391,2024-01-12,644.11
2943,183,2023-01-23,1819.04
2944,221,2025-04-15,2167.93
2945,565,2024-06-29,1709.48
2946,136,2024-08-24,1058.77
2947,316,2023-03-28,2972.53
2948,772,2023-06-12,2324.01
2949,861,2025-11-10,3096.92
2950,284,2025-03-30,1749.61
2951,827,2025-08-07,3420.9
2952,318,2025-09-19,1096.47
2953,191,2025-12-10,1888.55
2954,427,2025-03-26,1384.26
2955,598,2025-04-15,1660.25
2956,605,2023-11-13,2178.21
2957,886,2025-03-29,1874.28
2958,309,2023-09-06,711.71
2959,536,2024-05-30,2193.96
2960,159,2023-09-16,1728.12
2961,675,2025-08-13,2280.65
2962,678,2024-04-09,1353.66
2963,959,2023-05-25,582.06
2964,529,2025-10-12,1352.56
2965,606,2025-06-09,1579.89
2966,963,2023-10-05,933.13
2967,57,2025-11-28,580.31
2968,584,2025-09-19,2054.22
2969,129,2023-03-11,512.04
2970,675,2025-01-16,686.18
2971,419,2025-04-17,823.56
2972,586,2024-11-13,3676.74
2973,318,2024-05-22,1781.39
2974,231,2023-05-29,1232.53
2975,871,2025-04-08,83.54
2976,509,2025-09-30,1798.23
2977,430,2023-06-26,4517.86
2978,612,2023-05-26,1373.31
2979,189,2024-08-24,935.24
2980,799,2024-07-08,3060.75
2981,323,2023-05-15,545.2
2982,424,2024-10-20,1258.8
2983,74,2025-08-23,817.8
2984,874,2025-01-01,1060.23
2985,245,2023-12-07,3787.06
2986,834,2023-05-31,3685.5
2987,329,2025-07-14,1546.89
2988,255,2023-08-28,1414.82
2989,602,2024-05-18,322.14
2990,327,2024-09-30,576.46
2991,19,2024-05-24,3441.09
2992,392,2025-03-17,176.51
2993,245,2025-11-18,2119.8
2994,996,2023-02-13,2185.84
2995,715,2024-11-23,852.02
2996,709,2025-06-14,1643.54
2997,480,2024-09-06,1408.67
2998,518,2025-09-16,353.36
2999,43,2023-08-29,2659.48
3000,95,2024-02-13,792.35
3001,344,2024-07-18,2336.03
3002,609,2025-04-05,765.28
3003,818,2023-11-22,1099.03
3004,927,2025-08-21,529.36
3005,975,2024-07-12,1787.34
3006,982,2023-04-27,1482.7
3007,764,2023-05-31,2119.3
3008,894,2025-04-14,1084.47
3009,385,2023-01-06,1047.97
3010,758,2025-12-30,1890.34
3011,7,2024-03-18,1167.32
3012,406,2025-03-21,1080.56
3013,133,2025-12-23,1176.51
3014,440,2024-06-28,429.78
3015,602,2023-09-05,324.99
3016,45,2023-08-31,477.18
3017,30,2023-10-21,2111.12
3018,706,2024-02-14,2942.74
3019,879,2023-08-18,3632.85
3020,137,2025-08-07,1912.64
3021,646,2023-10-08,421.84
3022,766,2024-07-30,636.51
3023,17,2023-09-05,2882.46
3024,416,2023-11-18,915.91
3025,127,2025-10-07,2650.95
3026,831,2025-05-10,314.49
3027,459,2023-01-22,807.32
3028,135,2024-02-07,397.68
3029,384,2024-02-12,335.36
3030,236,2023-07-04,1295.31
3031,586,2023-05-07,644.02
3032,252,2024-10-30,1240.27
3033,992,2024-06-25,779.52
3034,598,2023-04-22,2255.76
3035,777,2025-12-10,2363.81
3036,339,2025-03-06,223.14
3037,200,2024-10-22,2673.84
3038,704,2025-08-17,29.76
3039,994,2024-05-12,1605.73
3040,103,2024-01-16,1600.98
3041,501,2024-05-10,1983.81
3042,619,2025-09-08,1421.58
3043,882,2025-04-09,2061.02
3044,246,2023-12-02,2499.19
3045,450,2025-08-27,255.0
3046,739,2025-12-31,2160.89
3047,187,2023-02-14,1634.05
3048,529,2024-07-25,1263.36
3049,620,2025-12-11,1278.04
3050,340,2024-10-19,359.5
3051,707,2024-12-01,1163.66
3052,447,2023-05-23,509.41
3053,4,2025-03-16,822.39
3054,641,2023-11-05,1086.22
3055,224,2024-02-22,753.27
3056,519,2023-03-11,952.0
3057,572,2025-01-10,630.26
3058,817,2023-03-12,1606.11
3059,139,2024-08-12,68.76
3060,656,2025-08-26,981.26
3061,692,2025-06-08,1065.48
3062,381,2023-01-05,1468.18
3063,679,2024-12-31,1449.06
3064,323,2025-09-21,2269.86
3065,589,2024-07-22,2277.97
3066,911,2024-10-07,1957.64
3067,147,2025-05-03,1595.73
3068,104,2023-09-25,131.31
3069,562,2025-12-28,86.15
3070,338,2024-08-13,3517.15
3071,448,2023-12-01,1718.34
3072,938,2024-09-14,972.41
3073,765,2025-10-29,1031.07
3074,462,2025-12-12,2429.79
3075,51,2025-02-26,68.76
3076,715,2024-06-07,3920.31
3077,401,2023-02-20,650.09
3078,581,2025-03-03,526.6
3079,877,2025-06-29,341.95
3080,860,2023-05-02,2376.82
3081,365,2024-10-14,1218.96
3082,970,2025-03-27,1781.14
3083,103,2023-12-19,868.95
3084,396,2025-12-08,1737.28
3085,366,2023-05-27,1450.27
3086,883,2024-09-11,705.98
3087,956,2024-08-29,490.89
3088,207,2025-12-19,1114.74
3089,748,2023-05-11,1772.39
3090,158,2024-03-10,3598.2
3091,627,2025-12-31,1971.3
3092,71,2024-03-11,850.94
3093,68,2025-09-01,2224.42
3094,372,2025-03-08,1977.74
3095,770,2025-10-04,694.41
3096,655,2024-04-01,2995.61
3097,443,2023-01-03,653.84
3098,151,2023-04-01,1856.73
3099,999,2023-10-14,452.79
3100,865,2024-10-01,934.59
3101,762,2025-06-20,2568.83
3102,979,2023-08-21,734.75
3103,536,2023-11-22,747.78
3104,133,2024-10-17,1888.79
3105,785,2024-03-26,1408.56
3106,370,2025-02-10,2467.59
3107,870,2025-06-27,1360.66
3108,187,2024-03-13,332.08
3109,832,2025-12-20,1349.01
3110,513,2023-11-03,3099.01
3111,320,2025-04-28,2788.85
3112,226,2025-08-28,166.74
3113,515,2023-02-25,952.56
3114,848,2023-04-26,223.48
3115,324,2024-07-12,1172.22
3116,331,2024-06-15,93.2
3117,431,2025-10-13,2120.97
3118,554,2023-03-23,1779.81
3119,329,2025-10-08,3641.42
3120,172,2025-04-09,1109.0
3121,882,2023-11-15,418.38
3122,409,2023-06-12,1837.46
3123,112,2024-01-05,139.8
3124,618,2023-02-27,627.75
3125,951,2025-12-07,906.12
3126,8,2025-04-02,2061.96
3127,136,2024-03-25,4055.99
3128,915,2024-04-18,652.5
3129,953,2025-06-13,2670.24
3130,46,2025-05-11,1968.94
3131,998,2024-01-27,1132.35
3132,242,2023-07-27,302.81
3133,338,2024-11-27,418.38
3134,451,2023-03-09,1506.74
3135,618,2024-03-31,1772.95
3136,996,2023-06-06,1267.3
3137,105,2023-11-09,516.34
3138,411,2025-06-28,372.51
3139,769,2025-03-16,3402.64
3140,551,2023-04-20,645.83
3141,274,2025-01-01,1891.78
3142,937,2024-04-19,814.93
3143,628,2024-10-15,1267.19
3144,597,2025-10-17,633.27
3145,151,2025-06-18,555.85
3146,793,2024-03-02,1212.39
3147,850,2023-07-01,2446.79
3148,168,2024-04-09,408.55
3149,876,2025-02-02,446.28
3150,642,2024-06-04,3229.03
3151,867,2025-08-22,869.28
3152,648,2024-12-31,3312.43
3153,66,2025-06-24,421.39
3154,972,2023-11-27,698.74
3155,415,2023-05-28,1468.57
3156,492,2025-03-02,335.22
3157,262,2024-02-21,2786.98
3158,549,2025-04-09,515.0
3159,435,2024-12-13,413.67
3160,662,2025-02-26,1220.94
3161,387,2025-07-15,2728.97
3162,2,2023-10-13,1068.41
3163,138,2023-09-20,1174.53
3164,629,2023-03-23,41.7
3165,449,2025-05-17,2540.92
3166,630,2023-05-28,1303.77
3167,281,2024-08-24,165.85
3168,217,2024-05-17,1518.42
3169,903,2024-09-21,1544.8
3170,393,2024-05-19,2203.26
3171,753,2025-02-20,2507.68
3172,450,2025-02-08,643.35
3173,950,2024-10-24,444.99
3174,821,2024-11-16,584.9
3175,948,2024-06-07,3152.22
3176,481,2024-05-08,935.22
3177,388,2023-06-21,1363.62
3178,367,2023-07-10,755.25
3179,801,2025-07-26,2159.87
3180,15,2024-10-21,2404.44
3181,98,2025-11-18,2084.13
3182,515,2023-04-16,144.48
3183,714,2025-09-10,402.33
3184,87,2024-10-26,335.36
3185,235,2025-06-06,788.97
3186,80,2025-07-23,1373.49
3187,688,2025-04-10,1554.3
3188,668,2023-01-05,282.4
3189,251,2023-05-28,1015.32
3190,414,2023-03-10,423.97
3191,56,2024-01-14,2577.37
3192,296,2023-07-15,382.64
3193,28,2025-04-06,1933.33
3194,603,2023-10-18,96.32
3195,435,2024-05-26,162.65
3196,139,2023-10-07,1212.54
3197,681,2023-12-27,664.16
3198,144,2023-02-26,258.45
3199,629,2023-04-05,256.0
3200,263,2025-12-30,438.06
3201,658,2023-12-23,925.4
3202,250,2024-06-04,942.99
3203,312,2024-01-16,2106.92
3204,525,2025-05-30,2473.45
3205,254,2025-06-14,1224.25
3206,564,2025-01-08,672.62
3207,415,2023-07-08,1574.54
3208,577,2023-05-16,1261.8
3209,894,2025-11-12,286.52
3210,427,2024-09-06,777.16
3211,802,2025-01-26,1520.79
3212,380,2023-11-23,2722.36
3213,326,2024-04-22,1982.16
3214,949,2025-04-15,1382.4
3215,910,2024-11-25,1625.42
3216,774,2025-03-06,2082.59
3217,657,2025-07-26,1289.69
3218,963,2024-08-09,1819.34
3219,27,2025-04-25,182.82
3220,552,2023-10-29,1849.94
3221,624,2023-06-08,1383.48
3222,919,2025-11-21,722.27
3223,251,2023-02-17,1262.91
3224,794,2023-01-09,317.28
3225,629,2025-05-17,2909.03
3226,588,2024-03-01,97.88
3227,293,2025-03-26,864.32
3228,407,2024-01-12,2966.46
3229,169,2025-03-06,1663.59
3230,112,2025-07-31,1531.56
3231,921,2024-09-07,216.66
3232,841,2024-06-21,3838.15
3233,581,2025-07-31,286.52
3234,463,2023-02-22,1608.66
3235,34,2023-08-03,1315.29
3236,795,2024-05-20,1553.81
3237,996,2024-07-10,710.44
3238,673,2024-02-25,1544.81
3239,817,2024-06-27,68.76
3240,978,2023-05-26,1800.14
3241,107,2025-03-31,1353.66
3242,671,2023-06-20,745.86
3243,672,2023-11-27,1432.5
3244,576,2025-05-04,3332.85
3245,41,2024-05-19,1484.07
3246,917,2024-11-05,1429.89
3247,203,2023-06-02,2214.02
3248,103,2024-02-25,2037.17
3249,209,2023-10-04,493.05
3250,317,2023-02-03,840.0
3251,166,2025-12-02,3422.95
3252,140,2025-09-19,89.28
3253,219,2025-06-12,2248.37
3254,74,2024-05-04,2802.88
3255,802,2024-08-09,629.49
3256,357,2024-08-04,641.91
3257,244,2023-06-18,1874.7
3258,444,2024-01-15,1411.76
3259,180,2025-10-14,1845.49
3260,499,2023-05-14,2464.81
3261,937,2025-01-05,2712.8
3262,32,2025-01-26,1207.2
3263,718,2024-11-28,1916.37
3264,304,2023-10-26,276.07
3265,467,2023-11-16,2346.93
3266,266,2025-02-22,264.68
3267,680,2023-03-29,1147.92
3268,944,2024-07-16,286.27
3269,839,2025-02-13,3487.3
3270,4,2025-04-23,1599.17
3271,550,2023-10-16,529.36
3272,173,2024-01-29,1546.08
3273,152,2024-01-06,1442.44
3274,549,2024-07-22,3427.32
3275,305,2023-03-07,388.58
3276,40,2024-07-02,1629.32
3277,356,2023-03-02,971.28
3278,785,2025-12-22,4051.33
3279,570,2023-03-25,2857.56
3280,917,2024-09-06,286.52
3281,932,2024-11-05,818.27
3282,893,2023-09-16,2846.38
3283,751,2023-09-21,2825.51
3284,395,2024-03-30,3121.57
3285,233,2025-08-09,2706.4
3286,927,2025-06-29,1634.55
3287,327,2024-11-10,4254.04
3288,778,2024-07-23,312.35
3289,618,2025-05-30,3388.23
3290,16,2025-02-11,68.76
3291,398,2024-11-10,1926.52
3292,85,2025-03-28,1351.78
3293,680,2023-05-22,1064.17
3294,651,2023-02-11,2410.21
3295,870,2025-03-25,1830.11
3296,822,2023-01-19,2359.4
3297,525,2023-01-10,105.76
3298,466,2023-09-16,1011.35
3299,615,2023-08-10,1568.88
3300,951,2023-02-28,1313.91
3301,378,2025-07-15,315.13
3302,227,2023-10-23,3206.37
3303,551,2023-10-13,2818.6
3304,927,2023-07-05,763.41
3305,28,2024-09-10,253.4
3306,555,2023-12-29,1427.97
3307,247,2023-12-27,1445.23
3308,840,2024-12-27,108.33
3309,860,2024-04-17,773.75
3310,429,2023-07-15,2178.95
3311,502,2025-09-24,370.32
3312,3,2023-04-30,1271.91
3313,596,2024-11-30,3692.92
3314,694,2024-07-29,1012.39
3315,745,2025-07-09,3469.43
3316,240,2023-06-19,1382.39
3317,297,2025-06-22,1321.29
3318,303,2024-12-23,880.96
3319,943,2023-06-14,1626.99
3320,182,2025-08-22,1305.16
3321,664,2024-10-19,1335.86
3322,160,2023-09-28,644.42
3323,490,2025-06-23,1099.02
3324,846,2025-09-05,1713.87
3325,127,2024-12-29,4488.69
3326,377,2025-04-28,1213.41
3327,867,2023-11-08,2488.14
3328,584,2023-11-01,696.64
3329,266,2025-06-14,1325.58
3330,628,2024-03-03,2305.02
3331,265,2023-07-31,1808.17
3332,74,2024-11-29,815.91
3333,101,2024-07-16,732.68
3334,168,2025-05-26,2087.8
3335,500,2024-01-10,1663.12
3336,689,2025-03-14,1894.24
3337,542,2025-06-22,2658.29
3338,851,2023-09-04,26.26
3339,641,2023-10-10,906.46
3340,335,2025-02-23,3192.81
3341,505,2024-01-03,2699.19
3342,702,2024-07-05,739.79
3343,309,2025-06-14,2027.38
3344,473,2023-01-13,2434.4
3345,383,2023-08-27,3664.87
3346,543,2023-10-02,765.28
3347,569,2023-10-22,1587.27
3348,902,2023-11-16,378.06
3349,721,2024-07-06,840.32
3350,456,2023-01-25,1682.07
3351,206,2023-01-09,167.68
3352,905,2023-11-07,1118.79
3353,693,2025-11-26,1174.0
3354,209,2024-02-24,284.79
3355,391,2023-02-16,3538.86
3356,715,2024-02-28,1401.73
3357,898,2023-09-30,964.94
3358,940,2025-05-08,660.02
3359,268,2025-01-26,126.02
3360,384,2023-04-13,213.97
3361,921,2024-11-10,1683.92
3362,708,2023-05-03,2942.23
3363,293,2024-06-06,430.98
3364,63,2024-07-10,1215.02
3365,916,2025-11-08,962.12
3366,650,2023-07-31,1114.66
3367,328,2024-12-22,2218.04
3368,391,2024-07-31,1429.52
3369,39,2023-11-13,2756.28
3370,721,2024-02-23,2649.4
3371,435,2025-11-25,1765.7
3372,594,2025-12-03,648.17
3373,68,2025-09-02,279.7
3374,886,2023-02-27,738.63
3375,660,2023-05-18,1388.41
3376,975,2024-05-05,1382.58
3377,168,2024-08-01,1368.63
3378,97,2025-08-16,3213.04
3379,952,2025-05-21,799.88
3380,808,2025-11-21,1000.78
3381,441,2024-03-30,1252.87
3382,63,2023-12-04,678.68
3383,992,2024-05-03,576.46
3384,838,2024-01-26,140.01
3385,947,2025-08-24,586.63
3386,784,2024-04-03,2791.4
3387,144,2024-10-15,751.48
3388,517,2025-03-09,1012.58
3389,9,2025-06-25,490.89
3390,50,2023-10-17,2578.71
3391,222,2023-04-17,1226.96
3392,481,2023-07-12,2072.23
3393,374,2025-06-08,1060.16
3394,622,2025-02-12,3875.13
3395,156,2023-11-27,2779.52
3396,201,2025-07-28,2490.21
3397,721,2023-01-28,2139.74
3398,52,2023-08-22,1401.66
3399,39,2023-07-16,335.36
3400,726,2023-11-07,1889.78
3401,586,2024-03-03,2516.87
3402,226,2024-10-14,439.24
3403,615,2024-01-18,1353.66
3404,413,2025-08-24,2825.76
3405,696,2024-05-06,494.07
3406,710,2023-10-12,1949.75
3407,552,2024-11-13,1658.35
3408,298,2023-01-06,842.7
3409,902,2023-10-17,576.46
3410,681,2023-04-12,390.33
3411,765,2025-02-11,210.92
3412,604,2023-02-19,1225.02
3413,748,2023-04-27,1263.02
3414,932,2024-03-20,1146.91
3415,740,2023-03-19,3837.32
3416,745,2023-01-08,1661.83
3417,344,2024-07-24,539.25
3418,902,2024-01-04,1948.82
3419,455,2025-05-04,1365.71
3420,26,2025-11-14,404.13
3421,691,2025-05-28,2763.68
3422,893,2024-12-12,499.81
3423,698,2024-03-10,498.78
3424,953,2024-02-20,2235.19
3425,316,2023-10-14,2349.54
3426,776,2023-08-01,1562.59
3427,408,2023-09-14,3512.19
3428,26,2023-06-29,1541.26
3429,189,2025-05-20,2842.53
3430,705,2024-02-03,1914.44
3431,617,2023-01-02,2167.02
3432,332,2024-11-30,4035.76
3433,563,2024-01-20,1630.58
3434,792,2025-06-21,839.2
3435,338,2025-09-15,1849.08
3436,548,2025-12-27,2142.29
3437,894,2025-01-09,592.98
3438,618,2024-01-12,1854.32
3439,971,2025-07-04,2167.98
3440,604,2024-02-06,451.95
3441,749,2023-11-04,913.97
3442,856,2023-03-15,2240.02
3443,616,2024-12-06,467.74
3444,418,2024-03-07,327.99
3445,17,2025-02-26,1166.28
3446,201,2023-02-10,948.49
3447,728,2025-05-17,1720.59
3448,373,2024-05-04,2673.3
3449,95,2024-07-21,1354.26
3450,796,2025-10-12,1824.5
3451,371,2024-09-14,1822.9
3452,288,2025-02-18,1425.71
3453,766,2024-07-02,3635.25
3454,646,2023-11-24,2358.01
3455,158,2023-03-02,1847.42
3456,163,2025-04-16,2824.53
3457,708,2024-11-21,3066.44
3458,33,2023-12-25,1932.95
3459,177,2024-02-06,3273.08
3460,277,2024-12-08,945.39
3461,948,2023-02-28,251.09
3462,344,2024-12-20,475.99
3463,693,2023-09-29,260.22
3464,24,2024-01-14,1671.1
3465,791,2024-04-21,1629.83
3466,193,2023-06-11,256.0
3467,245,2024-12-23,2815.07
3468,445,2025-02-17,1410.03
3469,53,2025-12-08,2581.68
3470,694,2024-12-17,2755.33
3471,42,2023-06-15,2254.12
3472,774,2024-03-26,2149.21
3473,866,2023-08-09,2080.89
3474,867,2023-06-27,1908.33
3475,171,2025-05-21,1489.44
3476,264,2025-12-12,170.49
3477,453,2025-03-14,653.02
3478,435,2024-04-24,740.64
3479,247,2023-02-11,639.88
3480,447,2025-10-08,26.26
3481,34,2024-11-06,3487.8
3482,693,2023-07-24,811.27
3483,848,2025-12-23,1875.37
3484,59,2023-10-25,1484.89
3485,880,2023-10-24,1926.77
3486,453,2025-02-14,2201.99
3487,605,2023-02-19,1312.99
3488,208,2024-09-04,1162.87
3489,938,2023-06-23,627.57
3490,877,2023-11-18,2605.72
3491,599,2023-08-23,1353.81
3492,522,2023-08-17,3268.23
3493,501,2024-04-13,1558.2
3494,454,2024-03-22,2459.12
3495,527,2025-07-13,3795.88
3496,861,2023-06-15,1292.93
3497,11,2023-12-30,293.64
3498,387,2025-12-02,2910.0
3499,36,2024-03-12,1859.8
3500,516,2025-03-29,2176.34
3501,620,2024-02-26,1426.17
3502,305,2023-05-21,1748.13
3503,910,2024-05-13,704.18
3504,288,2025-02-07,144.48
3505,318,2023-11-24,342.14
3506,674,2023-12-13,1671.28
3507,702,2023-06-07,2109.21
3508,862,2023-01-19,518.07
3509,697,2023-06-26,2749.89
3510,607,2024-09-19,1698.53
3511,83,2024-06-10,419.6
3512,990,2025-08-28,461.42
3513,445,2024-05-09,2770.08
3514,859,2024-10-18,423.97
3515,470,2023-01-14,4184.39
3516,312,2025-01-10,1383.49
3517,405,2024-12-05,1585.06
3518,511,2023-06-10,1242.87
3519,831,2023-08-27,2655.86
3520,138,2025-04-02,2286.02
3521,213,2025-07-28,843.03
3522,867,2025-12-10,2661.26
3523,672,2024-08-14,975.79
3524,745,2024-03-23,1147.92
3525,114,2023-05-27,1693.83
3526,105,2025-02-06,439.47
3527,616,2025-03-23,1827.53
3528,552,2025-03-04,2231.33
3529,285,2024-03-26,2398.27
3530,864,2023-06-11,2448.31
3531,117,2023-12-10,1481.28
3532,930,2024-06-25,1278.03
3533,960,2023-10-25,2012.17
3534,128,2025-11-28,1541.73
3535,458,2025-03-31,706.82
3536,694,2025-07-06,2575.23
3537,460,2023-04-27,684.35
3538,286,2025-04-18,1455.52
3539,635,2025-12-30,167.08
3540,79,2025-10-05,558.18
3541,417,2024-05-13,126.7
3542,849,2023-07-12,1606.06
3543,460,2023-12-31,1459.84
3544,936,2025-11-04,428.76
3545,860,2024-03-08,3075.2
3546,715,2023-04-07,351.47
3547,659,2023-01-27,2234.44
3548,118,2025-03-07,715.58
3549,822,2024-05-10,794.04
3550,882,2025-12-15,1559.98
3551,617,2023-04-26,979.79
3552,366,2024-08-28,1005.36
3553,712,2025-05-12,1687.65
3554,777,2023-09-11,1165.99
3555,619,2023-11-12,667.94
3556,449,2024-07-11,1060.08
3557,758,2024-01-13,1875.97
3558,889,2025-05-12,527.9
3559,193,2025-04-11,1355.85
3560,556,2025-03-20,982.5
3561,265,2023-07-20,479.07
3562,326,2024-04-23,421.84
3563,223,2023-04-18,2315.3
3564,794,2023-04-05,1783.65
3565,285,2023-03-07,2346.17
3566,337,2023-07-10,789.36
3567,957,2025-05-28,2358.92
3568,724,2024-08-24,111.74
3569,313,2023-09-29,1652.31
3570,97,2025-12-11,773.17
3571,190,2024-04-25,992.83
3572,298,2024-07-03,1850.86
3573,160,2023-03-05,484.12
3574,8,2024-09-22,3322.96
3575,437,2023-05-14,1237.63
3576,106,2024-09-24,2262.12
3577,479,2023-03-21,649.05
3578,701,2023-04-25,2086.32
3579,393,2024-10-16,2391.35
3580,492,2025-02-21,1864.08
3581,356,2024-04-23,1145.69
3582,257,2023-07-10,139.8
3583,802,2024-01-28,2090.58
3584,302,2023-01-05,766.74
3585,196,2024-02-17,837.2
3586,264,2024-03-03,2134.77
3587,750,2023-03-18,2950.77
3588,393,2023-10-01,2432.7
3589,168,2025-12-07,2714.76
3590,895,2025-05-14,858.69
3591,337,2023-04-02,2059.35
3592,39,2024-11-27,1145.06
3593,292,2025-04-03,2693.33
3594,468,2023-02-03,2644.46
3595,88,2024-06-18,3903.79
3596,345,2025-03-14,2836.12
3597,79,2025-10-31,2389.11
3598,577,2024-01-06,996.42
3599,626,2025-06-09,2294.93
3600,878,2024-04-14,2623.35
3601,815,2025-06-09,794.04
3602,550,2023-12-10,767.75
3603,58,2024-05-07,1196.91
3604,645,2025-04-22,1327.35
3605,251,2025-04-13,2319.73
3606,861,2023-06-23,29.76
3607,871,2023-10-17,2922.28
3608,214,2023-01-04,1211.13
3609,471,2024-12-18,2565.58
3610,969,2024-02-02,1534.49
3611,265,2025-04-05,2646.03
3612,74,2023-11-05,1568.78
3613,432,2023-07-01,1364.26
3614,287,2025-01-01,1473.72
3615,966,2025-03-14,3594.27
3616,501,2025-10-12,2518.35
3617,294,2024-05-05,894.31
3618,869,2024-01-25,2729.21
3619,430,2025-08-31,1888.67
3620,479,2024-12-27,39.39
3621,456,2024-12-19,415.95
3622,773,2025-08-22,716.11
3623,637,2023-04-30,1176.51
3624,48,2024-07-22,253.4
3625,408,2025-01-01,3359.05
3626,671,2025-05-15,1925.46
3627,965,2025-04-22,926.96
3628,30,2023-06-11,646.47
3629,252,2024-09-22,2113.89
3630,582,2025-03-28,1237.98
3631,515,2024-03-16,1526.99
3632,460,2025-05-20,170.49
3633,783,2025-04-16,1740.86
3634,688,2025-02-24,2589.85
3635,352,2025-02-06,1235.34
3636,634,2023-05-19,1357.44
3637,4,2024-01-05,3367.1
3638,248,2025-12-31,1570.94
3639,897,2023-06-30,2456.29
3640,605,2023-07-04,1609.01
3641,268,2025-07-21,918.85
3642,269,2024-07-31,1398.81
3643,895,2023-12-07,508.21
3644,859,2025-01-01,140.01
3645,699,2025-04-12,984.18
3646,941,2025-01-20,154.8
3647,193,2023-01-18,1008.81
3648,274,2025-05-06,2454.98
3649,795,2025-01-16,1901.05
3650,617,2024-11-02,1274.43
3651,908,2023-06-05,1298.3
3652,828,2025-11-28,852.02
3653,354,2023-12-31,88.37
3654,226,2024-09-29,1614.41
3655,67,2024-06-12,1070.39
3656,106,2025-01-27,3427.05
3657,528,2024-10-05,699.74
3658,90,2024-08-28,2329.39
3659,201,2023-04-21,124.17
3660,40,2024-01-24,26.26
3661,11,2025-07-10,944.42
3662,418,2025-01-08,1600.84
3663,443,2024-05-01,1214.79
3664,612,2023-07-21,711.8
3665,350,2023-11-09,502.18
3666,701,2023-06-18,3310.43
3667,631,2023-07-11,646.47
3668,745,2025-12-14,178.08
3669,820,2023-09-10,1342.43
3670,649,2025-10-19,1580.91
3671,583,2025-02-20,1665.51
3672,278,2025-10-13,1446.69
3673,819,2024-12-21,1263.25
3674,162,2023-10-26,1373.49
3675,677,2025-08-06,2394.96
3676,261,2024-01-27,3820.69
3677,831,2023-04-02,801.03
3678,936,2025-11-22,2733.87
3679,269,2023-01-27,3027.68
3680,990,2024-11-29,483.21
3681,24,2024-06-10,327.99
3682,996,2025-10-31,1330.56
3683,97,2025-03-07,2018.12
3684,573,2025-10-04,3113.93
3685,76,2024-02-26,1604.52
3686,906,2023-06-30,68.76
3687,570,2025-02-21,211.52
3688,851,2024-07-21,1357.39
3689,213,2024-11-05,1054.41
3690,748,2024-06-09,2612.1
3691,316,2023-05-31,3144.87
3692,316,2025-06-21,2077.67
3693,904,2023-07-10,1554.18
3694,130,2025-03-17,2285.84
3695,767,2025-04-27,1329.96
3696,377,2025-12-31,1279.11
3697,550,2023-01-04,411.78
3698,158,2024-05-17,2412.21
3699,438,2024-09-02,2007.31
3700,286,2024-10-25,3080.41
3701,151,2023-06-12,585.32
3702,961,2025-09-05,1842.45
3703,163,2025-10-27,2126.81
3704,652,2024-08-19,1549.94
3705,809,2025-10-06,2608.99
3706,74,2025-01-03,1831.03
3707,244,2023-01-17,126.02
3708,360,2025-10-29,686.98
3709,858,2023-03-19,1054.41
3710,336,2025-08-31,254.09
3711,537,2024-07-29,1404.92
3712,567,2023-04-10,2191.28
3713,896,2025-11-02,105.76
3714,813,2024-02-22,353.25
3715,859,2024-11-14,1051.05
3716,814,2025-12-15,2001.96
3717,427,2023-02-02,2071.49
3718,912,2025-06-14,2160.46
3719,50,2024-11-12,1569.89
3720,588,2023-05-09,1060.08
3721,157,2025-12-22,1543.46
3722,823,2025-10-23,1478.69
3723,740,2024-03-21,3071.24
3724,937,2023-11-22,2494.25
3725,657,2025-11-14,1326.38
3726,625,2023-02-15,2821.59
3727,517,2023-05-13,3514.51
3728,307,2023-07-16,1873.94
3729,103,2025-05-29,1442.8
3730,530,2024-11-19,3760.82
3731,20,2025-01-10,1177.32
3732,216,2024-09-18,1086.3
3733,674,2025-10-05,842.78
3734,820,2023-12-24,814.87
3735,787,2023-04-21,1390.16
3736,608,2025-08-07,1968.26
3737,474,2025-07-20,991.72
3738,247,2023-05-27,1026.09
3739,966,2025-01-18,1612.07
3740,664,2025-09-26,372.48
3741,479,2024-03-14,3751.39
3742,19,2024-12-05,2460.09
3743,419,2025-04-04,1432.5
3744,792,2024-06-21,419.6
3745,421,2023-12-10,586.68
3746,806,2024-09-10,2739.43
3747,1000,2025-06-29,899.79
3748,505,2025-09-28,2051.82
3749,731,2024-10-16,2609.15
3750,38,2023-09-09,1703.55
3751,357,2023-03-05,351.47
3752,449,2023-03-14,3472.23
3753,443,2023-12-31,1021.69
3754,830,2024-04-29,1230.26
3755,499,2024-05-06,2366.56
3756,47,2025-09-28,461.42
3757,137,2025-12-29,2272.58
3758,77,2024-07-11,1486.5
3759,169,2025-10-05,1306.97
3760,322,2025-09-09,2344.77
3761,787,2023-01-23,1384.26
3762,739,2024-04-12,1477.51
3763,400,2023-02-21,3034.24
3764,725,2023-05-20,857.74
3765,440,2023-08-01,293.64
3766,132,2024-02-06,1397.16
3767,171,2024-10-22,1514.83
3768,501,2023-10-28,434.66
3769,645,2024-07-12,3176.77
3770,294,2023-06-06,75.42
3771,817,2025-12-26,2112.24
3772,990,2023-02-07,2160.84
3773,553,2023-07-25,1187.28
3774,962,2023-06-14,920.68
3775,268,2025-12-05,1036.66
3776,999,2023-05-03,256.0
3777,454,2023-12-13,1898.8
3778,930,2025-09-15,206.28
3779,11,2025-05-13,2616.0
3780,619,2025-02-03,706.82
3781,670,2025-09-15,218.66
3782,190,2023-07-12,4613.29
3783,51,2024-09-05,103.2
3784,834,2024-03-31,858.81
3785,166,2025-03-03,1671.49
3786,479,2024-09-03,1207.2
3787,86,2025-04-01,372.51
3788,928,2024-04-17,3858.85
3789,661,2023-02-01,553.86
3790,118,2025-07-11,1355.85
3791,71,2025-02-04,1033.24
3792,474,2024-07-21,631.7
3793,613,2024-05-24,1718.01
3794,179,2023-08-20,2780.49
3795,376,2024-07-19,3048.85
3796,197,2023-06-19,253.4
3797,460,2024-05-05,1458.96
3798,588,2024-03-21,1873.56
3799,49,2023-07-01,525.55
3800,586,2024-11-07,882.2
3801,593,2023-01-25,1967.11
3802,103,2025-10-06,2381.14
3803,513,2025-07-14,275.78
3804,76,2023-09-23,1786.67
3805,260,2024-04-19,1686.98
3806,465,2025-04-06,1843.26
3807,318,2024-10-26,1646.8
3808,46,2024-04-11,948.49
3809,767,2025-07-13,1569.14
3810,310,2024-07-29,3712.72
3811,353,2025-03-03,842.78
3812,167,2025-09-17,1384.26
3813,799,2025-01-07,2253.84
3814,485,2025-03-14,964.18
3815,429,2024-11-30,2170.63
3816,591,2024-03-06,964.77
3817,594,2023-01-22,2526.4
3818,389,2024-01-08,909.07
3819,640,2025-06-25,2673.71
3820,584,2025-04-12,1424.56
3821,604,2024-01-12,1367.27
3822,134,2025-05-09,596.27
3823,553,2023-12-10,571.24
3824,54,2023-10-21,970.65
3825,287,2025-02-15,808.83
3826,911,2023-02-26,1330.05
3827,353,2023-09-25,1981.59
3828,331,2023-10-15,1984.35
3829,805,2025-02-22,2870.83
3830,491,2024-11-28,1346.04
3831,772,2025-12-01,299.93
3832,371,2024-12-17,1788.88
3833,421,2024-09-11,370.22
3834,571,2025-05-18,1144.52
3835,740,2023-09-24,926.59
3836,36,2023-07-10,3040.91
3837,553,2025-08-24,2498.0
3838,821,2023-11-19,284.88
3839,486,2025-03-14,425.46
3840,779,2024-01-10,2340.47
3841,540,2025-09-25,993.52
3842,698,2023-11-23,1088.82
3843,909,2025-09-28,928.71
3844,543,2025-10-17,2544.56
3845,328,2023-02-06,475.99
3846,416,2025-07-05,1565.32
3847,57,2025-09-12,1671.94
3848,520,2025-10-07,1217.99
3849,408,2025-12-31,39.35
3850,815,2023-06-30,588.69
3851,411,2025-09-21,1165.74
3852,680,2025-12-24,586.34
3853,8,2023-07-15,2038.55
3854,624,2025-09-16,716.69
3855,76,2023-09-25,1355.85
3856,159,2024-12-23,1104.31
3857,993,2025-07-10,1165.74
3858,663,2024-02-09,1148.95
3859,988,2025-01-31,1211.91
3860,455,2023-06-20,2115.06
3861,310,2023-08-15,2425.46
3862,422,2023-11-21,3055.31
3863,72,2023-12-31,1429.99
3864,778,2025-06-08,2693.01
3865,203,2024-12-02,962.45
3866,998,2025-02-09,2140.14
3867,229,2025-11-27,131.31
3868,938,2023-04-07,1212.41
3869,657,2024-08-30,1677.28
3870,985,2023-04-14,139.85
3871,582,2024-08-10,353.36
3872,430,2024-12-26,1369.19
3873,712,2023-10-11,283.91
3874,945,2023-03-09,480.06
3875,610,2023-06-23,618.94
3876,478,2024-05-10,111.74
3877,771,2025-07-31,908.88
3878,265,2025-10-03,748.3
3879,535,2024-06-28,738.39
3880,626,2025-12-16,226.28
3881,653,2024-05-11,1503.35
3882,807,2025-09-03,475.99
3883,884,2023-02-10,1733.43
3884,309,2025-08-10,393.78
3885,737,2024-02-20,748.38
3886,39,2023-04-24,1734.25
3887,463,2025-10-27,1108.49
3888,732,2024-08-04,866.81
3889,635,2025-10-06,3099.17
3890,969,2024-04-05,1454.49
3891,875,2024-03-10,3247.22
3892,468,2024-02-10,104.99
3893,21,2025-09-12,1369.93
3894,920,2024-03-02,423.97
3895,434,2024-09-27,148.33
3896,301,2025-09-01,1743.49
3897,732,2025-07-28,845.75
3898,46,2024-10-25,269.61
3899,129,2024-05-24,220.49
3900,726,2023-07-03,1216.16
3901,979,2024-06-30,388.58
3902,156,2024-09-04,742.24
3903,161,2025-01-30,560.73
3904,964,2025-09-22,2034.42
3905,229,2024-09-27,2106.38
3906,879,2024-10-05,1487.95
3907,982,2025-11-20,232.46
3908,861,2025-05-31,692.34
3909,138,2023-06-02,1472.86
3910,447,2023-05-30,2655.61
3911,576,2025-02-28,2285.11
3912,703,2024-03-17,2146.11
3913,81,2024-08-05,1325.29
3914,538,2025-10-22,1825.44
3915,961,2024-05-12,1752.7
3916,541,2024-12-24,3139.54
3917,343,2025-03-30,2277.68
3918,973,2023-11-16,1076.51
3919,967,2024-08-17,1834.3
3920,19,2025-08-12,1632.67
3921,619,2025-06-27,1894.59
3922,291,2024-02-23,2746.81
3923,967,2025-06-09,1830.34
3924,346,2025-10-03,725.88
3925,312,2024-12-26,2626.5
3926,255,2023-07-03,2551.93
3927,138,2024-12-16,1977.38
3928,814,2024-05-10,238.37
3929,102,2025-02-14,2199.77
3930,381,2024-08-02,2538.87
3931,977,2025-02-06,2248.68
3932,303,2023-03-06,2262.62
3933,412,2025-07-27,207.67
3934,318,2025-02-12,60.94
3935,14,2024-02-19,1410.01
3936,31,2023-06-12,1411.96
3937,960,2024-04-07,577.56
3938,998,2024-07-23,1076.13
3939,580,2025-04-25,2148.65
3940,635,2025-10-13,1572.45
3941,818,2025-02-12,1333.67
3942,797,2024-11-01,748.93
3943,919,2024-08-10,664.16
3944,762,2025-08-16,2546.96
3945,755,2023-03-31,465.54
3946,345,2023-05-23,1876.91
3947,594,2023-09-18,2507.04
3948,35,2025-02-20,865.12
3949,486,2025-03-11,2491.25
3950,569,2023-11-02,972.3
3951,251,2025-08-03,1327.28
3952,43,2024-04-08,768.0
3953,33,2023-11-09,2344.19
3954,781,2024-05-24,3394.39
3955,854,2023-09-12,493.05
3956,129,2024-10-07,2575.91
3957,574,2024-03-08,1365.73
3958,96,2024-02-10,75.42
3959,114,2023-08-01,1877.73
3960,161,2024-10-06,1076.13
3961,685,2023-01-05,712.35
3962,2,2024-07-16,732.68
3963,103,2024-08-29,2357.76
3964,279,2024-10-06,3589.43
3965,276,2023-04-22,2349.89
3966,634,2025-12-11,1677.38
3967,403,2024-08-14,1271.91
3968,415,2024-09-07,395.32
3969,18,2024-04-04,781.64
3970,240,2023-05-14,2345.91
3971,547,2025-04-11,684.2
3972,406,2023-03-18,2692.97
3973,476,2024-09-07,3000.18
3974,72,2025-08-15,296.51
3975,416,2023-08-07,745.86
3976,818,2025-08-17,414.93
3977,456,2025-09-22,1653.25
3978,930,2024-09-26,2269.15
3979,721,2025-05-16,561.8
3980,631,2023-02-18,1063.0
3981,89,2024-12-31,899.73
3982,239,2025-11-28,687.88
3983,384,2023-11-28,830.08
3984,28,2024-03-08,248.04
3985,319,2024-01-04,2106.84
3986,981,2025-09-05,2578.58
3987,935,2023-11-13,803.4
3988,812,2024-12-15,1948.38
3989,465,2023-07-09,2369.29
3990,811,2023-09-12,2386.2
3991,573,2023-07-27,2089.17
3992,398,2023-10-07,2921.34
3993,193,2025-01-29,1260.1
3994,711,2025-07-06,385.36
3995,679,2024-11-02,1329.46
3996,257,2023-09-28,2345.9
3997,989,2023-11-06,1211.03
3998,25,2023-12-22,1600.47
3999,86,2024-10-31,2218.78
4000,992,2025-11-19,404.13
4001,876,2024-04-18,1118.79
4002,758,2025-11-14,1350.92
4003,875,2024-09-12,3016.65
4004,874,2025-04-09,1180.62
4005,269,2025-12-19,1462.59
4006,911,2025-08-12,346.6
4007,743,2025-05-08,370.32
4008,130,2023-05-28,3304.4
4009,125,2025-09-11,484.68
4010,424,2024-06-20,817.8
4011,447,2024-05-03,970.06
4012,868,2025-08-05,1559.23
4013,731,2024-04-12,1668.3
4014,907,2025-04-03,2508.01
4015,620,2024-10-19,1056.73
4016,425,2024-06-10,695.67
4017,645,2025-05-29,1260.31
4018,25,2025-11-30,372.51
4019,512,2025-09-07,359.5
4020,720,2024-12-13,1980.22
4021,544,2025-09-07,2390.83
4022,273,2025-03-10,925.47
4023,183,2025-03-23,2379.16
4024,75,2023-01-14,919.28
4025,635,2025-09-29,1590.59
4026,501,2024-10-08,1596.23
4027,463,2024-07-05,213.97
4028,491,2024-03-19,1883.15
4029,403,2025-08-06,1009.86
4030,213,2023-03-04,288.23
4031,371,2025-03-25,1881.21
4032,150,2023-12-07,1697.06
4033,985,2023-12-17,915.66
4034,700,2025-12-04,2781.71
4035,558,2024-12-15,1045.6
4036,7,2023-05-12,3097.61
4037,448,2023-11-25,3313.82
4038,68,2023-11-18,1520.37
4039,907,2023-06-15,56.83
4040,634,2024-09-13,802.14
4041,215,2025-05-06,55.58
4042,133,2024-05-07,2621.37
4043,3,2024-01-25,1127.93
4044,339,2024-02-24,2475.46
4045,727,2025-03-22,1021.95
4046,395,2025-08-23,585.98
4047,286,2024-06-01,932.54
4048,102,2025-06-11,2489.13
4049,298,2024-11-09,1320.02
4050,595,2025-04-25,423.92
4051,303,2023-07-16,475.99
4052,326,2023-02-07,1400.75
4053,338,2023-11-29,946.06
4054,137,2023-04-09,1113.38
4055,652,2024-09-14,1708.07
4056,978,2024-09-18,2913.67
4057,48,2023-08-07,512.0
4058,795,2023-11-22,891.82
4059,457,2023-12-29,3222.0
4060,993,2024-05-02,599.86
4061,822,2025-12-28,2167.58
4062,847,2023-09-26,1599.45
4063,337,2024-08-27,2894.29
4064,578,2025-04-13,2278.83
4065,193,2025-07-08,2089.36
4066,896,2024-05-27,640.82
4067,563,2024-12-31,2513.3
4068,796,2024-02-25,1613.25
4069,796,2025-02-08,592.98
4070,201,2024-07-11,2806.5
4071,592,2025-11-23,1709.29
4072,120,2024-05-19,2511.63
4073,929,2024-11-03,2242.58
4074,904,2025-11-29,1675.32
4075,882,2025-11-14,1564.67
4076,406,2024-05-12,483.21
4077,9,2023-01-09,4968.84
4078,670,2024-08-31,2400.15
4079,891,2024-09-26,1941.07
4080,762,2025-05-22,951.34
4081,670,2024-04-20,1572.83
4082,401,2023-03-05,2140.48
4083,944,2025-11-22,579.53
4084,474,2025-05-28,532.46
4085,509,2024-11-06,1704.45
4086,314,2023-03-21,2151.12
4087,861,2025-08-12,1199.56
4088,658,2023-01-06,691.83
4089,203,2025-10-23,1563.69
4090,602,2024-11-27,849.17
4091,746,2024-01-19,1197.33
4092,821,2025-03-15,1752.81
4093,688,2024-11-08,1353.66
4094,462,2023-11-16,998.89
4095,252,2024-07-02,1506.19
4096,249,2025-01-01,1376.59
4097,38,2023-03-25,1813.16
4098,960,2025-01-08,1351.02
4099,950,2023-07-10,1298.6
4100,863,2025-05-07,1306.28
4101,173,2023-11-03,2400.3
4102,571,2024-12-23,576.4
4103,379,2024-10-25,896.78
4104,723,2024-11-12,2692.65
4105,946,2024-03-19,1592.6
4106,879,2024-01-28,1842.17
4107,711,2024-05-15,1483.74
4108,189,2024-01-12,683.02
4109,972,2024-11-21,269.61
4110,469,2023-03-18,2721.87
4111,177,2023-03-21,41.7
4112,869,2024-03-03,1200.66
4113,488,2023-12-02,426.01
4114,746,2023-06-01,3877.66
4115,876,2023-05-29,1366.54
4116,26,2025-09-10,43.77
4117,942,2025-05-05,646.47
4118,129,2023-10-25,2564.74
4119,293,2024-10-25,1357.3
4120,410,2024-02-01,949.11
4121,851,2023-02-22,475.8
4122,1000,2023-04-19,1340.9
4123,594,2024-10-25,951.62
4124,14,2025-05-03,784.34
4125,908,2024-06-27,1920.66
4126,223,2025-07-16,4006.41
4127,4,2024-07-12,1828.83
4128,927,2025-11-18,3053.28
4129,140,2025-11-15,1018.02
4130,725,2025-02-12,1599.54
4131,887,2025-10-06,1176.51
4132,965,2025-05-18,359.5
4133,747,2025-03-25,1872.73
4134,993,2025-01-23,981.78
4135,597,2025-12-08,1052.23
4136,571,2025-01-09,1472.98
4137,86,2025-03-27,1088.82
4138,619,2023-06-25,2546.49
4139,2,2025-11-19,1313.02
4140,106,2023-04-23,2690.72
4141,454,2025-02-15,3001.99
4142,336,2023-05-18,842.7
4143,948,2023-01-02,476.74
4144,53,2023-08-06,2405.7
4145,50,2023-11-01,1010.36
4146,781,2024-04-15,2599.1
4147,810,2025-08-27,3275.88
4148,881,2024-11-14,824.77
4149,888,2025-07-13,1427.13
4150,680,2024-06-12,1117.93
4151,292,2023-08-20,1227.23
4152,964,2025-01-20,170.38
4153,470,2024-04-15,1720.12
4154,389,2025-12-28,1038.51
4155,923,2025-02-10,823.56
4156,352,2025-10-13,922.84
4157,614,2023-04-06,984.03
4158,522,2023-06-11,1761.63
4159,217,2024-11-22,3277.19
4160,339,2023-02-24,1910.29
4161,149,2025-06-22,2208.8
4162,883,2023-05-26,2226.71
4163,611,2024-03-31,1139.9
4164,422,2023-08-30,1867.54
4165,710,2025-12-25,351.47
4166,906,2023-11-16,423.39
4167,355,2025-10-11,526.58
4168,560,2023-12-02,1510.31
4169,996,2024-06-07,732.24
4170,254,2025-07-22,1060.23
4171,561,2024-05-31,2398.62
4172,345,2023-04-08,1708.13
4173,886,2025-05-26,2479.95
4174,339,2024-08-23,724.91
4175,242,2024-07-22,768.0
4176,949,2023-10-06,2238.03
4177,341,2023-05-12,1155.8
4178,862,2025-12-17,2200.42
4179,808,2024-12-16,2082.03
4180,136,2024-05-06,449.67
4181,674,2025-05-07,841.13
4182,105,2025-02-14,293.64
4183,134,2025-07-09,1908.56
4184,181,2025-10-04,93.34
4185,651,2023-11-28,1197.63
4186,819,2023-08-04,688.51
4187,716,2023-01-30,2638.64
4188,80,2024-10-15,1423.1
4189,386,2024-04-19,1456.41
4190,953,2023-02-28,809.22
4191,181,2024-11-24,1355.61
4192,722,2025-02-19,2374.67
4193,621,2025-12-13,443.14
4194,294,2025-07-08,179.75
4195,46,2024-05-11,90.54
4196,860,2023-12-10,2366.64
4197,213,2025-06-04,2705.29
4198,399,2023-10-06,1651.03
4199,542,2025-08-05,2279.36
4200,575,2024-04-08,1430.76
4201,682,2024-04-11,1384.4
4202,833,2025-01-24,1837.5
4203,512,2023-03-16,599.86
4204,219,2024-11-26,1506.1
4205,652,2023-09-17,886.11
4206,320,2023-12-01,1298.29
4207,346,2024-08-17,1981.47
4208,914,2025-07-27,382.64
4209,107,2025-05-01,2065.23
4210,410,2025-07-31,945.44
4211,624,2023-01-21,653.63
4212,442,2025-10-19,465.67
4213,639,2023-05-25,1930.12
4214,361,2025-12-30,2048.93
4215,694,2024-06-20,1207.84
4216,282,2023-03-07,1832.24
4217,88,2023-09-21,286.27
4218,590,2025-11-13,272.6
4219,248,2025-10-30,2188.02
4220,435,2023-04-20,2123.85
4221,18,2023-08-28,1153.4
4222,414,2025-07-27,293.64
4223,672,2025-07-10,1333.92
4224,623,2025-06-02,3129.16
4225,352,2025-01-29,2084.41
4226,645,2025-03-03,489.8
4227,454,2023-08-23,540.21
4228,640,2024-12-07,905.36
4229,874,2025-01-21,2030.73
4230,661,2025-10-22,1122.54
4231,666,2024-10-03,503.04
4232,645,2024-01-14,260.22
4233,504,2024-08-27,1334.89
4234,139,2025-08-27,2598.99
4235,794,2023-10-17,1010.88
4236,177,2023-07-07,625.68
4237,755,2023-12-21,3068.8
4238,181,2023-07-01,1952.45
4239,582,2023-05-06,902.44
4240,623,2024-06-01,1212.39
4241,243,2023-11-12,760.83
4242,90,2023-08-22,477.56
4243,269,2025-10-25,1610.75
4244,639,2025-06-04,1427.71
4245,90,2024-01-16,1051.65
4246,635,2023-06-26,414.54
4247,95,2024-08-16,2328.79
4248,661,2025-12-17,328.7
4249,694,2025-04-24,312.41
4250,693,2023-03-15,2398.11
4251,212,2023-07-12,2951.79
4252,308,2023-05-22,2337.3
4253,634,2023-08-24,2054.39
4254,801,2023-11-22,351.47
4255,279,2024-06-23,4423.03
4256,60,2025-10-12,3414.67
4257,156,2024-04-08,1278.03
4258,214,2023-08-29,2879.52
4259,96,2023-04-23,747.05
4260,778,2025-02-15,509.68
4261,24,2023-01-28,2029.2
4262,407,2024-05-17,741.72
4263,473,2023-05-02,487.53
4264,761,2024-10-13,3419.89
4265,203,2024-05-26,238.44
4266,819,2025-04-11,1510.1
4267,555,2025-12-13,2467.83
4268,861,2025-10-06,2217.12
4269,859,2023-10-17,1981.4
4270,892,2023-08-19,232.54
4271,978,2025-05-11,216.66
4272,532,2023-12-05,1580.64
4273,931,2024-02-27,1247.75
4274,18,2023-03-08,1428.86
4275,532,2024-09-29,2188.07
4276,101,2025-03-15,222.28
4277,40,2025-03-30,1308.2
4278,912,2023-12-12,3246.82
4279,526,2023-07-31,692.34
4280,260,2023-06-12,1380.16
4281,729,2024-03-14,893.76
4282,396,2023-03-05,1067.92
4283,623,2023-12-07,3473.18
4284,389,2024-12-19,654.1
4285,519,2024-06-07,598.69
4286,827,2023-02-25,1480.39
4287,703,2024-10-06,2468.19
4288,30,2023-01-19,626.42
4289,979,2025-04-27,965.03
4290,992,2025-12-06,2212.59
4291,878,2025-06-30,1601.68
4292,377,2023-04-24,2158.47
4293,620,2023-06-24,1077.27
4294,823,2024-06-15,630.26
4295,836,2025-12-16,2565.33
4296,35,2023-02-01,1795.72
4297,898,2023-09-12,2982.63
4298,767,2025-03-03,2633.32
4299,863,2024-12-25,1217.61
4300,425,2023-05-17,2582.71
4301,770,2024-10-15,2702.68
4302,844,2023-11-29,1585.59
4303,979,2023-04-05,285.84
4304,14,2025-08-10,1915.23
4305,415,2023-06-03,2150.65
4306,573,2024-07-31,965.34
4307,178,2024-05-17,1900.16
4308,656,2024-03-12,2077.82
4309,504,2023-09-13,1554.12
4310,388,2024-07-14,1623.6
4311,905,2023-05-13,2677.49
4312,746,2023-09-05,251.09
4313,78,2024-09-07,2098.68
4314,247,2023-05-04,1725.66
4315,529,2024-11-20,2407.98
4316,495,2024-08-21,3420.4
4317,648,2023-10-29,565.4
4318,769,2023-03-05,3129.65
4319,682,2025-04-11,2830.96
4320,563,2024-03-16,2819.78
4321,999,2023-08-11,83.54
4322,700,2025-08-25,1244.79
4323,608,2023-02-13,1973.61
4324,770,2025-05-03,1840.34
4325,585,2025-11-20,931.96
4326,159,2025-06-10,2034.39
4327,420,2024-12-12,529.36
4328,690,2024-07-04,1200.2
4329,405,2025-01-08,1518.6
4330,106,2025-07-03,2384.96
4331,784,2023-09-29,854.95
4332,407,2024-04-07,108.33
4333,866,2025-03-07,1449.64
4334,11,2023-03-09,2528.7
4335,344,2023-06-27,2665.73
4336,763,2025-09-07,2070.88
4337,494,2023-02-20,279.7
4338,861,2024-03-05,1003.03
4339,445,2024-04-17,545.39
4340,967,2024-12-27,510.56
4341,691,2023-12-28,1679.1
4342,105,2023-03-14,801.05
4343,716,2023-04-19,864.69
4344,599,2024-10-01,606.92
4345,210,2025-07-01,388.58
4346,196,2024-04-22,1983.42
4347,551,2025-11-19,304.86
4348,650,2023-06-18,1197.95
4349,641,2023-01-26,2384.61
4350,821,2025-01-31,706.82
4351,586,2025-02-28,3413.23
4352,746,2023-10-23,664.16
4353,682,2024-03-31,963.11
4354,731,2023-10-25,2878.23
4355,210,2024-06-22,1859.19
4356,823,2023-03-19,2495.22
4357,480,2025-11-26,563.36
4358,382,2023-02-16,858.18
4359,384,2025-05-11,2379.78
4360,31,2023-09-19,1845.43
4361,537,2025-04-09,808.83
4362,469,2024-04-02,1783.75
4363,591,2025-12-25,3559.07
4364,912,2023-01-02,771.28
4365,151,2025-08-19,2417.83
4366,930,2025-06-23,880.8
4367,619,2024-06-10,4465.04
4368,293,2025-04-29,2420.88
4369,77,2025-08-20,113.66
4370,223,2023-03-06,1432.5
4371,873,2023-07-06,86.15
4372,754,2025-08-15,942.56
4373,700,2023-12-10,799.25
4374,722,2024-01-16,179.22
4375,463,2024-07-02,946.29
4376,35,2023-01-22,2168.07
4377,24,2025-06-24,1647.34
4378,312,2025-07-05,1984.89
4379,646,2024-07-26,706.82
4380,815,2023-04-30,4035.42
4381,678,2025-01-19,3532.08
4382,446,2024-09-06,1357.72
4383,787,2023-04-27,528.46
4384,399,2025-06-13,1296.02
4385,758,2025-07-09,2877.6
4386,281,2024-05-17,3066.11
4387,634,2024-03-14,1281.22
4388,882,2025-03-09,910.91
4389,306,2024-04-20,1992.96
4390,115,2024-01-18,418.38
4391,399,2023-03-07,107.18
4392,534,2023-04-03,398.89
4393,298,2025-02-20,1693.66
4394,452,2024-07-19,2825.47
4395,84,2024-01-17,677.39
4396,745,2025-04-09,2369.01
4397,949,2023-05-24,2494.46
4398,382,2023-09-26,1605.15
4399,768,2023-01-01,713.7
4400,347,2025-09-13,158.96
4401,71,2024-01-13,1973.96
4402,573,2023-04-23,3070.71
4403,119,2024-01-24,1547.68
4404,98,2024-03-31,1576.97
4405,8,2023-01-24,1991.88
4406,770,2025-01-18,577.56
4407,104,2025-05-15,1432.5
4408,226,2024-03-01,916.91
4409,591,2024-12-23,2128.05
4410,43,2023-04-17,830.15
4411,508,2025-01-13,3743.26
4412,410,2023-08-06,272.6
4413,927,2025-04-28,700.45
4414,939,2023-05-02,2150.22
4415,173,2023-08-14,446.28
4416,50,2023-05-10,3078.69
4417,630,2024-03-29,1278.92
4418,598,2025-11-06,1088.17
4419,810,2024-08-05,4003.02
4420,718,2023-08-04,493.05
4421,397,2023-08-09,2242.98
4422,67,2023-10-16,216.66
4423,7,2025-11-28,539.22
4424,795,2023-07-31,1906.44
4425,626,2025-10-20,299.93
4426,824,2024-04-28,703.25
4427,897,2024-12-22,269.61
4428,605,2024-11-11,2940.42
4429,571,2024-03-27,2592.87
4430,281,2023-06-10,1849.73
4431,636,2025-01-05,2892.25
4432,547,2024-08-12,2617.4
4433,46,2023-07-16,3556.41
4434,301,2025-02-07,2063.45
4435,87,2023-09-05,2106.65
4436,787,2024-01-24,1151.2
4437,609,2025-04-25,2082.51
4438,764,2025-10-02,1170.88
4439,212,2023-06-27,739.23
4440,985,2024-02-20,1722.56
4441,534,2024-10-19,1553.37
4442,348,2023-11-04,93.2
4443,930,2024-04-11,513.21
4444,528,2024-07-11,1958.66
4445,296,2023-11-02,1726.14
4446,729,2023-09-11,370.32
4447,905,2023-10-28,2929.25
4448,288,2023-03-05,2270.52
4449,606,2023-11-06,1827.76
4450,953,2025-12-23,444.76
4451,638,2025-11-24,51.6
4452,669,2023-02-01,627.57
4453,393,2023-11-05,1787.13
4454,773,2025-06-10,1015.99
4455,485,2025-07-13,1572.67
4456,308,2025-10-25,3369.22
4457,303,2024-01-16,357.67
4458,120,2023-05-19,2439.22
4459,48,2024-05-26,1773.09
4460,192,2025-11-12,1703.78
4461,938,2025-02-14,46.67
4462,554,2025-10-11,1078.66
4463,741,2023-09-22,93.2
4464,321,2024-03-01,209.19
4465,734,2025-03-09,1268.0
4466,673,2023-03-12,2189.08
4467,839,2023-09-07,366.34
4468,285,2024-08-09,2493.3
4469,725,2025-08-02,755.27
4470,871,2025-09-07,1355.85
4471,872,2025-01-12,1029.8
4472,956,2025-07-12,1426.8
4473,30,2023-07-08,414.93
4474,765,2024-02-26,2266.95
4475,374,2024-12-29,1308.31
4476,525,2025-04-06,111.74
4477,119,2025-01-20,3602.57
4478,131,2025-10-02,636.08
4479,172,2024-01-17,1113.15
4480,42,2025-06-18,765.28
4481,212,2023-08-29,1478.56
4482,475,2024-09-26,1331.84
4483,413,2025-02-27,2485.74
4484,986,2023-10-13,700.64
4485,807,2023-09-18,164.35
4486,880,2025-10-28,1887.49
4487,268,2024-03-17,1801.22
4488,171,2023-03-17,1200.45
4489,97,2024-01-08,896.37
4490,349,2025-12-03,2040.52
4491,317,2025-06-05,777.41
4492,894,2025-03-07,1831.48
4493,486,2023-02-08,985.65
4494,641,2025-12-19,1088.82
4495,421,2024-11-23,2095.5
4496,76,2024-05-20,1826.8
4497,404,2024-11-20,3243.65
4498,375,2024-03-05,775.14
4499,498,2024-06-10,4243.36
4500,819,2024-09-01,691.03
4501,206,2023-01-27,966.5
4502,230,2023-08-06,1047.48
4503,768,2024-02-12,1836.08
4504,14,2023-06-28,419.55
4505,974,2025-03-17,732.68
4506,846,2025-07-31,2047.76
4507,544,2023-02-24,2410.3
4508,463,2024-01-07,493.05
4509,404,2023-08-31,423.97
4510,470,2024-01-07,1597.44
4511,582,2025-06-17,1187.18
4512,107,2025-01-15,854.42
4513,479,2023-01-15,768.0
4514,344,2024-09-23,2298.22
4515,837,2025-05-18,3029.38
4516,773,2023-05-09,1244.79
4517,352,2025-08-29,982.86
4518,883,2024-08-23,1306.1
4519,279,2025-10-13,475.8
4520,206,2023-11-04,1835.47
4521,754,2024-11-16,2887.84
4522,763,2023-06-10,743.65
4523,929,2024-06-01,1779.55
4524,25,2025-01-16,1821.3
4525,663,2023-01-12,3254.96
4526,639,2024-06-13,2566.73
4527,888,2023-03-08,2241.84
4528,547,2025-01-31,1367.1
4529,616,2025-02-16,1543.08
4530,487,2024-03-29,846.41
4531,224,2023-12-28,1255.61
4532,418,2025-01-09,841.99
4533,479,2024-07-29,1997.79
4534,872,2023-10-07,1780.47
4535,151,2023-04-20,2452.23
4536,495,2025-12-28,627.57
4537,336,2023-08-24,2373.51
4538,481,2024-02-19,2023.09
4539,883,2025-01-30,1423.46
4540,24,2024-12-05,688.5
4541,30,2025-04-06,4095.9
4542,697,2023-09-03,1625.27
4543,409,2023-07-14,382.02
4544,504,2025-08-03,1876.58
4545,983,2023-07-29,1937.23
4546,457,2023-01-19,1634.6
4547,68,2023-04-02,2118.07
4548,37,2025-07-20,2282.66
4549,525,2024-02-06,317.84
4550,530,2024-12-20,2337.59
4551,889,2024-08-19,790.31
4552,630,2023-01-21,1522.59
4553,251,2025-03-09,1737.92
4554,532,2024-10-28,3660.87
4555,602,2024-03-17,281.01
4556,996,2023-03-10,1697.79
4557,635,2023-04-21,692.34
4558,163,2024-02-28,293.64
4559,971,2025-04-03,2206.54
4560,362,2024-06-26,237.32
4561,451,2023-08-29,1172.23
4562,947,2023-12-01,451.95
4563,888,2025-01-01,768.31
4564,23,2024-08-21,1931.85
4565,144,2023-03-21,1100.72
4566,581,2024-05-01,879.66
4567,544,2024-08-12,1753.61
4568,601,2025-12-12,1260.37
4569,697,2024-11-01,1016.24
4570,549,2023-11-18,2754.74
4571,873,2023-09-27,3317.79
4572,429,2025-12-17,2255.51
4573,589,2025-05-16,1236.36
4574,16,2024-08-25,2920.14
4575,586,2023-10-06,1190.21
4576,940,2024-11-11,717.42
4577,610,2025-01-09,2148.05
4578,521,2025-11-12,646.47
4579,775,2023-10-02,828.58
4580,458,2025-07-14,2342.52
4581,121,2023-09-16,167.99
4582,755,2024-05-23,1891.27
4583,292,2024-11-08,2729.8
4584,755,2025-05-02,2331.56
4585,578,2024-11-29,2390.69
4586,352,2023-03-03,950.36
4587,270,2023-02-12,2770.31
4588,495,2025-03-24,2083.36
4589,643,2024-02-18,898.87
4590,290,2025-01-16,2743.12
4591,987,2024-11-19,3624.78
4592,220,2024-02-21,2327.13
4593,56,2024-12-30,390.33
4594,595,2023-07-07,103.2
4595,778,2023-04-15,1536.25
4596,697,2025-08-23,1024.69
4597,229,2025-03-11,2998.9
4598,37,2025-12-08,1790.26
4599,381,2024-02-08,1390.5
4600,50,2023-03-09,1684.7
4601,249,2025-10-20,4364.85
4602,174,2023-05-09,1422.03
4603,792,2025-07-16,2493.48
4604,239,2024-09-04,3556.74
4605,153,2025-04-25,2401.82
4606,199,2023-12-07,3212.61
4607,531,2023-07-10,2687.68
4608,457,2023-06-30,1896.5
4609,721,2024-11-16,534.18
4610,414,2024-09-28,727.87
4611,965,2023-11-09,2810.48
4612,398,2025-03-10,1117.51
4613,591,2023-10-26,360.9
4614,999,2023-10-07,1041.33
4615,232,2025-08-15,1054.32
4616,793,2024-07-06,1099.02
4617,730,2023-05-12,367.06
4618,724,2025-12-02,1065.37
4619,336,2025-02-27,1721.05
4620,840,2025-01-31,1859.62
4621,69,2023-09-27,2564.25
4622,964,2024-06-24,823.63
4623,38,2025-01-22,2265.55
4624,44,2023-05-06,2136.72
4625,257,2025-07-22,332.08
4626,52,2024-05-26,916.41
4627,356,2023-02-14,505.38
4628,325,2024-10-16,288.23
4629,641,2024-06-22,1607.13
4630,889,2025-09-01,1902.23
4631,734,2023-04-08,558.06
4632,42,2025-11-01,2362.08
4633,542,2024-07-01,2651.57
4634,371,2023-02-12,1490.86
4635,632,2025-05-29,512.0
4636,221,2024-10-10,2028.59
4637,376,2023-09-10,497.18
4638,610,2023-11-10,1386.87
4639,467,2024-08-11,1740.86
4640,990,2023-11-14,451.22
4641,85,2023-09-16,1959.58
4642,408,2023-03-30,853.55
4643,927,2025-04-27,1832.15
4644,465,2024-10-29,1571.37
4645,691,2024-05-10,2045.45
4646,116,2023-01-16,1427.97
4647,866,2025-06-13,1702.06
4648,86,2025-12-06,732.68
4649,891,2024-02-19,347.29
4650,823,2024-04-15,1025.74
4651,543,2024-07-31,3014.91
4652,193,2023-10-25,335.22
4653,233,2023-03-07,1222.15
4654,272,2025-04-24,1312.73
4655,312,2023-05-21,372.51
4656,313,2025-10-30,839.2
4657,101,2023-04-13,2435.04
4658,208,2024-05-02,421.84
4659,726,2025-01-24,2068.06
4660,840,2024-07-31,539.22
4661,239,2025-07-12,2364.4
4662,277,2025-06-21,256.0
4663,350,2023-12-14,1779.7
4664,861,2025-02-05,2969.55
4665,364,2023-07-13,2108.22
4666,71,2023-04-28,1368.49
4667,788,2024-01-23,754.09
4668,603,2024-03-09,4853.1
4669,741,2024-09-06,732.68
4670,722,2024-08-29,1879.23
4671,479,2023-02-13,1851.73
4672,481,2024-10-18,2969.75
4673,839,2023-11-24,2333.69
4674,125,2025-06-12,3494.15
4675,70,2024-07-24,2043.66
4676,707,2025-04-11,2114.07
4677,683,2025-12-08,3416.09
4678,476,2023-10-02,1024.92
4679,672,2025-04-01,2004.75
4680,326,2025-01-11,2039.22
4681,363,2023-09-04,1140.91
4682,854,2025-07-30,799.14
4683,46,2023-04-10,3280.39
4684,427,2025-08-26,875.41
4685,134,2023-08-20,1729.74
4686,622,2024-05-03,1055.69
4687,564,2024-09-20,723.6
4688,619,2025-08-19,296.66
4689,149,2023-03-15,165.85
4690,64,2025-02-17,424.46
4691,830,2025-10-02,137.89
4692,583,2025-05-10,1909.32
4693,252,2025-09-06,2514.66
4694,802,2025-09-04,992.47
4695,707,2023-12-18,1212.39
4696,692,2024-07-20,2508.18
4697,606,2024-02-08,2380.27
4698,997,2023-12-05,568.48
4699,452,2025-07-31,3069.65
4700,383,2023-04-24,1897.13
4701,495,2023-06-11,827.86
4702,657,2024-10-15,2031.45
4703,79,2023-05-21,2500.38
4704,162,2023-04-13,2268.63
4705,660,2024-12-22,1783.47
4706,549,2025-02-12,1196.84
4707,778,2024-07-11,1587.5
4708,273,2023-08-06,161.07
4709,17,2024-09-06,1836.36
4710,486,2024-06-17,1686.52
4711,518,2025-05-01,3033.95
4712,995,2024-10-19,1274.73
4713,80,2023-07-26,372.51
4714,512,2023-03-18,1183.06
4715,55,2023-07-09,1689.82
4716,291,2025-05-02,345.99
4717,350,2024-05-28,1674.85
4718,292,2023-01-09,2752.03
4719,395,2025-02-23,286.52
4720,854,2024-06-14,1181.05
4721,949,2025-12-12,745.86
4722,592,2025-01-02,60.94
4723,346,2023-10-01,755.25
4724,781,2023-06-24,673.46
4725,649,2023-08-07,2769.5
4726,447,2024-06-02,1235.34
4727,978,2024-11-18,1742.89
4728,402,2025-01-06,1212.39
4729,349,2023-05-18,2796.5
4730,450,2023-07-22,1085.94
4731,721,2024-11-05,391.8
4732,175,2023-06-25,2999.31
4733,277,2025-10-28,382.64
4734,292,2023-01-15,324.99
4735,985,2025-01-11,1684.79
4736,158,2023-01-12,131.31
4737,32,2023-08-10,3942.18
4738,719,2024-09-21,729.64
4739,305,2023-06-01,4750.41
4740,335,2023-07-28,1082.5
4741,815,2023-11-03,1447.41
4742,27,2023-07-14,170.38
4743,530,2024-10-06,602.02
4744,849,2025-12-28,1463.05
4745,257,2023-01-26,1752.37
4746,405,2023-12-23,1237.59
4747,253,2024-06-02,723.6
4748,820,2023-03-22,2667.34
4749,668,2025-10-07,1348.82
4750,499,2023-10-02,915.66
4751,666,2024-11-23,655.24
4752,247,2024-03-23,332.08
4753,20,2025-10-06,1350.56
4754,284,2024-01-10,4465.98
4755,688,2024-02-29,3185.4
4756,327,2024-01-15,740.92
4757,174,2025-11-13,2563.73
4758,529,2023-02-13,1778.98
4759,792,2024-04-18,226.26
4760,617,2025-01-22,2934.02
4761,83,2024-01-27,625.77
4762,355,2023-01-15,3313.5
4763,565,2024-09-01,2039.83
4764,427,2025-04-29,671.67
4765,957,2023-01-24,2086.94
4766,287,2025-01-05,1493.58
4767,345,2023-07-26,505.6
4768,336,2023-05-18,1306.49
4769,706,2024-12-26,1038.51
4770,947,2023-07-23,706.72
4771,510,2024-09-24,941.57
4772,775,2024-12-29,1672.07
4773,145,2024-04-30,2526.87
4774,890,2023-03-22,683.36
4775,846,2023-08-18,513.78
4776,909,2025-12-13,2557.4
4777,699,2024-10-17,879.89
4778,768,2024-10-11,2677.45
4779,245,2023-08-04,140.01
4780,413,2023-11-28,2115.81
4781,801,2024-06-15,430.17
4782,834,2025-12-26,56.83
4783,250,2025-05-05,1380.45
4784,940,2023-04-02,270.88
4785,78,2024-06-01,288.23
4786,459,2023-04-04,402.59
4787,435,2025-08-21,2762.77
4788,490,2023-01-23,286.3
4789,193,2024-09-29,970.27
4790,45,2025-04-22,1717.29
4791,68,2023-01-25,1721.92
4792,342,2025-07-21,3395.18
4793,238,2025-01-01,2612.49
4794,814,2023-06-07,3985.41
4795,434,2025-09-02,1376.11
4796,132,2024-03-12,2047.95
4797,285,2025-11-03,1361.93
4798,350,2025-10-23,1769.11
4799,117,2023-03-04,1815.58
4800,254,2023-08-08,1074.63
4801,929,2023-08-06,1061.47
4802,848,2024-09-18,2656.9
4803,258,2023-03-05,855.27
4804,757,2025-08-16,59.52
4805,202,2025-07-28,2720.58
4806,737,2024-11-20,898.58
4807,960,2023-03-15,2233.53
4808,716,2025-10-27,1655.69
4809,40,2025-07-21,419.45
4810,23,2024-09-27,1935.24
4811,455,2025-01-21,781.41
4812,566,2025-05-25,2010.3
4813,130,2024-08-21,3069.54
4814,425,2025-08-20,256.0
4815,121,2025-10-25,1354.19
4816,796,2023-04-07,1137.7
4817,138,2024-09-22,1671.36
4818,914,2024-06-09,1518.6
4819,823,2025-08-08,1680.29
4820,414,2023-11-26,2266.5
4821,952,2024-01-28,428.76
4822,437,2024-08-13,878.77
4823,945,2025-01-01,1897.91
4824,83,2025-08-30,466.27
4825,278,2024-05-10,2500.46
4826,304,2023-02-28,1666.2
4827,688,2023-11-14,1331.84
4828,112,2023-05-17,402.4
4829,656,2023-10-09,426.01
4830,501,2023-07-29,1070.52
4831,209,2023-04-19,10.72
4832,181,2023-06-04,1767.55
4833,969,2024-05-15,1829.0
4834,794,2025-05-19,903.9
4835,112,2024-10-02,1334.41
4836,547,2024-07-17,822.25
4837,412,2025-12-21,1203.89
4838,62,2025-12-29,1165.74
4839,595,2024-09-28,423.97
4840,137,2024-02-04,2353.83
4841,58,2024-02-27,1528.07
4842,29,2025-10-12,2997.15
4843,600,2025-07-12,273.19
4844,367,2024-01-06,1718.18
4845,260,2024-08-07,996.15
4846,314,2025-05-24,2492.01
4847,895,2025-11-12,1359.24
4848,129,2025-07-25,550.67
4849,805,2024-12-21,1781.81
4850,125,2023-02-15,1847.22
4851,749,2024-02-10,4073.34
4852,762,2024-06-01,2943.76
4853,961,2023-08-02,1707.43
4854,381,2023-05-01,1666.08
4855,305,2024-05-19,3358.91
4856,703,2024-05-12,3114.52
4857,345,2024-09-19,3712.12
4858,178,2025-07-07,857.74
4859,896,2024-08-12,564.99
4860,235,2023-09-29,314.95
4861,219,2024-03-03,1548.34
4862,728,2023-03-04,1333.46
4863,376,2023-07-23,131.31
4864,387,2024-04-18,4097.53
4865,618,2023-11-28,1060.23
4866,299,2024-11-24,3381.74
4867,187,2024-02-27,2188.74
4868,807,2023-09-30,1172.66
4869,845,2024-12-06,457.83
4870,142,2025-02-15,385.04
4871,775,2023-12-05,299.93
4872,916,2024-05-29,2403.72
4873,488,2024-05-24,860.34
4874,186,2023-01-09,2545.51
4875,53,2025-09-02,1830.94
4876,964,2023-06-25,2458.38
4877,465,2025-02-03,3846.46
4878,623,2023-05-01,3220.3
4879,893,2023-11-17,226.26
4880,866,2024-07-25,2690.59
4881,584,2025-04-26,97.88
4882,215,2023-06-04,1419.82
4883,118,2025-07-31,629.01
4884,15,2025-12-12,2429.37
4885,978,2024-07-26,286.27
4886,49,2025-06-27,2644.02
4887,349,2024-11-23,804.8
4888,589,2023-07-18,1837.55
4889,923,2024-05-23,1400.31
4890,514,2025-05-29,1702.0
4891,41,2024-09-23,1262.44
4892,332,2023-04-05,1906.36
4893,679,2024-02-01,1297.43
4894,803,2025-02-12,4266.03
4895,430,2025-11-12,781.68
4896,981,2023-06-26,182.82
4897,831,2025-06-13,3051.29
4898,242,2025-07-10,2201.98
4899,218,2023-08-13,3093.77
4900,949,2024-06-13,935.17
4901,451,2023-01-06,1820.1
4902,353,2023-05-20,1602.9
4903,854,2024-03-27,557.16
4904,121,2023-10-16,1143.72
4905,5,2023-02-25,3675.19
4906,240,2023-10-18,2110.32
4907,8,2023-01-02,850.04
4908,48,2024-02-25,562.02
4909,75,2024-05-18,2690.22
4910,750,2024-06-30,2524.33
4911,26,2025-10-18,685.69
4912,33,2023-04-15,2139.36
4913,317,2024-08-04,1215.15
4914,677,2025-02-20,1068.54
4915,191,2023-06-12,1396.12
4916,333,2024-06-06,1586.48
4917,298,2025-10-19,1128.44
4918,904,2024-04-23,299.93
4919,744,2025-10-27,1853.26
4920,649,2023-11-26,497.11
4921,891,2025-12-09,1566.77
4922,15,2025-08-02,108.33
4923,678,2023-01-14,1212.96
4924,465,2025-09-16,32.16
4925,273,2023-08-15,2846.55
4926,562,2024-04-17,2163.45
4927,504,2025-07-10,2470.24
4928,997,2025-03-18,964.94
4929,129,2023-01-18,2881.46
4930,949,2024-01-14,385.04
4931,64,2024-08-11,2795.68
4932,148,2025-08-16,323.1
4933,442,2023-06-07,3815.15
4934,238,2025-12-13,1341.78
4935,425,2025-06-03,445.25
4936,820,2023-06-29,1394.93
4937,195,2024-05-04,829.21
4938,821,2025-11-07,1922.45
4939,545,2024-10-24,1271.13
4940,297,2024-12-29,247.9
4941,77,2024-07-20,994.04
4942,355,2025-07-20,1620.34
4943,730,2023-07-02,1239.16
4944,936,2025-06-03,300.15
4945,825,2024-12-28,3751.45
4946,397,2023-04-05,1060.08
4947,768,2023-08-16,1770.35
4948,721,2023-12-11,1575.02
4949,497,2025-07-26,2555.76
4950,859,2023-04-10,197.66
4951,671,2025-10-09,370.32
4952,696,2024-10-02,761.76
4953,466,2023-11-22,97.88
4954,795,2025-01-18,137.89
4955,650,2024-07-15,1891.35
4956,428,2024-01-10,658.12
4957,436,2025-04-15,454.93
4958,695,2024-12-23,75.42
4959,295,2024-01-22,830.56
4960,690,2023-07-07,1626.74
4961,321,2025-12-15,511.81
4962,906,2024-08-02,2989.46
4963,615,2024-03-10,594.46
4964,656,2025-08-11,808.26
4965,277,2023-01-09,1846.29
4966,496,2023-07-17,2323.33
4967,645,2024-03-27,2970.25
4968,131,2025-06-27,2366.07
4969,949,2023-08-07,1843.6
4970,109,2024-11-26,818.04
4971,891,2023-09-19,2666.78
4972,101,2024-03-01,1442.78
4973,162,2025-08-25,2025.46
4974,194,2024-03-16,3203.96
4975,152,2025-06-23,1786.76
4976,474,2023-06-29,1411.54
4977,192,2023-12-30,223.48
4978,877,2024-10-28,1566.89
4979,402,2024-06-30,1029.03
4980,603,2023-07-10,2334.24
4981,58,2025-08-07,1551.93
4982,513,2024-05-04,1563.27
4983,925,2025-07-02,2085.73
4984,224,2023-03-22,1373.49
4985,45,2023-05-03,2725.41
4986,981,2025-09-01,2375.46
4987,170,2024-09-24,2781.39
4988,226,2024-01-12,3119.54
4989,292,2023-05-14,1747.49
4990,124,2025-08-11,951.07
4991,111,2025-10-20,3253.82
4992,419,2024-11-01,1625.88
4993,762,2024-10-06,1226.0
4994,279,2025-11-22,1464.64
4995,189,2023-09-19,926.86
4996,940,2025-01-24,853.59
4997,497,2025-03-23,2021.57
4998,59,2024-01-14,2776.14
4999,147,2023-09-07,143.26
5000,371,2023-11-01,1371.88
