order_id,product_id,quantity,unit_price
1,5,3,280.9
1,12,3,142.92
1,92,2,161.07
2,51,2,60.94
2,18,2,404.13
2,72,3,482.47
2,34,3,251.75
2,4,3,430.17
3,43,2,179.75
3,26,3,281.01
3,78,1,370.32
3,7,3,372.93
3,70,3,288.23
4,97,2,414.93
4,64,3,487.53
4,52,3,269.61
5,7,2,372.93
6,20,2,477.5
6,40,2,13.13
6,39,3,130.11
6,52,2,269.61
6,56,3,498.51
7,29,3,286.27
7,56,2,498.51
7,88,1,209.19
7,1,3,197.66
7,73,2,126.02
8,21,1,43.77
8,88,3,209.19
8,96,2,346.17
8,46,2,475.99
8,94,3,68.76
9,43,2,179.75
9,82,1,109.33
10,62,1,353.41
10,24,1,423.97
10,49,1,426.01
10,73,2,126.02
10,97,2,414.93
11,63,3,192.52
11,32,2,237.32
12,70,2,288.23
12,92,1,161.07
12,78,3,370.32
12,22,3,237.9
13,60,3,449.67
13,23,3,148.33
13,25,1,170.38
14,82,2,109.33
14,33,2,299.93
14,56,1,498.51
15,46,1,475.99
16,77,2,353.36
16,94,1,68.76
16,96,3,346.17
17,49,3,426.01
18,22,3,237.9
18,65,3,51.6
18,71,3,223.14
18,50,3,366.34
19,61,3,264.68
19,79,2,165.85
19,22,1,237.9
19,35,1,388.58
19,33,3,299.93
20,47,3,10.72
20,11,2,362.94
20,67,2,75.42
20,55,1,39.35
20,80,1,143.26
21,35,3,388.58
21,7,1,372.93
21,72,3,482.47
22,13,1,48.16
22,70,3,288.23
23,16,2,451.95
24,95,3,87.23
24,25,1,170.38
24,35,1,388.58
24,61,3,264.68
24,54,1,251.09
25,64,3,487.53
25,78,3,370.32
25,32,1,237.32
25,81,1,46.6
26,21,1,43.77
26,4,2,430.17
27,13,2,48.16
27,65,1,51.6
28,1,3,197.66
29,31,1,315.13
29,75,2,164.35
30,28,1,108.33
30,10,1,213.97
31,82,3,109.33
31,98,1,351.47
31,88,2,209.19
31,28,1,108.33
32,71,1,223.14
32,23,1,148.33
32,11,1,362.94
32,22,1,237.9
32,63,3,192.52
33,55,1,39.35
33,62,3,353.41
33,24,2,423.97
33,5,3,280.9
33,15,1,256.0
34,13,2,48.16
34,85,2,86.15
35,52,3,269.61
35,74,1,137.89
35,90,1,482.67
36,89,1,272.6
37,82,2,109.33
37,97,2,414.93
37,96,1,346.17
37,11,1,362.94
37,60,2,449.67
38,68,1,411.78
38,31,3,315.13
38,33,2,299.93
39,48,1,332.08
40,37,2,451.22
40,93,2,139.85
40,64,3,487.53
41,15,2,256.0
42,92,3,161.07
43,58,3,55.58
43,2,1,83.54
43,18,1,404.13
43,62,2,353.41
43,19,1,490.89
44,80,1,143.26
45,2,3,83.54
45,70,3,288.23
45,94,3,68.76
45,26,3,281.01
45,37,1,451.22
46,27,1,13.9
46,22,2,237.9
47,4,2,430.17
48,91,1,111.74
48,28,3,108.33
48,23,1,148.33
48,34,1,251.75
48,90,3,482.67
49,24,2,423.97
49,92,1,161.07
49,58,2,55.58
50,84,1,296.51
50,6,1,457.83
51,15,2,256.0
51,13,2,48.16
52,45,3,439.83
52,93,1,139.85
52,38,1,382.64
52,22,2,237.9
52,68,2,411.78
53,13,3,48.16
54,52,2,269.61
55,15,2,256.0
55,56,3,498.51
55,60,1,449.67
55,95,3,87.23
55,69,1,46.67
56,41,2,210.92
56,13,1,48.16
57,51,2,60.94
57,33,1,299.93
57,97,1,414.93
57,22,1,237.9
57,56,1,498.51
58,79,3,165.85
59,11,2,362.94
59,62,1,353.41
59,88,3,209.19
60,37,3,451.22
61,47,1,10.72
62,78,3,370.32
63,100,3,419.6
63,10,2,213.97
63,8,1,215.49
64,42,2,124.17
64,41,3,210.92
64,1,2,197.66
64,68,1,411.78
65,38,1,382.64
65,53,2,126.7
65,63,3,192.52
65,58,2,55.58
65,8,2,215.49
66,79,1,165.85
66,63,3,192.52
66,7,3,372.93
66,94,3,68.76
67,4,2,430.17
67,84,2,296.51
68,85,2,86.15
68,38,3,382.64
68,6,1,457.83
69,42,1,124.17
69,92,2,161.07
69,1,1,197.66
70,22,2,237.9
70,59,1,461.42
70,83,3,392.17
70,77,1,353.36
71,24,3,423.97
71,73,1,126.02
71,4,1,430.17
71,16,1,451.95
71,89,2,272.6
72,12,1,142.92
73,25,2,170.38
74,55,1,39.35
75,69,3,46.67
75,4,1,430.17
75,10,2,213.97
75,80,1,143.26
76,39,2,130.11
76,6,2,457.83
77,9,3,167.68
78,82,1,109.33
78,92,3,161.07
78,35,1,388.58
78,61,2,264.68
79,86,2,90.54
80,70,3,288.23
80,46,2,475.99
80,57,3,358.71
81,52,1,269.61
81,25,2,170.38
81,81,1,46.6
81,85,2,86.15
81,12,3,142.92
82,4,3,430.17
82,40,1,13.13
82,82,1,109.33
82,39,3,130.11
82,70,3,288.23
83,16,2,451.95
83,74,2,137.89
83,8,3,215.49
83,13,2,48.16
83,97,2,414.93
84,60,3,449.67
84,57,2,358.71
84,54,1,251.09
84,10,2,213.97
85,52,1,269.61
85,95,3,87.23
85,4,1,430.17
85,13,1,48.16
85,62,2,353.41
86,40,2,13.13
86,43,1,179.75
86,10,1,213.97
86,62,1,353.41
87,72,2,482.47
87,1,3,197.66
88,30,3,158.92
88,40,1,13.13
88,58,2,55.58
89,85,3,86.15
89,18,1,404.13
89,42,1,124.17
89,25,3,170.38
90,82,3,109.33
90,76,1,402.4
90,83,3,392.17
91,68,2,411.78
91,73,1,126.02
91,72,2,482.47
92,64,3,487.53
92,23,1,148.33
92,59,1,461.42
92,22,3,237.9
92,80,3,143.26
93,90,3,482.67
93,61,1,264.68
93,88,1,209.19
94,4,3,430.17
94,79,3,165.85
94,32,2,237.32
95,26,2,281.01
95,92,2,161.07
95,78,2,370.32
95,68,3,411.78
96,35,2,388.58
96,18,1,404.13
96,87,3,238.37
97,30,3,158.92
97,41,2,210.92
97,93,1,139.85
97,98,3,351.47
97,51,1,60.94
98,10,2,213.97
98,71,2,223.14
98,94,1,68.76
98,54,1,251.09
98,85,2,86.15
99,43,1,179.75
99,29,2,286.27
100,50,3,366.34
101,8,2,215.49
101,14,2,192.68
102,32,1,237.32
102,35,1,388.58
103,89,2,272.6
103,18,2,404.13
103,12,3,142.92
104,33,2,299.93
104,89,1,272.6
105,28,3,108.33
105,52,2,269.61
105,22,1,237.9
105,68,1,411.78
106,47,1,10.72
106,59,2,461.42
107,35,1,388.58
107,47,3,10.72
107,92,3,161.07
108,27,1,13.9
108,35,1,388.58
108,38,1,382.64
109,60,2,449.67
110,74,3,137.89
110,34,2,251.75
110,38,2,382.64
111,22,3,237.9
111,98,3,351.47
111,11,3,362.94
112,23,2,148.33
112,81,2,46.6
112,99,1,29.76
113,15,1,256.0
113,47,1,10.72
113,10,2,213.97
113,21,2,43.77
113,80,2,143.26
114,23,1,148.33
114,33,3,299.93
114,85,3,86.15
114,50,3,366.34
114,37,2,451.22
115,33,3,299.93
115,57,1,358.71
116,28,3,108.33
116,84,3,296.51
116,80,2,143.26
117,98,1,351.47
117,83,2,392.17
117,73,1,126.02
118,8,2,215.49
119,16,3,451.95
119,34,1,251.75
119,48,3,332.08
120,36,3,105.76
120,62,1,353.41
121,7,2,372.93
121,44,3,421.39
122,34,3,251.75
122,42,1,124.17
123,4,3,430.17
124,12,1,142.92
124,18,3,404.13
124,33,2,299.93
124,52,3,269.61
124,39,3,130.11
125,22,1,237.9
125,40,3,13.13
125,27,1,13.9
125,96,2,346.17
126,2,3,83.54
126,55,3,39.35
126,54,2,251.09
126,95,1,87.23
127,49,3,426.01
128,32,3,237.32
128,96,1,346.17
128,58,1,55.58
128,40,1,13.13
129,63,2,192.52
129,77,2,353.36
129,90,1,482.67
129,81,2,46.6
129,5,1,280.9
130,57,3,358.71
130,11,1,362.94
130,45,1,439.83
131,22,2,237.9
132,18,3,404.13
133,11,1,362.94
133,54,1,251.09
134,98,2,351.47
134,7,1,372.93
134,24,3,423.97
135,70,1,288.23
135,54,1,251.09
135,66,1,56.83
135,30,1,158.92
135,82,3,109.33
136,11,3,362.94
136,34,3,251.75
136,96,2,346.17
136,90,1,482.67
137,5,2,280.9
137,60,2,449.67
137,80,3,143.26
138,82,1,109.33
138,97,1,414.93
138,58,1,55.58
138,65,3,51.6
138,34,1,251.75
139,11,1,362.94
139,36,2,105.76
139,35,2,388.58
140,83,2,392.17
141,63,1,192.52
141,22,3,237.9
142,55,2,39.35
142,9,1,167.68
142,92,3,161.07
142,46,3,475.99
142,75,2,164.35
143,91,3,111.74
143,77,2,353.36
143,35,3,388.58
143,59,2,461.42
143,42,1,124.17
144,90,1,482.67
144,98,3,351.47
144,78,1,370.32
144,65,1,51.6
145,41,3,210.92
145,64,2,487.53
145,62,3,353.41
146,83,2,392.17
146,69,1,46.67
146,27,2,13.9
146,50,2,366.34
146,57,3,358.71
147,6,2,457.83
148,28,3,108.33
148,78,1,370.32
148,35,2,388.58
148,94,1,68.76
148,87,2,238.37
149,73,1,126.02
149,8,2,215.49
150,95,2,87.23
150,4,3,430.17
150,18,3,404.13
150,68,2,411.78
151,81,3,46.6
151,50,2,366.34
151,55,1,39.35
151,92,2,161.07
151,2,2,83.54
152,51,1,60.94
152,3,1,466.27
152,63,1,192.52
152,42,1,124.17
153,65,2,51.6
154,50,3,366.34
154,22,1,237.9
155,40,3,13.13
155,84,1,296.51
155,37,1,451.22
155,14,2,192.68
156,75,3,164.35
156,38,2,382.64
156,8,3,215.49
157,42,2,124.17
157,52,1,269.61
158,21,1,43.77
158,36,2,105.76
158,83,2,392.17
159,43,3,179.75
159,5,2,280.9
159,58,2,55.58
159,93,2,139.85
159,54,1,251.09
160,33,2,299.93
160,72,3,482.47
160,96,3,346.17
160,94,1,68.76
161,10,3,213.97
161,22,3,237.9
161,43,2,179.75
162,59,1,461.42
162,76,3,402.4
162,82,2,109.33
162,7,2,372.93
163,21,3,43.77
163,62,3,353.41
164,80,3,143.26
164,36,3,105.76
165,42,2,124.17
165,21,2,43.77
165,27,2,13.9
165,80,3,143.26
166,73,1,126.02
166,79,3,165.85
166,7,3,372.93
166,19,2,490.89
166,8,2,215.49
167,57,1,358.71
168,72,2,482.47
169,44,3,421.39
170,17,2,97.88
171,54,3,251.09
171,73,2,126.02
172,41,2,210.92
172,29,1,286.27
172,89,3,272.6
172,70,1,288.23
173,62,1,353.41
173,49,3,426.01
173,91,2,111.74
173,32,2,237.32
173,43,1,179.75
174,17,3,97.88
174,93,1,139.85
174,56,1,498.51
175,8,1,215.49
175,66,1,56.83
175,46,2,475.99
176,27,2,13.9
176,34,1,251.75
177,68,3,411.78
178,68,1,411.78
178,64,3,487.53
178,25,1,170.38
178,58,3,55.58
179,45,1,439.83
179,78,3,370.32
179,25,3,170.38
179,85,1,86.15
180,14,1,192.68
180,92,2,161.07
180,79,1,165.85
181,7,3,372.93
181,32,1,237.32
181,26,1,281.01
181,95,3,87.23
182,38,3,382.64
182,37,3,451.22
182,12,2,142.92
183,54,2,251.09
183,84,1,296.51
184,87,3,238.37
184,3,3,466.27
185,12,2,142.92
185,29,3,286.27
186,7,1,372.93
186,94,3,68.76
186,21,1,43.77
186,88,2,209.19
186,9,2,167.68
187,64,2,487.53
187,59,2,461.42
187,60,2,449.67
187,31,2,315.13
188,46,2,475.99
188,45,3,439.83
188,39,1,130.11
189,33,1,299.93
189,65,3,51.6
190,90,2,482.67
190,33,3,299.93
190,26,3,281.01
191,14,1,192.68
192,49,1,426.01
192,80,3,143.26
193,48,1,332.08
193,27,3,13.9
193,31,3,315.13
194,25,1,170.38
194,89,1,272.6
195,27,2,13.9
196,40,3,13.13
197,41,1,210.92
197,44,1,421.39
197,96,2,346.17
197,4,2,430.17
197,60,1,449.67
198,18,2,404.13
198,55,2,39.35
198,2,3,83.54
198,50,1,366.34
199,81,2,46.6
199,16,2,451.95
199,96,3,346.17
200,56,2,498.51
200,21,3,43.77
200,14,1,192.68
200,54,3,251.09
201,85,3,86.15
201,18,3,404.13
201,59,2,461.42
202,7,3,372.93
202,23,2,148.33
203,56,3,498.51
204,62,1,353.41
204,22,3,237.9
204,45,1,439.83
205,30,2,158.92
205,95,3,87.23
206,27,1,13.9
206,59,2,461.42
206,60,3,449.67
206,99,1,29.76
206,15,3,256.0
207,68,3,411.78
207,99,1,29.76
207,72,3,482.47
208,39,3,130.11
208,78,3,370.32
208,46,2,475.99
208,11,3,362.94
208,50,3,366.34
209,96,3,346.17
210,36,2,105.76
210,41,2,210.92
210,51,2,60.94
210,85,2,86.15
210,38,1,382.64
211,75,1,164.35
211,1,2,197.66
212,48,1,332.08
213,20,2,477.5
213,95,2,87.23
213,68,3,411.78
214,43,1,179.75
214,33,1,299.93
214,64,3,487.53
215,61,2,264.68
215,98,1,351.47
215,63,1,192.52
215,77,3,353.36
215,88,2,209.19
216,58,3,55.58
216,6,1,457.83
216,96,2,346.17
216,79,2,165.85
217,98,2,351.47
217,83,1,392.17
218,65,1,51.6
218,90,1,482.67
219,86,2,90.54
219,10,3,213.97
219,60,1,449.67
220,31,1,315.13
220,35,3,388.58
220,90,1,482.67
220,55,1,39.35
221,13,1,48.16
221,29,3,286.27
221,85,2,86.15
221,39,3,130.11
222,17,2,97.88
222,88,2,209.19
222,96,2,346.17
222,12,2,142.92
222,50,1,366.34
223,45,3,439.83
223,37,3,451.22
223,83,3,392.17
223,23,3,148.33
224,17,3,97.88
224,98,2,351.47
225,88,2,209.19
225,65,3,51.6
225,44,1,421.39
225,12,2,142.92
226,67,2,75.42
226,66,3,56.83
226,9,2,167.68
226,45,1,439.83
227,47,2,10.72
227,54,1,251.09
227,87,2,238.37
228,72,3,482.47
228,75,1,164.35
228,39,2,130.11
228,6,3,457.83
229,50,2,366.34
229,33,3,299.93
230,44,3,421.39
231,41,2,210.92
231,16,1,451.95
231,90,1,482.67
232,27,2,13.9
232,76,2,402.4
233,24,2,423.97
233,17,2,97.88
234,66,1,56.83
235,51,1,60.94
235,78,3,370.32
235,52,1,269.61
236,19,3,490.89
237,73,3,126.02
237,58,3,55.58
237,95,2,87.23
237,40,3,13.13
238,71,3,223.14
238,39,3,130.11
238,68,3,411.78
238,62,3,353.41
239,95,2,87.23
239,26,1,281.01
239,11,1,362.94
239,74,2,137.89
240,64,1,487.53
240,81,2,46.6
241,50,1,366.34
241,74,1,137.89
242,73,2,126.02
242,94,2,68.76
242,11,1,362.94
243,1,1,197.66
243,16,2,451.95
244,52,1,269.61
244,76,1,402.4
244,92,2,161.07
245,27,1,13.9
245,14,3,192.68
245,97,3,414.93
245,78,2,370.32
246,60,3,449.67
246,88,1,209.19
247,47,1,10.72
247,86,2,90.54
247,45,1,439.83
247,29,1,286.27
247,50,1,366.34
248,53,1,126.7
249,54,3,251.09
249,61,3,264.68
249,27,2,13.9
250,59,3,461.42
250,48,2,332.08
250,51,1,60.94
250,80,3,143.26
251,40,3,13.13
251,9,1,167.68
251,1,1,197.66
251,39,3,130.11
251,2,1,83.54
252,27,1,13.9
252,3,2,466.27
252,28,3,108.33
252,97,1,414.93
253,39,3,130.11
253,89,2,272.6
253,49,1,426.01
253,27,3,13.9
254,44,1,421.39
254,53,1,126.7
255,66,1,56.83
255,89,3,272.6
255,97,1,414.93
255,20,3,477.5
255,2,2,83.54
256,43,3,179.75
256,65,1,51.6
256,86,3,90.54
256,53,2,126.7
256,18,1,404.13
257,91,1,111.74
258,84,1,296.51
259,98,1,351.47
259,11,1,362.94
259,60,3,449.67
259,63,2,192.52
259,78,2,370.32
260,51,3,60.94
260,30,2,158.92
260,84,2,296.51
260,93,1,139.85
261,10,2,213.97
261,84,3,296.51
261,32,3,237.32
261,21,2,43.77
261,54,2,251.09
262,25,1,170.38
263,79,3,165.85
263,7,3,372.93
263,92,3,161.07
263,23,2,148.33
264,29,2,286.27
265,28,3,108.33
265,45,1,439.83
265,82,3,109.33
266,85,1,86.15
267,91,3,111.74
267,33,2,299.93
268,89,3,272.6
268,58,2,55.58
269,58,2,55.58
269,13,1,48.16
269,75,3,164.35
269,81,1,46.6
270,48,2,332.08
271,59,3,461.42
271,72,2,482.47
271,8,2,215.49
271,9,1,167.68
271,17,2,97.88
272,38,2,382.64
272,70,1,288.23
272,78,3,370.32
272,10,3,213.97
272,65,3,51.6
273,65,1,51.6
273,22,3,237.9
274,42,1,124.17
275,76,2,402.4
275,60,2,449.67
275,57,2,358.71
276,12,2,142.92
276,32,2,237.32
276,52,2,269.61
276,93,2,139.85
276,11,2,362.94
277,66,1,56.83
277,22,3,237.9
278,14,3,192.68
278,73,2,126.02
278,84,3,296.51
278,42,3,124.17
279,17,3,97.88
280,72,2,482.47
280,34,1,251.75
280,75,3,164.35
281,95,2,87.23
281,41,2,210.92
281,59,2,461.42
282,93,1,139.85
283,69,3,46.67
283,56,1,498.51
283,44,3,421.39
283,81,3,46.6
283,3,1,466.27
284,77,2,353.36
284,45,3,439.83
284,93,2,139.85
285,25,3,170.38
285,19,3,490.89
285,27,2,13.9
285,73,3,126.02
285,90,1,482.67
286,2,2,83.54
286,15,1,256.0
286,75,1,164.35
286,100,3,419.6
287,4,3,430.17
287,54,2,251.09
287,50,3,366.34
287,14,1,192.68
288,5,3,280.9
288,91,1,111.74
288,68,2,411.78
288,64,1,487.53
289,86,1,90.54
290,29,3,286.27
291,71,1,223.14
291,13,1,48.16
292,98,3,351.47
293,55,1,39.35
293,51,1,60.94
293,62,1,353.41
293,29,3,286.27
293,57,2,358.71
294,38,2,382.64
294,100,3,419.6
295,49,2,426.01
295,47,2,10.72
296,59,3,461.42
297,75,3,164.35
298,45,2,439.83
299,63,3,192.52
299,37,2,451.22
299,25,2,170.38
300,5,2,280.9
300,41,1,210.92
300,34,3,251.75
300,51,1,60.94
301,51,2,60.94
302,1,2,197.66
302,76,3,402.4
302,96,3,346.17
302,44,3,421.39
302,35,2,388.58
303,92,1,161.07
303,85,2,86.15
304,65,1,51.6
304,55,2,39.35
304,69,1,46.67
304,16,1,451.95
304,8,1,215.49
305,23,2,148.33
305,55,2,39.35
305,54,3,251.09
305,17,1,97.88
305,41,3,210.92
306,73,2,126.02
307,7,2,372.93
307,40,2,13.13
307,2,1,83.54
307,12,2,142.92
307,100,3,419.6
308,99,1,29.76
308,94,1,68.76
308,2,3,83.54
308,6,3,457.83
309,5,2,280.9
310,67,2,75.42
310,65,2,51.6
311,57,3,358.71
311,98,2,351.47
311,91,3,111.74
311,30,2,158.92
312,32,3,237.32
312,52,1,269.61
312,97,3,414.93
313,71,3,223.14
314,14,3,192.68
314,27,2,13.9
314,74,3,137.89
315,64,1,487.53
315,9,1,167.68
315,68,1,411.78
315,29,1,286.27
316,38,3,382.64
316,17,3,97.88
316,85,2,86.15
317,46,1,475.99
317,81,1,46.6
318,75,3,164.35
319,26,2,281.01
320,39,1,130.11
320,96,3,346.17
320,2,3,83.54
320,74,2,137.89
320,38,1,382.64
321,41,2,210.92
321,73,3,126.02
322,95,1,87.23
322,76,1,402.4
322,5,1,280.9
322,94,3,68.76
322,88,3,209.19
323,87,2,238.37
323,54,1,251.09
323,60,3,449.67
323,50,2,366.34
324,94,3,68.76
324,68,2,411.78
325,26,2,281.01
326,83,1,392.17
327,79,2,165.85
327,61,2,264.68
327,71,2,223.14
327,28,3,108.33
327,69,3,46.67
328,3,1,466.27
328,68,3,411.78
329,53,1,126.7
329,31,3,315.13
330,86,2,90.54
330,27,3,13.9
330,82,1,109.33
330,80,1,143.26
330,88,2,209.19
331,32,2,237.32
331,66,1,56.83
331,22,2,237.9
331,1,2,197.66
332,11,1,362.94
332,71,1,223.14
332,42,1,124.17
332,16,2,451.95
332,29,3,286.27
333,8,2,215.49
333,44,2,421.39
333,57,2,358.71
333,58,1,55.58
334,18,3,404.13
334,91,1,111.74
334,86,1,90.54
334,72,1,482.47
334,71,1,223.14
335,68,2,411.78
335,57,2,358.71
336,5,3,280.9
336,46,1,475.99
336,65,1,51.6
337,27,2,13.9
338,49,2,426.01
339,68,3,411.78
339,62,1,353.41
339,15,2,256.0
339,77,3,353.36
340,85,2,86.15
340,23,2,148.33
340,49,1,426.01
340,42,1,124.17
341,37,2,451.22
341,74,3,137.89
341,54,2,251.09
341,62,1,353.41
342,41,2,210.92
342,30,1,158.92
342,58,2,55.58
343,93,3,139.85
343,39,1,130.11
343,87,2,238.37
343,67,1,75.42
344,84,3,296.51
344,78,1,370.32
344,74,3,137.89
344,7,2,372.93
345,98,1,351.47
346,41,3,210.92
347,61,2,264.68
347,32,1,237.32
347,30,2,158.92
347,70,2,288.23
348,37,1,451.22
348,95,3,87.23
348,54,2,251.09
348,64,1,487.53
349,97,3,414.93
349,69,1,46.67
349,2,3,83.54
349,78,3,370.32
350,9,1,167.68
350,75,2,164.35
351,42,2,124.17
351,90,2,482.67
351,8,3,215.49
351,23,2,148.33
352,32,3,237.32
353,96,1,346.17
353,45,3,439.83
353,49,1,426.01
354,100,3,419.6
354,70,1,288.23
355,39,2,130.11
355,80,1,143.26
356,99,1,29.76
356,42,2,124.17
356,58,1,55.58
357,44,3,421.39
357,93,3,139.85
357,61,1,264.68
358,25,3,170.38
358,69,1,46.67
358,70,1,288.23
358,1,2,197.66
359,60,2,449.67
359,12,1,142.92
360,96,3,346.17
360,86,3,90.54
360,50,3,366.34
360,99,3,29.76
360,21,2,43.77
361,60,3,449.67
361,95,1,87.23
361,33,1,299.93
361,62,3,353.41
361,54,2,251.09
362,27,3,13.9
363,45,2,439.83
363,84,3,296.51
363,36,1,105.76
363,61,2,264.68
363,72,3,482.47
364,74,1,137.89
365,79,1,165.85
366,93,2,139.85
366,74,1,137.89
367,90,1,482.67
367,29,3,286.27
368,98,2,351.47
369,45,3,439.83
369,31,3,315.13
370,94,2,68.76
370,13,2,48.16
370,65,2,51.6
371,36,3,105.76
371,9,1,167.68
371,70,2,288.23
372,68,1,411.78
372,31,1,315.13
372,11,1,362.94
372,34,2,251.75
372,99,2,29.76
373,4,1,430.17
373,26,3,281.01
374,56,1,498.51
374,61,2,264.68
375,79,2,165.85
375,2,3,83.54
375,40,3,13.13
376,47,3,10.72
376,57,3,358.71
376,13,3,48.16
376,55,2,39.35
377,12,1,142.92
377,25,3,170.38
378,8,1,215.49
378,68,3,411.78
378,54,2,251.09
379,41,2,210.92
379,50,2,366.34
379,38,2,382.64
379,81,1,46.6
379,27,3,13.9
380,69,1,46.67
380,23,2,148.33
380,27,3,13.9
380,3,2,466.27
380,74,1,137.89
381,77,2,353.36
381,84,3,296.51
381,82,1,109.33
381,38,2,382.64
381,51,1,60.94
382,51,1,60.94
383,3,2,466.27
383,71,2,223.14
384,14,2,192.68
385,96,1,346.17
385,51,3,60.94
386,31,1,315.13
387,40,2,13.13
387,78,3,370.32
387,7,2,372.93
387,66,2,56.83
388,11,2,362.94
388,81,3,46.6
388,12,3,142.92
388,56,1,498.51
388,31,3,315.13
389,30,1,158.92
390,92,3,161.07
391,50,2,366.34
392,99,2,29.76
392,49,1,426.01
393,68,2,411.78
393,36,2,105.76
394,10,1,213.97
394,38,3,382.64
394,97,3,414.93
395,59,1,461.42
395,79,1,165.85
395,49,3,426.01
396,10,3,213.97
396,98,1,351.47
396,14,3,192.68
397,68,1,411.78
397,55,2,39.35
397,11,3,362.94
398,96,1,346.17
398,6,1,457.83
398,95,2,87.23
398,85,1,86.15
399,54,3,251.09
399,76,1,402.4
399,3,2,466.27
400,79,1,165.85
400,85,3,86.15
400,43,3,179.75
401,14,2,192.68
401,93,1,139.85
401,49,1,426.01
401,18,2,404.13
401,40,2,13.13
402,70,1,288.23
402,37,1,451.22
402,41,1,210.92
402,61,2,264.68
403,8,2,215.49
403,23,1,148.33
403,88,1,209.19
404,74,2,137.89
404,25,1,170.38
404,45,2,439.83
404,35,1,388.58
404,96,1,346.17
405,88,2,209.19
406,79,2,165.85
406,67,1,75.42
407,32,3,237.32
407,85,1,86.15
408,82,2,109.33
408,96,2,346.17
408,4,2,430.17
409,33,3,299.93
410,30,1,158.92
410,29,1,286.27
410,85,2,86.15
411,33,2,299.93
412,98,1,351.47
412,41,1,210.92
412,46,3,475.99
412,33,3,299.93
412,95,3,87.23
413,38,3,382.64
413,97,1,414.93
414,1,3,197.66
414,24,3,423.97
415,10,3,213.97
415,46,3,475.99
415,84,3,296.51
415,24,2,423.97
415,7,1,372.93
416,57,2,358.71
417,1,2,197.66
417,16,1,451.95
417,21,2,43.77
417,54,1,251.09
417,78,2,370.32
418,62,3,353.41
419,92,2,161.07
419,18,3,404.13
420,9,1,167.68
420,30,1,158.92
420,77,3,353.36
420,38,1,382.64
420,31,2,315.13
421,95,1,87.23
422,33,1,299.93
422,77,3,353.36
422,51,1,60.94
422,20,3,477.5
423,38,3,382.64
423,7,1,372.93
423,98,2,351.47
424,46,3,475.99
424,33,3,299.93
424,27,2,13.9
424,77,1,353.36
425,97,1,414.93
425,46,1,475.99
425,95,1,87.23
425,68,3,411.78
425,3,2,466.27
426,13,2,48.16
426,37,3,451.22
426,72,1,482.47
427,76,1,402.4
427,84,3,296.51
428,3,2,466.27
428,43,3,179.75
428,8,3,215.49
429,85,1,86.15
429,14,2,192.68
429,43,1,179.75
429,75,3,164.35
430,28,2,108.33
430,60,1,449.67
431,8,3,215.49
432,62,2,353.41
433,33,3,299.93
433,61,1,264.68
433,74,3,137.89
434,89,1,272.6
435,16,1,451.95
435,63,1,192.52
435,33,1,299.93
435,92,3,161.07
436,46,3,475.99
436,51,3,60.94
436,68,3,411.78
437,68,3,411.78
437,51,2,60.94
437,43,1,179.75
438,38,2,382.64
438,100,2,419.6
438,36,2,105.76
438,77,1,353.36
439,18,3,404.13
439,29,1,286.27
439,51,2,60.94
439,49,2,426.01
440,14,3,192.68
440,19,1,490.89
440,1,3,197.66
441,25,2,170.38
442,77,2,353.36
442,27,1,13.9
442,65,3,51.6
442,82,3,109.33
442,20,3,477.5
443,1,3,197.66
443,40,1,13.13
443,28,2,108.33
444,52,1,269.61
445,51,3,60.94
445,78,2,370.32
446,57,2,358.71
446,48,2,332.08
446,17,3,97.88
446,89,2,272.6
447,7,2,372.93
447,28,1,108.33
447,86,2,90.54
447,95,2,87.23
447,13,3,48.16
448,59,2,461.42
449,34,3,251.75
449,83,1,392.17
450,44,2,421.39
450,32,2,237.32
451,21,1,43.77
451,79,3,165.85
451,66,1,56.83
452,27,3,13.9
453,31,1,315.13
453,77,3,353.36
453,47,3,10.72
454,6,2,457.83
454,67,1,75.42
454,84,1,296.51
454,69,3,46.67
455,60,1,449.67
455,31,1,315.13
455,38,2,382.64
455,91,3,111.74
455,4,3,430.17
456,93,2,139.85
456,39,3,130.11
456,59,2,461.42
456,43,1,179.75
457,60,3,449.67
457,5,3,280.9
457,36,1,105.76
457,98,3,351.47
458,59,2,461.42
458,69,2,46.67
458,9,2,167.68
458,78,2,370.32
459,62,1,353.41
459,58,1,55.58
459,30,3,158.92
459,79,1,165.85
459,50,3,366.34
460,3,1,466.27
460,44,2,421.39
460,61,3,264.68
461,13,2,48.16
461,7,1,372.93
461,67,3,75.42
461,96,3,346.17
461,3,2,466.27
462,55,2,39.35
462,80,1,143.26
462,82,1,109.33
463,92,3,161.07
463,21,3,43.77
463,14,3,192.68
463,88,2,209.19
464,9,3,167.68
464,87,3,238.37
464,93,1,139.85
464,55,2,39.35
465,65,1,51.6
465,60,2,449.67
465,24,1,423.97
466,98,1,351.47
466,9,2,167.68
466,16,3,451.95
467,57,2,358.71
467,72,2,482.47
467,92,1,161.07
468,50,2,366.34
468,42,3,124.17
469,71,3,223.14
469,9,1,167.68
470,16,3,451.95
470,22,3,237.9
470,63,3,192.52
470,98,3,351.47
470,72,2,482.47
471,34,3,251.75
471,74,3,137.89
472,80,2,143.26
473,82,3,109.33
474,13,2,48.16
474,93,3,139.85
474,90,3,482.67
475,48,3,332.08
475,25,1,170.38
475,60,1,449.67
476,28,1,108.33
476,59,1,461.42
476,54,3,251.09
477,48,2,332.08
477,73,1,126.02
477,52,2,269.61
478,56,3,498.51
479,33,1,299.93
479,71,2,223.14
479,91,3,111.74
480,1,3,197.66
480,8,2,215.49
480,96,1,346.17
481,48,1,332.08
481,53,1,126.7
481,6,1,457.83
481,20,3,477.5
482,40,3,13.13
482,100,2,419.6
482,6,1,457.83
482,57,3,358.71
483,68,3,411.78
483,95,3,87.23
483,21,3,43.77
483,23,3,148.33
484,96,2,346.17
484,40,1,13.13
484,20,3,477.5
485,34,2,251.75
485,76,3,402.4
485,92,3,161.07
486,20,2,477.5
486,48,3,332.08
486,15,1,256.0
486,83,2,392.17
486,77,2,353.36
487,36,2,105.76
487,58,3,55.58
487,94,2,68.76
488,90,1,482.67
488,86,1,90.54
488,94,3,68.76
488,32,2,237.32
488,62,1,353.41
489,96,3,346.17
489,90,3,482.67
489,19,1,490.89
489,46,2,475.99
489,83,3,392.17
490,59,1,461.42
490,16,3,451.95
490,72,2,482.47
490,42,1,124.17
491,61,2,264.68
492,90,2,482.67
492,3,1,466.27
493,45,1,439.83
493,49,1,426.01
494,16,2,451.95
494,26,3,281.01
494,13,2,48.16
495,60,1,449.67
495,46,2,475.99
495,19,1,490.89
495,62,1,353.41
496,74,2,137.89
496,91,1,111.74
496,95,2,87.23
496,89,2,272.6
497,95,1,87.23
497,42,2,124.17
498,23,1,148.33
498,90,3,482.67
498,59,3,461.42
499,4,3,430.17
499,89,3,272.6
499,38,1,382.64
499,27,2,13.9
499,66,3,56.83
500,60,2,449.67
500,51,1,60.94
500,18,1,404.13
500,22,3,237.9
501,40,2,13.13
501,32,3,237.32
501,10,1,213.97
502,9,2,167.68
502,41,2,210.92
502,66,1,56.83
502,40,2,13.13
502,54,2,251.09
503,37,2,451.22
504,66,3,56.83
504,21,1,43.77
504,84,2,296.51
504,6,3,457.83
505,51,3,60.94
506,41,3,210.92
507,5,2,280.9
507,85,1,86.15
507,24,1,423.97
508,4,2,430.17
508,90,1,482.67
508,80,1,143.26
509,20,3,477.5
509,99,1,29.76
510,50,2,366.34
510,57,2,358.71
510,56,3,498.51
510,52,1,269.61
511,30,1,158.92
511,95,2,87.23
511,82,1,109.33
512,89,2,272.6
513,36,3,105.76
513,29,3,286.27
513,43,2,179.75
513,90,1,482.67
513,22,2,237.9
514,86,1,90.54
514,2,3,83.54
514,47,1,10.72
514,71,2,223.14
514,9,2,167.68
515,24,1,423.97
515,15,2,256.0
516,72,2,482.47
516,97,2,414.93
516,84,2,296.51
516,50,2,366.34
517,53,2,126.7
517,15,1,256.0
518,57,1,358.71
519,86,1,90.54
519,47,2,10.72
519,64,1,487.53
520,48,2,332.08
520,5,2,280.9
520,72,2,482.47
520,52,1,269.61
520,69,1,46.67
521,44,3,421.39
521,87,3,238.37
522,76,3,402.4
522,56,2,498.51
522,84,3,296.51
522,23,1,148.33
522,41,2,210.92
523,41,1,210.92
523,56,1,498.51
524,83,2,392.17
524,24,1,423.97
524,43,2,179.75
524,86,1,90.54
525,98,3,351.47
525,76,2,402.4
525,97,1,414.93
525,58,3,55.58
526,61,2,264.68
526,67,3,75.42
527,28,2,108.33
527,9,1,167.68
527,23,2,148.33
528,43,1,179.75
528,68,3,411.78
528,83,1,392.17
529,64,1,487.53
529,55,2,39.35
529,89,2,272.6
529,21,1,43.77
529,15,2,256.0
530,88,2,209.19
530,49,1,426.01
530,10,3,213.97
531,99,1,29.76
531,43,1,179.75
531,32,3,237.32
531,20,2,477.5
532,6,1,457.83
532,95,1,87.23
532,87,1,238.37
532,66,2,56.83
533,89,2,272.6
533,14,1,192.68
533,22,3,237.9
533,75,3,164.35
533,93,3,139.85
534,6,3,457.83
534,100,3,419.6
534,72,2,482.47
535,58,2,55.58
535,99,3,29.76
536,18,2,404.13
537,15,1,256.0
537,63,3,192.52
537,97,1,414.93
537,77,3,353.36
537,32,1,237.32
538,66,3,56.83
538,70,1,288.23
538,76,2,402.4
539,6,1,457.83
539,70,1,288.23
539,16,2,451.95
539,35,3,388.58
539,3,1,466.27
540,5,1,280.9
540,71,3,223.14
540,95,3,87.23
541,44,2,421.39
542,44,3,421.39
542,83,3,392.17
543,76,1,402.4
543,5,1,280.9
543,82,1,109.33
543,24,1,423.97
544,90,2,482.67
544,54,1,251.09
544,73,1,126.02
544,39,3,130.11
545,21,2,43.77
546,58,1,55.58
546,55,3,39.35
546,100,1,419.6
546,34,1,251.75
547,73,2,126.02
547,68,1,411.78
547,25,1,170.38
548,35,2,388.58
548,80,3,143.26
548,66,3,56.83
548,72,3,482.47
549,77,2,353.36
549,10,1,213.97
549,23,3,148.33
550,1,1,197.66
550,32,1,237.32
551,96,2,346.17
551,56,3,498.51
551,48,2,332.08
552,92,2,161.07
552,16,2,451.95
552,98,2,351.47
552,54,3,251.09
553,28,1,108.33
554,74,1,137.89
554,80,2,143.26
554,45,1,439.83
555,73,3,126.02
555,87,1,238.37
555,97,2,414.93
555,51,2,60.94
555,38,2,382.64
556,68,2,411.78
557,93,3,139.85
557,91,2,111.74
558,17,1,97.88
558,99,1,29.76
559,61,1,264.68
560,94,2,68.76
560,71,2,223.14
560,63,1,192.52
561,53,1,126.7
561,13,3,48.16
562,47,3,10.72
562,100,2,419.6
562,63,1,192.52
562,33,3,299.93
562,42,3,124.17
563,89,2,272.6
564,26,3,281.01
564,74,1,137.89
564,32,2,237.32
564,40,2,13.13
564,5,3,280.9
565,19,2,490.89
565,87,3,238.37
565,82,3,109.33
566,73,1,126.02
566,70,3,288.23
566,66,1,56.83
567,56,3,498.51
568,48,1,332.08
568,49,2,426.01
568,79,3,165.85
568,26,3,281.01
569,19,1,490.89
569,59,1,461.42
569,56,1,498.51
569,89,2,272.6
570,31,1,315.13
570,11,2,362.94
570,23,1,148.33
570,61,3,264.68
570,44,1,421.39
571,95,2,87.23
571,78,3,370.32
571,91,2,111.74
571,97,3,414.93
571,45,3,439.83
572,21,1,43.77
573,3,3,466.27
573,12,1,142.92
573,59,2,461.42
573,64,1,487.53
573,11,3,362.94
574,47,3,10.72
574,3,2,466.27
574,18,3,404.13
575,37,2,451.22
575,35,3,388.58
575,59,1,461.42
575,29,2,286.27
575,100,1,419.6
576,90,1,482.67
576,32,1,237.32
576,80,3,143.26
577,24,3,423.97
577,31,3,315.13
578,68,2,411.78
579,60,2,449.67
579,74,2,137.89
579,82,3,109.33
579,7,2,372.93
580,61,3,264.68
580,62,1,353.41
580,83,1,392.17
581,11,3,362.94
582,38,1,382.64
583,30,2,158.92
583,66,3,56.83
583,33,1,299.93
583,32,2,237.32
583,95,1,87.23
584,83,3,392.17
585,61,2,264.68
585,92,3,161.07
585,80,1,143.26
585,97,1,414.93
586,19,1,490.89
586,18,3,404.13
586,42,1,124.17
587,17,2,97.88
587,18,2,404.13
587,34,2,251.75
587,47,1,10.72
587,98,2,351.47
588,33,2,299.93
588,47,1,10.72
588,58,1,55.58
588,87,1,238.37
589,68,2,411.78
589,45,3,439.83
589,24,2,423.97
589,12,2,142.92
589,13,1,48.16
590,92,1,161.07
590,49,3,426.01
591,75,3,164.35
591,51,3,60.94
592,70,1,288.23
592,65,3,51.6
592,39,3,130.11
592,23,2,148.33
593,43,3,179.75
593,89,1,272.6
593,81,2,46.6
593,76,3,402.4
594,77,1,353.36
594,40,2,13.13
594,58,3,55.58
594,97,3,414.93
594,61,3,264.68
595,88,1,209.19
595,76,3,402.4
596,31,3,315.13
596,17,1,97.88
596,83,1,392.17
597,40,2,13.13
597,53,3,126.7
597,11,3,362.94
598,76,2,402.4
598,38,3,382.64
598,53,2,126.7
598,96,3,346.17
599,67,3,75.42
600,56,1,498.51
600,28,1,108.33
600,92,3,161.07
600,54,2,251.09
600,96,3,346.17
601,100,3,419.6
601,82,1,109.33
601,42,3,124.17
602,15,3,256.0
603,43,3,179.75
603,96,2,346.17
603,57,3,358.71
603,23,1,148.33
603,30,1,158.92
604,36,3,105.76
604,59,2,461.42
604,28,1,108.33
604,64,2,487.53
604,63,3,192.52
605,65,2,51.6
605,75,2,164.35
606,99,2,29.76
606,73,3,126.02
606,80,2,143.26
607,11,3,362.94
607,91,1,111.74
607,62,1,353.41
607,71,1,223.14
607,81,1,46.6
608,92,1,161.07
608,83,3,392.17
608,16,2,451.95
608,3,1,466.27
608,4,3,430.17
609,86,2,90.54
609,54,1,251.09
609,77,2,353.36
609,8,1,215.49
610,63,2,192.52
610,42,1,124.17
610,76,2,402.4
611,99,3,29.76
611,97,2,414.93
611,98,2,351.47
611,6,1,457.83
611,73,3,126.02
612,85,3,86.15
613,1,3,197.66
614,81,3,46.6
614,46,2,475.99
614,66,1,56.83
615,21,2,43.77
615,85,3,86.15
615,23,3,148.33
616,93,2,139.85
616,89,2,272.6
616,76,2,402.4
617,80,3,143.26
617,39,1,130.11
618,45,1,439.83
619,16,3,451.95
619,76,2,402.4
619,60,1,449.67
619,20,1,477.5
620,33,1,299.93
620,27,2,13.9
621,56,2,498.51
621,60,3,449.67
622,88,1,209.19
622,62,2,353.41
622,64,3,487.53
622,57,1,358.71
623,99,2,29.76
623,43,1,179.75
623,69,1,46.67
623,62,3,353.41
624,2,2,83.54
625,57,2,358.71
625,77,2,353.36
625,12,1,142.92
625,33,3,299.93
625,1,3,197.66
626,66,2,56.83
626,4,1,430.17
627,77,2,353.36
627,5,3,280.9
627,62,2,353.41
627,34,3,251.75
627,51,2,60.94
628,61,1,264.68
628,20,2,477.5
628,96,1,346.17
629,38,1,382.64
629,99,2,29.76
630,55,3,39.35
630,65,1,51.6
630,85,1,86.15
630,32,1,237.32
631,97,3,414.93
631,26,2,281.01
631,50,3,366.34
632,47,3,10.72
632,42,2,124.17
633,63,1,192.52
633,27,2,13.9
633,41,3,210.92
633,94,1,68.76
634,85,2,86.15
635,67,1,75.42
635,89,3,272.6
636,39,2,130.11
636,60,3,449.67
636,50,3,366.34
636,35,1,388.58
636,93,1,139.85
637,12,3,142.92
637,34,3,251.75
637,79,1,165.85
637,90,3,482.67
638,86,3,90.54
638,31,2,315.13
638,14,1,192.68
638,99,2,29.76
639,51,2,60.94
639,90,1,482.67
639,39,3,130.11
640,75,2,164.35
641,81,3,46.6
642,51,1,60.94
642,52,1,269.61
642,28,3,108.33
643,26,1,281.01
643,50,1,366.34
643,19,2,490.89
643,92,3,161.07
644,50,2,366.34
645,58,3,55.58
646,95,2,87.23
646,92,3,161.07
646,83,1,392.17
646,8,1,215.49
647,95,2,87.23
647,84,1,296.51
648,96,3,346.17
648,81,2,46.6
648,86,2,90.54
648,32,1,237.32
649,81,2,46.6
649,21,3,43.77
649,98,3,351.47
649,77,3,353.36
650,57,1,358.71
650,59,2,461.42
650,61,2,264.68
650,90,2,482.67
651,76,2,402.4
651,75,1,164.35
651,92,1,161.07
651,99,3,29.76
651,5,3,280.9
652,50,2,366.34
652,78,2,370.32
652,98,3,351.47
652,77,3,353.36
652,13,1,48.16
653,2,3,83.54
653,7,1,372.93
653,85,1,86.15
653,17,3,97.88
654,28,1,108.33
655,66,2,56.83
655,74,2,137.89
655,25,1,170.38
655,61,1,264.68
656,32,2,237.32
657,69,2,46.67
657,37,1,451.22
657,10,3,213.97
657,47,1,10.72
657,64,3,487.53
658,9,3,167.68
658,68,3,411.78
658,35,2,388.58
658,23,1,148.33
658,90,3,482.67
659,46,2,475.99
659,53,3,126.7
659,97,2,414.93
659,11,2,362.94
659,61,3,264.68
660,21,2,43.77
660,20,1,477.5
660,29,3,286.27
660,89,3,272.6
660,48,2,332.08
661,63,1,192.52
661,86,3,90.54
661,4,1,430.17
661,56,1,498.51
661,25,3,170.38
662,78,1,370.32
662,29,2,286.27
663,70,3,288.23
663,57,3,358.71
664,14,2,192.68
664,48,3,332.08
664,93,3,139.85
664,25,2,170.38
665,63,3,192.52
665,21,3,43.77
665,53,2,126.7
666,35,2,388.58
666,53,2,126.7
666,36,1,105.76
666,87,2,238.37
667,67,1,75.42
667,32,1,237.32
668,71,2,223.14
669,68,3,411.78
670,70,2,288.23
671,52,2,269.61
671,95,1,87.23
671,40,3,13.13
672,70,1,288.23
672,15,2,256.0
672,84,3,296.51
673,14,1,192.68
674,83,3,392.17
674,72,2,482.47
674,88,2,209.19
674,54,2,251.09
674,63,2,192.52
675,11,3,362.94
675,76,3,402.4
675,28,3,108.33
675,58,2,55.58
676,25,2,170.38
676,50,2,366.34
676,82,1,109.33
676,38,1,382.64
677,39,2,130.11
677,57,2,358.71
678,53,1,126.7
678,30,1,158.92
678,26,3,281.01
678,62,2,353.41
678,74,1,137.89
679,15,1,256.0
679,79,1,165.85
679,10,2,213.97
679,45,2,439.83
679,1,1,197.66
680,82,1,109.33
680,64,2,487.53
680,32,1,237.32
680,37,1,451.22
680,41,3,210.92
681,2,1,83.54
681,41,2,210.92
681,82,2,109.33
682,97,1,414.93
682,54,3,251.09
683,83,3,392.17
683,73,1,126.02
683,55,2,39.35
683,21,2,43.77
684,63,1,192.52
684,58,3,55.58
684,31,3,315.13
684,53,3,126.7
684,49,2,426.01
685,15,2,256.0
685,78,2,370.32
685,72,3,482.47
685,12,1,142.92
685,57,2,358.71
686,47,3,10.72
686,27,3,13.9
686,79,3,165.85
686,57,2,358.71
687,58,3,55.58
687,39,3,130.11
687,65,2,51.6
687,96,3,346.17
687,77,2,353.36
688,15,3,256.0
688,32,2,237.32
688,81,2,46.6
688,79,2,165.85
689,50,2,366.34
689,9,1,167.68
689,56,2,498.51
689,32,2,237.32
689,73,2,126.02
690,62,3,353.41
690,36,1,105.76
690,31,1,315.13
690,57,1,358.71
691,65,3,51.6
691,36,2,105.76
692,48,1,332.08
692,50,3,366.34
692,10,3,213.97
692,80,3,143.26
693,43,3,179.75
693,48,3,332.08
693,64,1,487.53
693,76,1,402.4
694,77,3,353.36
694,6,1,457.83
695,42,3,124.17
696,41,2,210.92
697,95,1,87.23
697,15,2,256.0
697,57,2,358.71
698,47,3,10.72
698,37,1,451.22
698,5,3,280.9
698,42,1,124.17
698,94,2,68.76
699,24,1,423.97
699,38,3,382.64
699,53,3,126.7
700,14,1,192.68
700,18,1,404.13
700,25,1,170.38
700,79,2,165.85
701,31,1,315.13
701,26,3,281.01
701,48,2,332.08
702,61,1,264.68
702,41,3,210.92
702,75,2,164.35
702,86,1,90.54
702,70,3,288.23
703,94,1,68.76
703,91,3,111.74
704,1,2,197.66
704,68,3,411.78
704,63,2,192.52
704,72,3,482.47
705,65,3,51.6
705,84,2,296.51
705,71,1,223.14
705,19,2,490.89
706,32,2,237.32
706,7,1,372.93
706,76,3,402.4
706,61,3,264.68
707,93,1,139.85
707,32,3,237.32
707,56,2,498.51
707,50,3,366.34
707,53,3,126.7
708,65,1,51.6
708,42,3,124.17
708,43,3,179.75
708,2,2,83.54
709,47,2,10.72
709,85,3,86.15
709,6,1,457.83
710,52,3,269.61
710,21,1,43.77
710,79,3,165.85
710,94,1,68.76
710,99,1,29.76
711,79,3,165.85
711,30,1,158.92
711,91,2,111.74
711,24,2,423.97
712,58,1,55.58
712,67,2,75.42
713,50,2,366.34
713,31,3,315.13
713,3,2,466.27
714,95,2,87.23
715,64,2,487.53
715,16,2,451.95
715,9,1,167.68
715,59,3,461.42
716,99,3,29.76
716,93,2,139.85
716,57,3,358.71
716,22,1,237.9
716,36,3,105.76
717,71,3,223.14
717,59,3,461.42
717,86,2,90.54
717,5,1,280.9
717,65,2,51.6
718,92,1,161.07
718,41,3,210.92
718,98,3,351.47
719,47,1,10.72
720,44,1,421.39
720,80,2,143.26
720,81,3,46.6
720,62,1,353.41
721,48,3,332.08
721,5,1,280.9
721,99,2,29.76
721,59,1,461.42
721,95,1,87.23
722,53,3,126.7
723,58,1,55.58
723,24,3,423.97
723,9,1,167.68
723,100,2,419.6
724,71,1,223.14
724,32,2,237.32
724,58,3,55.58
724,4,2,430.17
725,58,3,55.58
725,73,1,126.02
726,37,3,451.22
727,22,1,237.9
727,40,2,13.13
727,11,1,362.94
727,29,1,286.27
727,61,2,264.68
728,73,3,126.02
728,5,2,280.9
729,28,3,108.33
729,5,3,280.9
729,53,1,126.7
729,72,2,482.47
729,34,3,251.75
730,55,2,39.35
731,26,2,281.01
731,69,2,46.67
732,86,2,90.54
732,53,2,126.7
732,6,2,457.83
733,45,2,439.83
733,73,1,126.02
733,46,3,475.99
734,38,2,382.64
734,13,3,48.16
734,1,3,197.66
735,62,1,353.41
735,85,2,86.15
735,17,1,97.88
735,46,1,475.99
736,89,3,272.6
736,96,3,346.17
736,69,3,46.67
737,71,2,223.14
737,9,2,167.68
737,4,3,430.17
737,81,2,46.6
737,70,1,288.23
738,44,3,421.39
738,63,2,192.52
739,61,1,264.68
739,81,3,46.6
739,20,1,477.5
740,37,1,451.22
740,15,2,256.0
741,48,1,332.08
742,95,1,87.23
742,98,1,351.47
742,39,2,130.11
742,75,2,164.35
743,67,3,75.42
744,55,3,39.35
745,12,2,142.92
746,81,1,46.6
746,49,1,426.01
746,56,3,498.51
747,3,2,466.27
747,91,3,111.74
747,36,3,105.76
748,6,3,457.83
748,40,2,13.13
748,43,1,179.75
749,76,1,402.4
749,18,2,404.13
749,17,3,97.88
749,81,3,46.6
749,62,3,353.41
750,84,2,296.51
751,78,1,370.32
751,40,2,13.13
751,80,2,143.26
752,95,3,87.23
752,90,1,482.67
752,84,3,296.51
753,84,1,296.51
753,51,3,60.94
754,52,2,269.61
754,38,1,382.64
755,39,2,130.11
755,47,3,10.72
756,63,1,192.52
757,94,2,68.76
757,29,3,286.27
757,31,3,315.13
757,45,1,439.83
757,9,2,167.68
758,83,3,392.17
758,82,3,109.33
758,79,2,165.85
759,90,1,482.67
759,32,1,237.32
759,86,3,90.54
759,78,1,370.32
760,46,3,475.99
760,28,3,108.33
760,76,1,402.4
761,90,3,482.67
761,93,3,139.85
761,71,2,223.14
762,81,2,46.6
762,22,1,237.9
762,41,3,210.92
762,14,3,192.68
763,15,3,256.0
763,95,3,87.23
763,57,3,358.71
763,7,2,372.93
764,10,1,213.97
764,64,3,487.53
765,15,1,256.0
765,51,1,60.94
765,53,1,126.7
765,69,1,46.67
765,72,3,482.47
766,38,1,382.64
766,49,3,426.01
766,78,1,370.32
766,14,2,192.68
766,87,1,238.37
767,49,2,426.01
768,34,1,251.75
768,53,2,126.7
768,50,2,366.34
769,15,2,256.0
769,20,1,477.5
770,14,3,192.68
770,17,3,97.88
770,57,2,358.71
770,52,2,269.61
771,99,3,29.76
771,21,2,43.77
772,96,2,346.17
772,82,2,109.33
772,75,2,164.35
772,40,1,13.13
773,8,3,215.49
773,81,2,46.6
773,73,1,126.02
773,83,2,392.17
773,65,1,51.6
774,12,2,142.92
774,98,2,351.47
775,55,1,39.35
776,23,2,148.33
776,49,2,426.01
776,11,2,362.94
777,54,2,251.09
778,34,2,251.75
779,48,1,332.08
780,34,3,251.75
780,37,3,451.22
780,45,3,439.83
780,88,3,209.19
781,77,3,353.36
781,54,3,251.09
782,94,1,68.76
782,48,3,332.08
782,33,3,299.93
783,15,1,256.0
783,29,2,286.27
783,94,3,68.76
783,60,3,449.67
783,72,2,482.47
784,18,3,404.13
784,3,1,466.27
784,78,2,370.32
784,25,1,170.38
785,51,1,60.94
785,42,2,124.17
785,95,3,87.23
785,22,2,237.9
785,40,1,13.13
786,37,2,451.22
786,85,2,86.15
786,87,2,238.37
786,16,2,451.95
787,22,2,237.9
788,25,2,170.38
789,37,2,451.22
789,20,2,477.5
790,50,1,366.34
790,12,1,142.92
790,72,2,482.47
791,12,3,142.92
791,27,2,13.9
792,89,2,272.6
793,10,3,213.97
793,2,2,83.54
793,74,2,137.89
794,81,1,46.6
794,47,2,10.72
795,1,3,197.66
795,48,3,332.08
795,52,3,269.61
796,66,2,56.83
797,23,2,148.33
797,90,1,482.67
797,2,1,83.54
797,57,2,358.71
797,21,1,43.77
798,40,3,13.13
798,5,3,280.9
799,85,1,86.15
799,80,2,143.26
800,14,2,192.68
800,94,1,68.76
800,32,2,237.32
800,20,1,477.5
800,53,1,126.7
801,53,2,126.7
801,17,2,97.88
802,57,2,358.71
802,38,3,382.64
802,56,3,498.51
802,79,1,165.85
803,82,2,109.33
803,38,3,382.64
803,98,3,351.47
803,50,2,366.34
803,69,2,46.67
804,88,3,209.19
804,20,3,477.5
804,74,1,137.89
804,38,1,382.64
804,35,1,388.58
805,63,1,192.52
805,45,3,439.83
805,82,2,109.33
805,64,2,487.53
806,34,2,251.75
806,91,1,111.74
806,78,2,370.32
806,1,3,197.66
806,88,2,209.19
807,83,1,392.17
807,65,1,51.6
807,27,1,13.9
807,98,1,351.47
808,16,1,451.95
808,92,2,161.07
808,100,2,419.6
808,27,3,13.9
809,44,1,421.39
810,6,3,457.83
810,27,3,13.9
810,71,1,223.14
811,26,3,281.01
811,14,2,192.68
812,66,1,56.83
813,51,2,60.94
814,70,1,288.23
814,2,2,83.54
814,21,1,43.77
815,8,3,215.49
815,16,3,451.95
815,77,3,353.36
815,29,3,286.27
815,65,3,51.6
816,25,2,170.38
816,10,2,213.97
816,15,3,256.0
817,73,3,126.02
817,62,1,353.41
818,63,1,192.52
818,32,2,237.32
818,34,3,251.75
819,3,3,466.27
820,100,2,419.6
820,55,1,39.35
820,2,1,83.54
820,65,3,51.6
821,46,1,475.99
821,8,1,215.49
821,38,2,382.64
821,51,3,60.94
822,19,2,490.89
822,40,3,13.13
823,17,3,97.88
823,19,3,490.89
823,44,1,421.39
823,14,2,192.68
823,82,3,109.33
824,100,1,419.6
825,6,1,457.83
825,54,1,251.09
825,17,3,97.88
826,5,2,280.9
826,10,3,213.97
826,42,3,124.17
827,84,3,296.51
827,3,3,466.27
827,51,3,60.94
827,18,1,404.13
828,73,3,126.02
829,83,3,392.17
829,46,2,475.99
829,24,2,423.97
829,55,2,39.35
830,69,1,46.67
831,71,3,223.14
831,12,3,142.92
831,98,1,351.47
831,51,1,60.94
832,6,2,457.83
832,57,1,358.71
832,29,1,286.27
833,88,1,209.19
833,59,3,461.42
833,11,1,362.94
833,36,1,105.76
833,97,3,414.93
834,78,1,370.32
835,7,2,372.93
836,23,1,148.33
836,51,3,60.94
836,6,1,457.83
836,62,3,353.41
837,64,2,487.53
837,37,3,451.22
837,66,2,56.83
838,67,1,75.42
838,92,1,161.07
838,69,1,46.67
838,68,1,411.78
838,79,2,165.85
839,69,2,46.67
839,16,1,451.95
840,77,1,353.36
840,27,1,13.9
841,59,2,461.42
841,86,2,90.54
841,87,1,238.37
841,23,1,148.33
841,99,2,29.76
842,86,2,90.54
842,87,2,238.37
842,32,2,237.32
842,71,2,223.14
842,88,1,209.19
843,65,3,51.6
844,40,2,13.13
844,47,3,10.72
844,77,1,353.36
844,35,1,388.58
845,81,2,46.6
845,74,2,137.89
845,23,1,148.33
845,95,2,87.23
846,77,2,353.36
846,67,2,75.42
846,31,3,315.13
846,62,3,353.41
847,83,2,392.17
847,3,3,466.27
847,36,1,105.76
848,64,2,487.53
848,47,3,10.72
848,5,2,280.9
848,2,1,83.54
848,95,3,87.23
849,7,1,372.93
849,94,1,68.76
849,25,3,170.38
849,15,1,256.0
849,57,1,358.71
850,76,1,402.4
850,91,2,111.74
850,65,1,51.6
851,31,2,315.13
851,15,3,256.0
852,75,1,164.35
852,54,1,251.09
852,34,1,251.75
852,3,2,466.27
853,4,1,430.17
853,12,1,142.92
853,80,2,143.26
853,87,1,238.37
854,56,1,498.51
855,50,3,366.34
855,7,3,372.93
856,10,3,213.97
856,50,2,366.34
857,98,2,351.47
857,50,1,366.34
858,15,1,256.0
858,49,2,426.01
859,71,1,223.14
860,14,1,192.68
860,1,2,197.66
861,89,2,272.6
862,78,3,370.32
863,41,2,210.92
863,60,1,449.67
863,95,2,87.23
864,78,3,370.32
865,47,3,10.72
865,4,1,430.17
865,71,1,223.14
865,10,2,213.97
865,77,2,353.36
866,30,2,158.92
866,82,1,109.33
866,46,2,475.99
866,21,3,43.77
867,12,1,142.92
867,61,2,264.68
867,56,1,498.51
868,15,1,256.0
868,31,1,315.13
868,84,3,296.51
869,68,2,411.78
869,97,2,414.93
870,7,2,372.93
871,42,1,124.17
871,96,2,346.17
871,55,3,39.35
871,3,1,466.27
872,47,2,10.72
872,58,2,55.58
873,11,3,362.94
873,86,1,90.54
873,39,2,130.11
874,11,1,362.94
874,64,1,487.53
874,44,3,421.39
874,25,2,170.38
875,80,2,143.26
875,64,1,487.53
875,89,2,272.6
875,87,1,238.37
875,99,2,29.76
876,60,3,449.67
876,67,3,75.42
876,80,1,143.26
876,91,2,111.74
876,68,3,411.78
877,32,1,237.32
877,13,1,48.16
877,62,1,353.41
877,14,2,192.68
877,41,1,210.92
878,15,3,256.0
878,21,3,43.77
878,38,2,382.64
879,40,1,13.13
879,54,1,251.09
879,57,3,358.71
880,57,3,358.71
880,10,2,213.97
881,12,3,142.92
881,74,2,137.89
881,1,2,197.66
882,42,3,124.17
882,40,2,13.13
882,41,2,210.92
882,84,3,296.51
882,7,1,372.93
883,33,1,299.93
883,1,3,197.66
884,64,2,487.53
885,60,1,449.67
886,14,1,192.68
886,27,1,13.9
886,84,3,296.51
886,5,1,280.9
887,28,3,108.33
887,69,3,46.67
887,29,3,286.27
887,12,3,142.92
888,59,1,461.42
889,32,2,237.32
890,76,2,402.4
890,49,1,426.01
890,46,1,475.99
890,55,1,39.35
891,9,2,167.68
891,86,2,90.54
891,100,1,419.6
891,84,2,296.51
891,95,3,87.23
892,91,2,111.74
893,20,2,477.5
893,38,1,382.64
893,10,2,213.97
893,16,3,451.95
893,54,1,251.09
894,85,1,86.15
894,91,2,111.74
894,9,2,167.68
895,38,2,382.64
895,85,1,86.15
895,51,2,60.94
896,19,2,490.89
896,17,2,97.88
896,30,1,158.92
896,8,3,215.49
896,83,1,392.17
897,55,3,39.35
898,52,3,269.61
898,8,3,215.49
898,29,2,286.27
899,81,3,46.6
900,79,2,165.85
900,20,3,477.5
900,31,2,315.13
901,41,2,210.92
901,19,2,490.89
901,9,2,167.68
901,97,2,414.93
902,25,1,170.38
902,98,2,351.47
902,30,2,158.92
903,41,2,210.92
903,2,3,83.54
903,56,2,498.51
903,5,1,280.9
903,100,1,419.6
904,61,1,264.68
904,84,1,296.51
905,83,1,392.17
905,55,3,39.35
905,96,1,346.17
906,64,3,487.53
907,88,2,209.19
907,6,3,457.83
907,82,3,109.33
907,62,3,353.41
907,69,2,46.67
908,96,3,346.17
908,49,3,426.01
908,7,1,372.93
908,15,1,256.0
909,14,2,192.68
909,90,3,482.67
909,87,2,238.37
910,63,1,192.52
910,40,1,13.13
910,64,2,487.53
911,48,3,332.08
911,84,3,296.51
912,32,2,237.32
912,56,1,498.51
912,98,1,351.47
912,78,3,370.32
913,65,2,51.6
913,99,1,29.76
913,47,1,10.72
913,20,3,477.5
914,41,3,210.92
914,7,1,372.93
914,33,2,299.93
914,1,1,197.66
915,96,1,346.17
916,42,3,124.17
916,80,2,143.26
916,51,2,60.94
916,72,3,482.47
916,74,1,137.89
917,46,3,475.99
917,22,3,237.9
917,73,2,126.02
917,3,1,466.27
917,42,3,124.17
918,62,3,353.41
918,74,1,137.89
918,20,3,477.5
919,58,2,55.58
919,94,2,68.76
919,20,3,477.5
920,51,1,60.94
921,78,2,370.32
921,82,3,109.33
921,23,1,148.33
921,37,1,451.22
921,10,3,213.97
922,35,3,388.58
922,5,3,280.9
922,89,3,272.6
923,23,3,148.33
923,95,3,87.23
923,63,1,192.52
923,66,3,56.83
924,95,3,87.23
924,96,1,346.17
924,84,1,296.51
924,7,1,372.93
924,51,1,60.94
925,59,3,461.42
926,78,1,370.32
926,18,1,404.13
926,71,1,223.14
927,11,2,362.94
927,24,2,423.97
928,64,3,487.53
928,18,3,404.13
928,45,1,439.83
928,1,3,197.66
929,97,2,414.93
929,55,1,39.35
929,16,3,451.95
930,90,1,482.67
930,15,2,256.0
930,34,1,251.75
930,12,2,142.92
931,25,3,170.38
931,19,2,490.89
931,26,1,281.01
931,41,3,210.92
932,33,2,299.93
932,24,3,423.97
932,13,1,48.16
932,87,1,238.37
933,33,1,299.93
933,24,2,423.97
933,5,2,280.9
933,57,1,358.71
933,77,2,353.36
934,59,2,461.42
934,9,1,167.68
934,80,2,143.26
934,91,1,111.74
934,79,3,165.85
935,73,2,126.02
935,18,1,404.13
935,85,3,86.15
936,99,3,29.76
937,46,3,475.99
937,89,3,272.6
937,95,2,87.23
938,78,2,370.32
938,91,3,111.74
938,29,1,286.27
938,51,2,60.94
939,59,2,461.42
939,75,2,164.35
940,29,3,286.27
940,67,3,75.42
941,55,3,39.35
942,17,3,97.88
943,11,2,362.94
943,31,1,315.13
944,85,3,86.15
945,31,3,315.13
946,7,1,372.93
946,14,2,192.68
947,25,3,170.38
947,48,1,332.08
947,98,1,351.47
948,52,3,269.61
948,74,2,137.89
948,36,3,105.76
949,22,1,237.9
950,94,1,68.76
950,17,1,97.88
951,5,2,280.9
951,72,1,482.47
952,97,3,414.93
952,42,3,124.17
952,91,2,111.74
952,61,1,264.68
952,8,3,215.49
953,32,2,237.32
954,68,2,411.78
955,57,1,358.71
955,67,1,75.42
955,27,1,13.9
955,62,1,353.41
955,80,2,143.26
956,24,3,423.97
956,18,1,404.13
956,49,3,426.01
956,84,3,296.51
956,7,1,372.93
957,9,1,167.68
957,48,1,332.08
957,14,2,192.68
957,80,3,143.26
958,35,3,388.58
958,92,3,161.07
958,77,1,353.36
959,1,3,197.66
959,26,2,281.01
959,57,3,358.71
959,82,1,109.33
959,36,3,105.76
960,13,1,48.16
961,58,3,55.58
961,8,2,215.49
962,35,2,388.58
962,51,2,60.94
962,22,1,237.9
962,40,2,13.13
962,47,2,10.72
963,2,2,83.54
964,46,3,475.99
964,42,3,124.17
965,17,1,97.88
965,27,3,13.9
965,34,1,251.75
965,71,3,223.14
965,93,1,139.85
966,23,3,148.33
966,73,2,126.02
966,84,1,296.51
966,96,1,346.17
966,30,3,158.92
967,36,1,105.76
967,63,2,192.52
967,62,3,353.41
967,76,2,402.4
967,71,3,223.14
968,29,2,286.27
968,60,2,449.67
968,9,2,167.68
969,42,1,124.17
970,96,2,346.17
970,5,1,280.9
971,53,1,126.7
971,54,3,251.09
971,88,3,209.19
971,64,3,487.53
972,28,1,108.33
972,98,3,351.47
972,30,1,158.92
972,12,3,142.92
973,90,2,482.67
973,12,2,142.92
973,14,3,192.68
973,76,1,402.4
974,77,1,353.36
975,27,2,13.9
975,93,3,139.85
975,15,1,256.0
975,25,1,170.38
976,64,1,487.53
976,80,1,143.26
976,10,2,213.97
976,60,3,449.67
977,4,1,430.17
977,54,3,251.09
978,18,3,404.13
978,7,1,372.93
978,2,1,83.54
978,37,2,451.22
978,48,1,332.08
979,51,1,60.94
980,58,1,55.58
980,89,2,272.6
980,39,2,130.11
981,35,2,388.58
981,62,1,353.41
981,32,2,237.32
981,19,2,490.89
981,47,1,10.72
982,85,1,86.15
982,78,2,370.32
982,4,2,430.17
982,43,3,179.75
982,92,3,161.07
983,17,1,97.88
984,21,3,43.77
984,96,2,346.17
984,94,2,68.76
984,5,3,280.9
985,3,1,466.27
985,30,3,158.92
985,41,1,210.92
985,90,3,482.67
985,42,3,124.17
986,70,2,288.23
986,96,2,346.17
986,34,2,251.75
986,36,3,105.76
987,96,1,346.17
987,90,3,482.67
987,93,2,139.85
987,69,2,46.67
988,24,2,423.97
988,5,1,280.9
988,41,3,210.92
989,11,3,362.94
989,48,2,332.08
989,89,2,272.6
990,36,1,105.76
990,2,1,83.54
990,73,3,126.02
990,23,2,148.33
991,41,1,210.92
991,77,1,353.36
991,95,1,87.23
991,87,1,238.37
992,33,1,299.93
992,81,2,46.6
993,45,3,439.83
994,7,3,372.93
994,50,1,366.34
994,81,2,46.6
994,62,2,353.41
994,3,2,466.27
995,40,1,13.13
995,67,1,75.42
995,33,1,299.93
996,38,1,382.64
997,38,3,382.64
998,33,2,299.93
998,46,3,475.99
998,80,1,143.26
998,60,2,449.67
999,57,1,358.71
999,45,2,439.83
999,22,3,237.9
999,47,3,10.72
999,53,3,126.7
1000,37,2,451.22
1000,51,1,60.94
1001,57,1,358.71
1001,55,1,39.35
1001,8,3,215.49
1002,90,2,482.67
1003,43,1,179.75
1003,95,1,87.23
1003,11,3,362.94
1003,12,1,142.92
1003,65,2,51.6
1004,23,2,148.33
1004,88,1,209.19
1004,85,3,86.15
1005,48,3,332.08
1006,78,1,370.32
1006,3,1,466.27
1006,40,2,13.13
1007,57,1,358.71
1008,33,3,299.93
1008,10,2,213.97
1008,81,2,46.6
1008,56,2,498.51
1009,25,1,170.38
1009,99,3,29.76
1009,13,1,48.16
1009,81,1,46.6
1010,16,2,451.95
1010,75,2,164.35
1011,8,2,215.49
1011,21,1,43.77
1011,47,2,10.72
1011,40,3,13.13
1012,38,3,382.64
1012,36,2,105.76
1012,49,2,426.01
1013,98,3,351.47
1013,83,1,392.17
1013,65,2,51.6
1014,11,1,362.94
1014,86,1,90.54
1014,70,3,288.23
1015,12,1,142.92
1016,81,3,46.6
1016,17,3,97.88
1016,35,2,388.58
1016,96,2,346.17
1017,91,3,111.74
1017,21,3,43.77
1017,100,2,419.6
1017,75,3,164.35
1017,59,1,461.42
1018,39,2,130.11
1018,68,1,411.78
1018,74,1,137.89
1019,85,3,86.15
1019,40,2,13.13
1019,50,2,366.34
1019,44,1,421.39
1019,98,3,351.47
1020,83,2,392.17
1020,96,3,346.17
1021,64,1,487.53
1021,72,2,482.47
1021,3,2,466.27
1021,83,3,392.17
1021,62,3,353.41
1022,54,1,251.09
1022,33,2,299.93
1022,74,3,137.89
1022,61,1,264.68
1023,32,2,237.32
1023,36,1,105.76
1023,19,3,490.89
1024,69,2,46.67
1025,55,1,39.35
1026,74,2,137.89
1026,58,2,55.58
1026,40,2,13.13
1026,57,3,358.71
1026,56,2,498.51
1027,89,3,272.6
1028,76,1,402.4
1029,25,1,170.38
1029,47,2,10.72
1029,21,3,43.77
1029,49,3,426.01
1029,33,3,299.93
1030,27,2,13.9
1030,15,1,256.0
1030,58,3,55.58
1030,56,2,498.51
1030,75,2,164.35
1031,41,3,210.92
1031,74,2,137.89
1031,15,3,256.0
1031,4,2,430.17
1032,94,3,68.76
1032,76,3,402.4
1033,63,2,192.52
1033,6,2,457.83
1033,85,2,86.15
1033,39,2,130.11
1034,35,1,388.58
1035,58,1,55.58
1035,60,2,449.67
1035,8,3,215.49
1036,90,1,482.67
1037,48,3,332.08
1037,37,2,451.22
1037,33,1,299.93
1038,89,2,272.6
1038,80,1,143.26
1038,69,2,46.67
1038,42,2,124.17
1038,59,3,461.42
1039,63,2,192.52
1039,34,3,251.75
1040,35,3,388.58
1040,46,3,475.99
1040,44,2,421.39
1040,94,2,68.76
1040,91,3,111.74
1041,27,2,13.9
1041,31,1,315.13
1041,44,1,421.39
1041,89,3,272.6
1042,4,1,430.17
1042,73,1,126.02
1042,44,3,421.39
1043,21,3,43.77
1043,61,3,264.68
1043,94,3,68.76
1043,17,3,97.88
1044,61,3,264.68
1044,50,2,366.34
1045,72,2,482.47
1045,64,1,487.53
1045,8,3,215.49
1045,92,3,161.07
1045,75,2,164.35
1046,3,3,466.27
1046,31,3,315.13
1046,53,1,126.7
1046,55,3,39.35
1047,100,2,419.6
1047,60,3,449.67
1048,34,3,251.75
1048,70,3,288.23
1048,23,2,148.33
1049,89,1,272.6
1049,47,1,10.72
1050,78,2,370.32
1050,51,1,60.94
1050,14,2,192.68
1050,56,2,498.51
1051,88,2,209.19
1051,68,2,411.78
1051,33,1,299.93
1051,18,2,404.13
1052,73,1,126.02
1052,9,2,167.68
1052,76,1,402.4
1053,75,2,164.35
1053,43,1,179.75
1053,3,2,466.27
1053,88,3,209.19
1054,45,1,439.83
1054,5,2,280.9
1055,10,3,213.97
1055,45,1,439.83
1055,55,2,39.35
1055,79,3,165.85
1055,61,3,264.68
1056,27,2,13.9
1056,7,3,372.93
1057,3,3,466.27
1058,26,1,281.01
1059,95,1,87.23
1059,75,1,164.35
1059,3,2,466.27
1060,30,3,158.92
1060,23,3,148.33
1060,56,1,498.51
1061,80,3,143.26
1061,37,1,451.22
1061,13,1,48.16
1062,87,3,238.37
1062,74,3,137.89
1062,82,1,109.33
1062,46,1,475.99
1063,74,2,137.89
1063,39,2,130.11
1064,32,1,237.32
1065,70,1,288.23
1066,60,2,449.67
1066,77,3,353.36
1066,13,2,48.16
1066,34,1,251.75
1066,56,1,498.51
1067,4,1,430.17
1067,25,3,170.38
1068,48,3,332.08
1069,56,2,498.51
1069,88,1,209.19
1069,83,1,392.17
1069,75,3,164.35
1070,25,1,170.38
1070,72,3,482.47
1070,87,2,238.37
1071,87,1,238.37
1071,96,3,346.17
1071,37,3,451.22
1072,50,3,366.34
1072,32,2,237.32
1072,61,1,264.68
1073,81,2,46.6
1073,71,1,223.14
1073,100,3,419.6
1074,2,1,83.54
1074,94,2,68.76
1075,18,3,404.13
1075,88,1,209.19
1075,11,1,362.94
1075,59,2,461.42
1076,46,2,475.99
1076,6,2,457.83
1077,21,2,43.77
1077,55,3,39.35
1078,19,3,490.89
1078,36,3,105.76
1078,84,3,296.51
1078,82,1,109.33
1078,40,3,13.13
1079,19,2,490.89
1079,51,3,60.94
1079,72,2,482.47
1079,92,3,161.07
1080,94,3,68.76
1080,66,3,56.83
1081,35,2,388.58
1081,77,2,353.36
1081,11,1,362.94
1081,22,3,237.9
1081,68,2,411.78
1082,33,3,299.93
1082,64,1,487.53
1082,69,1,46.67
1082,50,2,366.34
1083,57,2,358.71
1084,77,3,353.36
1084,49,2,426.01
1085,24,1,423.97
1085,96,3,346.17
1085,37,2,451.22
1086,29,1,286.27
1086,10,1,213.97
1086,86,1,90.54
1086,66,2,56.83
1087,34,1,251.75
1088,59,1,461.42
1089,9,1,167.68
1089,18,3,404.13
1089,77,1,353.36
1089,100,2,419.6
1089,36,1,105.76
1090,55,2,39.35
1090,47,3,10.72
1091,38,3,382.64
1092,29,1,286.27
1092,46,3,475.99
1092,41,1,210.92
1092,4,2,430.17
1093,9,1,167.68
1093,85,1,86.15
1094,93,2,139.85
1095,39,1,130.11
1095,48,1,332.08
1095,51,2,60.94
1095,57,1,358.71
1095,29,3,286.27
1096,93,3,139.85
1097,86,3,90.54
1098,36,2,105.76
1098,73,2,126.02
1098,25,2,170.38
1098,12,1,142.92
1099,30,3,158.92
1099,1,3,197.66
1099,24,2,423.97
1099,14,1,192.68
1100,28,3,108.33
1100,31,3,315.13
1100,77,1,353.36
1100,62,1,353.41
1101,13,3,48.16
1102,73,1,126.02
1102,22,1,237.9
1102,53,3,126.7
1103,21,1,43.77
1103,93,2,139.85
1103,87,1,238.37
1103,34,1,251.75
1103,2,3,83.54
1104,43,2,179.75
1104,35,2,388.58
1104,89,1,272.6
1104,76,1,402.4
1105,11,2,362.94
1105,35,3,388.58
1105,32,3,237.32
1106,36,2,105.76
1107,9,3,167.68
1108,5,2,280.9
1109,7,3,372.93
1109,11,1,362.94
1109,41,1,210.92
1110,74,2,137.89
1111,81,2,46.6
1111,53,3,126.7
1111,8,1,215.49
1111,20,3,477.5
1111,62,2,353.41
1112,63,1,192.52
1112,78,2,370.32
1112,56,2,498.51
1112,54,3,251.09
1113,49,2,426.01
1113,20,2,477.5
1113,41,1,210.92
1114,22,2,237.9
1114,23,2,148.33
1114,40,1,13.13
1115,76,3,402.4
1115,34,3,251.75
1115,85,2,86.15
1115,96,1,346.17
1116,44,3,421.39
1116,34,1,251.75
1116,14,2,192.68
1116,95,2,87.23
1117,15,2,256.0
1118,72,3,482.47
1118,13,1,48.16
1118,49,1,426.01
1118,8,3,215.49
1118,48,2,332.08
1119,46,3,475.99
1119,63,1,192.52
1119,6,2,457.83
1120,95,1,87.23
1120,71,2,223.14
1120,49,2,426.01
1120,42,3,124.17
1121,12,3,142.92
1121,39,1,130.11
1121,36,3,105.76
1122,99,2,29.76
1122,19,2,490.89
1122,96,3,346.17
1123,68,3,411.78
1124,90,2,482.67
1125,9,2,167.68
1126,30,2,158.92
1127,85,3,86.15
1127,54,2,251.09
1127,99,3,29.76
1127,23,2,148.33
1127,53,1,126.7
1128,19,2,490.89
1128,33,3,299.93
1128,9,3,167.68
1129,15,2,256.0
1129,38,3,382.64
1129,20,3,477.5
1129,1,1,197.66
1129,57,2,358.71
1130,6,2,457.83
1131,10,3,213.97
1131,34,2,251.75
1131,29,1,286.27
1131,55,3,39.35
1131,47,1,10.72
1132,96,3,346.17
1132,84,1,296.51
1132,60,3,449.67
1132,51,1,60.94
1132,53,2,126.7
1133,16,2,451.95
1133,59,1,461.42
1133,11,1,362.94
1134,56,2,498.51
1134,2,2,83.54
1134,11,1,362.94
1134,89,3,272.6
1135,1,1,197.66
1135,58,3,55.58
1135,61,2,264.68
1135,71,2,223.14
1135,33,2,299.93
1136,56,2,498.51
1136,14,2,192.68
1136,68,2,411.78
1136,81,1,46.6
1137,55,1,39.35
1137,63,3,192.52
1137,17,3,97.88
1137,89,1,272.6
1138,71,1,223.14
1138,98,2,351.47
1139,16,3,451.95
1139,34,1,251.75
1139,27,1,13.9
1139,2,2,83.54
1139,82,1,109.33
1140,23,2,148.33
1140,96,3,346.17
1140,47,1,10.72
1140,80,1,143.26
1141,60,3,449.67
1141,36,3,105.76
1141,89,3,272.6
1141,7,1,372.93
1142,88,1,209.19
1142,99,2,29.76
1143,75,3,164.35
1143,35,2,388.58
1143,37,3,451.22
1143,89,3,272.6
1143,60,3,449.67
1144,4,1,430.17
1144,12,2,142.92
1144,23,2,148.33
1144,86,1,90.54
1144,100,1,419.6
1145,28,3,108.33
1145,54,3,251.09
1145,13,1,48.16
1145,96,1,346.17
1145,2,2,83.54
1146,85,3,86.15
1146,5,1,280.9
1146,9,3,167.68
1146,52,1,269.61
1147,92,1,161.07
1147,31,2,315.13
1147,59,2,461.42
1147,8,3,215.49
1148,80,1,143.26
1148,14,2,192.68
1148,41,2,210.92
1149,97,2,414.93
1149,10,1,213.97
1149,56,3,498.51
1149,91,2,111.74
1150,70,1,288.23
1150,51,2,60.94
1150,96,1,346.17
1151,100,1,419.6
1151,47,2,10.72
1152,63,1,192.52
1152,25,1,170.38
1152,19,2,490.89
1152,8,2,215.49
1152,80,2,143.26
1153,71,1,223.14
1154,79,3,165.85
1154,35,2,388.58
1154,3,1,466.27
1154,57,3,358.71
1155,64,2,487.53
1155,13,1,48.16
1155,69,1,46.67
1155,26,1,281.01
1155,82,3,109.33
1156,56,2,498.51
1157,70,2,288.23
1157,38,1,382.64
1157,66,3,56.83
1158,30,2,158.92
1158,4,1,430.17
1158,97,1,414.93
1158,1,3,197.66
1158,36,2,105.76
1159,1,3,197.66
1159,91,3,111.74
1159,69,2,46.67
1159,78,1,370.32
1160,36,2,105.76
1160,73,2,126.02
1160,88,3,209.19
1160,32,1,237.32
1161,37,1,451.22
1161,60,3,449.67
1161,79,2,165.85
1162,32,1,237.32
1162,8,2,215.49
1162,34,3,251.75
1162,61,3,264.68
1162,2,3,83.54
1163,21,2,43.77
1164,34,1,251.75
1164,48,3,332.08
1164,15,1,256.0
1164,25,2,170.38
1165,16,3,451.95
1166,42,1,124.17
1166,63,3,192.52
1166,43,3,179.75
1166,39,1,130.11
1166,62,3,353.41
1167,24,1,423.97
1167,63,2,192.52
1167,40,1,13.13
1168,22,1,237.9
1168,65,2,51.6
1168,42,2,124.17
1168,1,1,197.66
1168,57,1,358.71
1169,48,3,332.08
1170,69,1,46.67
1170,47,2,10.72
1171,8,2,215.49
1171,15,1,256.0
1171,25,2,170.38
1172,11,3,362.94
1172,12,2,142.92
1172,57,3,358.71
1172,71,2,223.14
1173,93,2,139.85
1174,27,3,13.9
1175,68,3,411.78
1176,12,2,142.92
1176,66,3,56.83
1176,4,1,430.17
1177,14,3,192.68
1177,17,1,97.88
1177,3,2,466.27
1178,81,3,46.6
1178,6,2,457.83
1178,36,1,105.76
1179,55,1,39.35
1179,75,1,164.35
1179,78,1,370.32
1180,53,2,126.7
1180,90,3,482.67
1180,80,3,143.26
1180,19,3,490.89
1181,58,2,55.58
1181,29,3,286.27
1181,66,1,56.83
1182,73,1,126.02
1183,23,1,148.33
1183,27,2,13.9
1183,78,1,370.32
1184,53,2,126.7
1184,26,1,281.01
1184,6,1,457.83
1185,16,1,451.95
1185,27,3,13.9
1185,62,2,353.41
1186,12,1,142.92
1186,18,3,404.13
1186,83,1,392.17
1186,41,2,210.92
1186,69,2,46.67
1187,37,2,451.22
1187,25,2,170.38
1187,56,3,498.51
1187,39,3,130.11
1187,27,1,13.9
1188,85,2,86.15
1189,89,2,272.6
1189,77,2,353.36
1189,36,3,105.76
1190,48,1,332.08
1191,75,3,164.35
1191,41,1,210.92
1191,14,3,192.68
1191,38,1,382.64
1191,49,3,426.01
1192,80,2,143.26
1192,71,1,223.14
1192,75,1,164.35
1192,62,3,353.41
1193,17,1,97.88
1194,36,1,105.76
1195,31,3,315.13
1195,29,3,286.27
1196,81,3,46.6
1196,98,2,351.47
1196,31,1,315.13
1196,14,1,192.68
1196,85,2,86.15
1197,79,3,165.85
1198,64,2,487.53
1198,3,1,466.27
1199,100,2,419.6
1200,100,2,419.6
1200,70,2,288.23
1201,66,2,56.83
1201,39,3,130.11
1201,60,1,449.67
1201,6,2,457.83
1202,95,1,87.23
1203,41,3,210.92
1203,62,2,353.41
1203,94,2,68.76
1203,65,1,51.6
1204,65,2,51.6
1204,4,1,430.17
1204,46,3,475.99
1204,27,1,13.9
1205,100,1,419.6
1205,68,3,411.78
1205,19,2,490.89
1205,26,1,281.01
1205,25,1,170.38
1206,75,2,164.35
1206,70,1,288.23
1206,22,3,237.9
1206,38,3,382.64
1206,60,2,449.67
1207,13,2,48.16
1207,68,1,411.78
1207,89,1,272.6
1208,73,3,126.02
1209,25,3,170.38
1209,52,1,269.61
1209,59,3,461.42
1209,68,3,411.78
1210,55,3,39.35
1211,50,3,366.34
1211,2,3,83.54
1211,49,3,426.01
1211,100,1,419.6
1211,52,1,269.61
1212,76,1,402.4
1212,7,2,372.93
1212,40,1,13.13
1212,94,3,68.76
1213,49,1,426.01
1213,42,2,124.17
1213,65,3,51.6
1214,87,2,238.37
1215,18,3,404.13
1215,21,3,43.77
1215,81,3,46.6
1215,37,2,451.22
1215,13,3,48.16
1216,2,3,83.54
1216,28,1,108.33
1216,16,3,451.95
1216,6,1,457.83
1217,72,3,482.47
1217,93,3,139.85
1217,1,2,197.66
1218,33,3,299.93
1218,68,3,411.78
1218,59,1,461.42
1219,69,2,46.67
1219,32,2,237.32
1219,25,2,170.38
1220,49,1,426.01
1220,89,2,272.6
1220,59,1,461.42
1220,95,1,87.23
1220,82,1,109.33
1221,9,3,167.68
1221,86,3,90.54
1222,55,3,39.35
1223,96,1,346.17
1223,94,2,68.76
1223,54,3,251.09
1223,39,3,130.11
1224,61,3,264.68
1224,82,1,109.33
1224,88,3,209.19
1224,39,2,130.11
1224,29,3,286.27
1225,2,1,83.54
1225,90,3,482.67
1225,28,2,108.33
1225,57,3,358.71
1225,68,1,411.78
1226,14,3,192.68
1226,17,3,97.88
1226,54,2,251.09
1226,95,1,87.23
1227,11,2,362.94
1227,43,3,179.75
1227,41,3,210.92
1228,31,3,315.13
1229,26,1,281.01
1229,92,1,161.07
1229,10,2,213.97
1229,37,3,451.22
1230,50,2,366.34
1230,18,3,404.13
1230,35,3,388.58
1231,93,1,139.85
1231,33,1,299.93
1231,32,2,237.32
1232,21,2,43.77
1232,58,3,55.58
1232,29,3,286.27
1232,93,2,139.85
1232,5,2,280.9
1233,18,1,404.13
1233,5,2,280.9
1233,68,3,411.78
1233,40,2,13.13
1234,33,2,299.93
1234,2,2,83.54
1234,98,2,351.47
1234,15,2,256.0
1235,50,3,366.34
1235,18,3,404.13
1235,15,2,256.0
1235,77,3,353.36
1236,55,1,39.35
1236,44,2,421.39
1236,81,2,46.6
1237,20,3,477.5
1237,34,2,251.75
1237,43,2,179.75
1238,23,1,148.33
1238,79,2,165.85
1238,74,1,137.89
1238,78,1,370.32
1239,61,2,264.68
1239,79,3,165.85
1239,35,1,388.58
1239,6,1,457.83
1240,100,1,419.6
1240,34,3,251.75
1240,14,1,192.68
1241,92,3,161.07
1241,30,3,158.92
1241,72,3,482.47
1241,53,1,126.7
1242,79,1,165.85
1242,18,3,404.13
1243,68,3,411.78
1243,50,2,366.34
1243,18,2,404.13
1243,20,3,477.5
1243,46,3,475.99
1244,24,1,423.97
1244,73,1,126.02
1244,53,1,126.7
1244,56,2,498.51
1245,48,3,332.08
1245,64,1,487.53
1245,35,3,388.58
1245,83,2,392.17
1246,63,1,192.52
1246,84,3,296.51
1247,99,2,29.76
1247,75,1,164.35
1247,21,2,43.77
1248,81,1,46.6
1248,47,3,10.72
1249,5,1,280.9
1249,7,2,372.93
1249,94,2,68.76
1249,10,2,213.97
1250,82,1,109.33
1250,5,2,280.9
1250,75,3,164.35
1250,56,1,498.51
1251,11,2,362.94
1251,1,2,197.66
1251,7,2,372.93
1251,77,3,353.36
1251,14,3,192.68
1252,40,1,13.13
1252,44,1,421.39
1252,93,1,139.85
1253,61,3,264.68
1254,52,3,269.61
1254,17,2,97.88
1254,84,3,296.51
1255,98,1,351.47
1255,84,1,296.51
1255,89,3,272.6
1256,24,2,423.97
1256,92,3,161.07
1256,17,3,97.88
1257,74,1,137.89
1257,65,2,51.6
1257,59,1,461.42
1257,88,1,209.19
1257,26,1,281.01
1258,51,3,60.94
1258,48,1,332.08
1258,100,1,419.6
1258,52,3,269.61
1259,8,3,215.49
1259,81,2,46.6
1259,69,1,46.67
1259,87,1,238.37
1260,12,1,142.92
1260,28,3,108.33
1260,86,1,90.54
1260,33,2,299.93
1261,3,2,466.27
1262,23,2,148.33
1262,19,2,490.89
1262,59,1,461.42
1263,74,3,137.89
1263,83,2,392.17
1263,40,2,13.13
1264,56,3,498.51
1264,87,2,238.37
1265,41,1,210.92
1266,64,2,487.53
1266,63,1,192.52
1266,87,1,238.37
1267,2,3,83.54
1267,21,3,43.77
1267,66,2,56.83
1267,48,1,332.08
1268,69,3,46.67
1268,93,3,139.85
1268,64,3,487.53
1268,44,2,421.39
1268,46,2,475.99
1269,95,1,87.23
1269,24,3,423.97
1269,8,2,215.49
1269,34,2,251.75
1269,93,1,139.85
1270,95,1,87.23
1270,22,2,237.9
1270,98,2,351.47
1270,30,3,158.92
1270,7,1,372.93
1271,85,1,86.15
1272,78,2,370.32
1272,64,3,487.53
1273,38,2,382.64
1273,83,1,392.17
1273,100,1,419.6
1274,76,2,402.4
1274,90,2,482.67
1275,68,3,411.78
1275,55,3,39.35
1275,64,2,487.53
1275,89,3,272.6
1276,38,2,382.64
1277,17,2,97.88
1277,34,3,251.75
1277,82,2,109.33
1277,98,3,351.47
1278,20,3,477.5
1278,95,2,87.23
1278,66,1,56.83
1278,28,3,108.33
1279,53,2,126.7
1280,3,1,466.27
1281,74,3,137.89
1281,57,3,358.71
1281,72,1,482.47
1281,38,3,382.64
1281,23,3,148.33
1282,9,3,167.68
1282,49,2,426.01
1283,16,3,451.95
1283,17,1,97.88
1284,46,2,475.99
1284,65,1,51.6
1284,45,1,439.83
1284,78,2,370.32
1285,76,2,402.4
1285,10,2,213.97
1285,1,3,197.66
1285,44,3,421.39
1285,83,3,392.17
1286,47,3,10.72
1287,30,2,158.92
1287,34,2,251.75
1287,87,2,238.37
1288,84,1,296.51
1289,37,2,451.22
1289,27,2,13.9
1290,92,2,161.07
1291,66,1,56.83
1292,84,1,296.51
1292,28,3,108.33
1292,10,2,213.97
1292,94,3,68.76
1293,31,3,315.13
1293,42,3,124.17
1293,58,3,55.58
1294,42,3,124.17
1294,80,2,143.26
1294,3,1,466.27
1295,20,3,477.5
1296,10,1,213.97
1296,82,1,109.33
1297,51,3,60.94
1297,40,1,13.13
1298,85,3,86.15
1299,41,2,210.92
1300,99,3,29.76
1300,64,3,487.53
1300,71,1,223.14
1301,82,1,109.33
1301,59,2,461.42
1301,7,1,372.93
1301,63,2,192.52
1302,80,2,143.26
1303,82,2,109.33
1304,50,1,366.34
1304,86,1,90.54
1305,52,3,269.61
1305,23,1,148.33
1305,33,1,299.93
1305,92,2,161.07
1306,58,2,55.58
1306,20,3,477.5
1306,1,3,197.66
1307,33,3,299.93
1308,6,3,457.83
1308,62,3,353.41
1308,66,1,56.83
1308,80,2,143.26
1309,67,3,75.42
1309,64,3,487.53
1309,85,1,86.15
1309,43,3,179.75
1309,21,3,43.77
1310,56,3,498.51
1310,25,2,170.38
1310,50,2,366.34
1310,73,2,126.02
1310,14,2,192.68
1311,87,3,238.37
1312,87,3,238.37
1312,29,3,286.27
1312,65,1,51.6
1312,47,3,10.72
1312,58,1,55.58
1313,19,1,490.89
1313,96,2,346.17
1313,78,2,370.32
1313,3,1,466.27
1314,78,2,370.32
1314,93,1,139.85
1314,74,2,137.89
1315,58,2,55.58
1315,70,1,288.23
1315,95,2,87.23
1316,95,1,87.23
1316,29,1,286.27
1316,25,3,170.38
1317,74,3,137.89
1317,100,1,419.6
1317,30,3,158.92
1317,10,2,213.97
1318,43,2,179.75
1318,50,3,366.34
1318,9,1,167.68
1318,79,2,165.85
1319,47,1,10.72
1319,81,1,46.6
1319,7,1,372.93
1319,19,1,490.89
1320,64,2,487.53
1320,68,2,411.78
1321,99,2,29.76
1321,73,1,126.02
1321,46,1,475.99
1321,67,2,75.42
1321,86,1,90.54
1322,42,3,124.17
1322,30,3,158.92
1323,84,2,296.51
1324,13,3,48.16
1324,79,1,165.85
1325,28,3,108.33
1325,64,1,487.53
1325,50,1,366.34
1326,60,3,449.67
1326,82,2,109.33
1326,74,2,137.89
1326,88,3,209.19
1326,22,2,237.9
1327,23,3,148.33
1327,51,3,60.94
1328,61,3,264.68
1328,41,2,210.92
1328,25,1,170.38
1328,12,3,142.92
1328,10,2,213.97
1329,69,1,46.67
1329,63,3,192.52
1330,57,2,358.71
1331,78,2,370.32
1331,25,3,170.38
1331,94,2,68.76
1331,13,2,48.16
1332,35,2,388.58
1332,15,3,256.0
1332,76,2,402.4
1332,91,2,111.74
1332,73,3,126.02
1333,98,2,351.47
1333,84,3,296.51
1333,50,1,366.34
1333,23,3,148.33
1333,82,2,109.33
1334,74,3,137.89
1335,99,2,29.76
1335,64,3,487.53
1336,46,2,475.99
1337,86,2,90.54
1337,82,3,109.33
1338,1,1,197.66
1338,83,2,392.17
1338,57,3,358.71
1339,70,1,288.23
1340,12,1,142.92
1340,83,1,392.17
1340,16,1,451.95
1341,56,2,498.51
1341,58,3,55.58
1341,17,1,97.88
1341,3,2,466.27
1341,62,2,353.41
1342,54,3,251.09
1342,55,2,39.35
1342,10,2,213.97
1343,88,3,209.19
1343,49,2,426.01
1343,2,1,83.54
1343,12,3,142.92
1344,31,1,315.13
1344,35,1,388.58
1344,1,1,197.66
1345,84,2,296.51
1345,48,3,332.08
1345,44,2,421.39
1345,59,2,461.42
1346,54,2,251.09
1346,83,2,392.17
1346,99,3,29.76
1347,25,3,170.38
1347,93,2,139.85
1347,18,2,404.13
1347,76,2,402.4
1348,98,1,351.47
1349,1,2,197.66
1349,56,3,498.51
1349,67,1,75.42
1350,31,1,315.13
1350,32,3,237.32
1351,55,1,39.35
1351,98,1,351.47
1351,90,2,482.67
1352,82,2,109.33
1352,3,2,466.27
1352,54,1,251.09
1352,13,2,48.16
1353,2,1,83.54
1353,42,2,124.17
1354,70,1,288.23
1354,77,2,353.36
1355,9,1,167.68
1355,82,1,109.33
1355,54,3,251.09
1355,20,3,477.5
1355,75,2,164.35
1356,46,1,475.99
1357,15,1,256.0
1357,7,2,372.93
1357,56,3,498.51
1357,51,1,60.94
1358,56,1,498.51
1358,59,2,461.42
1359,8,3,215.49
1359,35,3,388.58
1359,16,3,451.95
1359,59,2,461.42
1359,85,2,86.15
1360,56,3,498.51
1360,87,2,238.37
1360,26,2,281.01
1360,14,2,192.68
1360,77,1,353.36
1361,80,2,143.26
1361,50,2,366.34
1361,87,3,238.37
1361,7,2,372.93
1361,71,1,223.14
1362,20,3,477.5
1362,78,1,370.32
1363,66,3,56.83
1364,70,2,288.23
1364,67,2,75.42
1364,40,3,13.13
1364,92,3,161.07
1365,65,2,51.6
1365,20,2,477.5
1365,33,3,299.93
1365,100,2,419.6
1365,28,3,108.33
1366,69,2,46.67
1366,88,2,209.19
1366,56,3,498.51
1366,23,1,148.33
1367,2,1,83.54
1367,100,3,419.6
1368,9,2,167.68
1368,42,3,124.17
1368,33,2,299.93
1368,63,1,192.52
1369,25,1,170.38
1370,58,1,55.58
1370,20,1,477.5
1370,94,2,68.76
1370,85,2,86.15
1371,98,2,351.47
1371,94,1,68.76
1371,67,3,75.42
1371,9,1,167.68
1372,24,3,423.97
1372,38,3,382.64
1372,97,1,414.93
1372,52,3,269.61
1372,40,1,13.13
1373,11,3,362.94
1373,54,2,251.09
1373,42,3,124.17
1373,8,3,215.49
1374,85,3,86.15
1374,28,1,108.33
1375,73,1,126.02
1375,53,2,126.7
1375,82,3,109.33
1376,29,1,286.27
1377,9,1,167.68
1377,47,3,10.72
1377,14,1,192.68
1377,66,2,56.83
1377,94,3,68.76
1378,4,2,430.17
1379,77,3,353.36
1379,7,2,372.93
1379,39,2,130.11
1379,56,3,498.51
1380,8,3,215.49
1380,99,3,29.76
1380,45,1,439.83
1381,13,1,48.16
1381,78,3,370.32
1381,98,2,351.47
1382,64,3,487.53
1382,72,1,482.47
1383,80,3,143.26
1384,56,3,498.51
1384,69,1,46.67
1385,80,3,143.26
1386,87,3,238.37
1386,7,1,372.93
1386,82,2,109.33
1386,55,2,39.35
1387,55,3,39.35
1388,93,2,139.85
1388,50,2,366.34
1388,13,3,48.16
1388,14,1,192.68
1389,36,1,105.76
1389,21,3,43.77
1389,1,1,197.66
1389,53,2,126.7
1389,61,3,264.68
1390,96,3,346.17
1390,45,1,439.83
1390,71,2,223.14
1390,20,3,477.5
1390,36,3,105.76
1391,63,3,192.52
1391,92,2,161.07
1391,88,3,209.19
1391,76,2,402.4
1392,37,1,451.22
1392,1,1,197.66
1393,26,1,281.01
1394,9,2,167.68
1394,96,1,346.17
1394,67,2,75.42
1395,76,2,402.4
1395,72,1,482.47
1395,78,1,370.32
1396,79,2,165.85
1396,39,2,130.11
1396,82,2,109.33
1397,79,2,165.85
1398,45,1,439.83
1398,65,3,51.6
1398,28,3,108.33
1398,24,1,423.97
1398,47,1,10.72
1399,18,2,404.13
1400,28,3,108.33
1400,34,1,251.75
1401,57,2,358.71
1401,97,3,414.93
1402,8,2,215.49
1402,69,3,46.67
1402,42,1,124.17
1402,74,2,137.89
1403,23,2,148.33
1403,31,3,315.13
1403,79,2,165.85
1403,85,2,86.15
1403,96,1,346.17
1404,33,1,299.93
1404,69,1,46.67
1404,24,3,423.97
1405,16,1,451.95
1406,83,2,392.17
1406,44,3,421.39
1406,62,2,353.41
1407,87,2,238.37
1408,27,3,13.9
1409,98,1,351.47
1409,47,2,10.72
1409,48,2,332.08
1409,32,1,237.32
1409,21,3,43.77
1410,79,1,165.85
1410,64,1,487.53
1411,41,3,210.92
1411,22,1,237.9
1411,20,1,477.5
1411,88,2,209.19
1412,33,1,299.93
1412,90,1,482.67
1413,73,3,126.02
1413,45,2,439.83
1414,56,2,498.51
1414,42,1,124.17
1414,22,1,237.9
1414,71,2,223.14
1414,1,1,197.66
1415,54,3,251.09
1416,89,2,272.6
1416,42,3,124.17
1416,99,3,29.76
1417,40,3,13.13
1418,79,1,165.85
1418,38,2,382.64
1419,21,3,43.77
1419,67,2,75.42
1419,49,3,426.01
1419,24,2,423.97
1419,47,3,10.72
1420,74,3,137.89
1420,25,3,170.38
1421,3,1,466.27
1421,99,3,29.76
1421,55,3,39.35
1421,97,2,414.93
1422,60,3,449.67
1422,93,1,139.85
1422,28,2,108.33
1422,49,2,426.01
1422,3,3,466.27
1423,87,2,238.37
1423,18,1,404.13
1424,91,1,111.74
1424,86,2,90.54
1425,48,2,332.08
1425,3,1,466.27
1425,9,1,167.68
1425,11,3,362.94
1426,96,2,346.17
1426,4,1,430.17
1426,100,2,419.6
1426,28,2,108.33
1427,44,3,421.39
1427,97,3,414.93
1427,49,3,426.01
1427,90,3,482.67
1428,28,1,108.33
1428,95,2,87.23
1428,63,3,192.52
1428,12,3,142.92
1429,61,2,264.68
1429,2,1,83.54
1429,68,3,411.78
1429,4,1,430.17
1429,89,3,272.6
1430,71,1,223.14
1430,95,3,87.23
1430,10,1,213.97
1430,23,3,148.33
1430,91,3,111.74
1431,43,2,179.75
1431,58,1,55.58
1431,89,3,272.6
1431,96,2,346.17
1432,35,1,388.58
1432,37,3,451.22
1432,43,2,179.75
1432,15,2,256.0
1433,22,1,237.9
1433,20,3,477.5
1434,36,2,105.76
1434,99,2,29.76
1435,17,3,97.88
1435,76,3,402.4
1435,73,2,126.02
1436,27,3,13.9
1437,58,1,55.58
1438,87,3,238.37
1438,49,3,426.01
1438,6,3,457.83
1438,94,1,68.76
1438,56,3,498.51
1439,34,3,251.75
1439,44,3,421.39
1439,10,1,213.97
1439,5,3,280.9
1439,50,3,366.34
1440,79,1,165.85
1440,19,2,490.89
1441,75,3,164.35
1441,67,2,75.42
1442,40,3,13.13
1443,63,2,192.52
1443,65,3,51.6
1444,14,2,192.68
1444,97,3,414.93
1444,8,1,215.49
1444,32,3,237.32
1445,47,2,10.72
1446,43,2,179.75
1446,84,3,296.51
1446,97,1,414.93
1446,54,3,251.09
1446,23,3,148.33
1447,79,1,165.85
1447,39,2,130.11
1447,10,1,213.97
1447,18,3,404.13
1448,70,3,288.23
1448,79,3,165.85
1448,75,3,164.35
1448,87,3,238.37
1448,1,2,197.66
1449,68,1,411.78
1450,1,2,197.66
1451,37,3,451.22
1452,27,2,13.9
1452,91,1,111.74
1453,100,3,419.6
1453,53,1,126.7
1454,84,2,296.51
1454,43,2,179.75
1454,72,2,482.47
1454,85,1,86.15
1454,65,2,51.6
1455,100,1,419.6
1455,15,1,256.0
1456,92,1,161.07
1456,91,3,111.74
1456,64,1,487.53
1456,54,1,251.09
1457,10,1,213.97
1457,88,3,209.19
1457,65,2,51.6
1457,8,3,215.49
1457,39,1,130.11
1458,99,3,29.76
1459,73,2,126.02
1459,63,3,192.52
1459,43,3,179.75
1459,99,2,29.76
1460,16,1,451.95
1460,72,3,482.47
1461,9,3,167.68
1462,36,1,105.76
1462,60,3,449.67
1462,22,3,237.9
1462,77,1,353.36
1463,16,1,451.95
1464,46,2,475.99
1464,80,2,143.26
1464,89,1,272.6
1464,57,1,358.71
1465,17,3,97.88
1466,14,1,192.68
1466,18,2,404.13
1467,15,1,256.0
1467,58,3,55.58
1467,97,1,414.93
1467,3,1,466.27
1467,40,2,13.13
1468,68,1,411.78
1468,70,1,288.23
1468,71,3,223.14
1469,79,2,165.85
1469,22,1,237.9
1469,4,1,430.17
1470,15,1,256.0
1470,49,2,426.01
1470,45,1,439.83
1471,12,1,142.92
1471,71,3,223.14
1471,73,2,126.02
1471,14,1,192.68
1472,6,1,457.83
1473,59,3,461.42
1474,97,1,414.93
1474,42,1,124.17
1475,82,3,109.33
1475,22,3,237.9
1475,20,1,477.5
1475,25,1,170.38
1476,85,1,86.15
1476,58,1,55.58
1477,73,3,126.02
1478,12,2,142.92
1478,77,2,353.36
1478,40,3,13.13
1478,1,2,197.66
1478,10,1,213.97
1479,52,2,269.61
1479,5,2,280.9
1480,63,1,192.52
1480,21,3,43.77
1481,47,3,10.72
1481,7,3,372.93
1481,90,3,482.67
1482,56,3,498.51
1483,89,2,272.6
1483,88,1,209.19
1484,27,1,13.9
1484,47,1,10.72
1485,91,2,111.74
1485,24,1,423.97
1485,54,1,251.09
1485,17,2,97.88
1486,35,1,388.58
1486,49,2,426.01
1486,16,3,451.95
1486,63,1,192.52
1486,32,3,237.32
1487,13,3,48.16
1487,27,1,13.9
1487,29,1,286.27
1488,51,1,60.94
1488,57,2,358.71
1488,26,1,281.01
1488,8,2,215.49
1488,76,2,402.4
1489,82,1,109.33
1490,73,2,126.02
1490,81,2,46.6
1490,88,2,209.19
1491,31,1,315.13
1491,73,1,126.02
1492,29,2,286.27
1492,85,2,86.15
1492,67,1,75.42
1492,47,1,10.72
1493,13,3,48.16
1493,76,1,402.4
1493,41,1,210.92
1493,65,3,51.6
1493,3,2,466.27
1494,51,1,60.94
1495,63,3,192.52
1495,47,2,10.72
1495,6,2,457.83
1495,12,3,142.92
1496,83,2,392.17
1496,16,2,451.95
1497,1,3,197.66
1497,3,2,466.27
1497,29,3,286.27
1498,47,3,10.72
1498,66,3,56.83
1498,92,3,161.07
1499,50,3,366.34
1499,96,1,346.17
1499,37,1,451.22
1500,65,1,51.6
1501,3,1,466.27
1501,18,2,404.13
1501,28,2,108.33
1501,22,1,237.9
1501,1,3,197.66
1502,71,1,223.14
1502,78,3,370.32
1502,1,1,197.66
1502,52,2,269.61
1502,96,2,346.17
1503,59,2,461.42
1504,96,3,346.17
1505,50,2,366.34
1505,60,3,449.67
1506,3,1,466.27
1506,36,2,105.76
1506,52,3,269.61
1507,85,3,86.15
1507,19,3,490.89
1508,81,3,46.6
1508,37,2,451.22
1508,26,2,281.01
1508,94,2,68.76
1508,78,3,370.32
1509,98,1,351.47
1509,82,1,109.33
1509,64,2,487.53
1509,22,3,237.9
1509,2,2,83.54
1510,4,1,430.17
1511,87,2,238.37
1511,44,2,421.39
1511,30,2,158.92
1511,37,1,451.22
1512,38,3,382.64
1512,19,3,490.89
1512,93,2,139.85
1513,88,3,209.19
1514,38,2,382.64
1514,44,2,421.39
1514,28,3,108.33
1514,9,2,167.68
1515,2,1,83.54
1515,72,1,482.47
1515,7,3,372.93
1516,3,2,466.27
1516,55,2,39.35
1516,93,1,139.85
1516,75,2,164.35
1516,45,2,439.83
1517,18,1,404.13
1517,58,3,55.58
1517,89,2,272.6
1518,53,1,126.7
1518,81,1,46.6
1519,4,2,430.17
1519,73,1,126.02
1519,67,3,75.42
1519,21,3,43.77
1519,34,1,251.75
1520,91,2,111.74
1520,56,2,498.51
1520,86,1,90.54
1521,26,1,281.01
1521,54,2,251.09
1522,15,2,256.0
1522,63,1,192.52
1522,8,1,215.49
1523,47,2,10.72
1523,22,2,237.9
1524,85,1,86.15
1524,11,2,362.94
1525,58,2,55.58
1526,24,1,423.97
1526,70,3,288.23
1527,39,2,130.11
1527,9,2,167.68
1527,63,3,192.52
1528,13,2,48.16
1529,58,1,55.58
1529,79,2,165.85
1530,35,1,388.58
1530,71,3,223.14
1530,22,1,237.9
1530,15,1,256.0
1530,58,3,55.58
1531,80,3,143.26
1531,81,1,46.6
1531,14,3,192.68
1531,4,2,430.17
1532,56,1,498.51
1532,14,2,192.68
1532,18,2,404.13
1533,36,2,105.76
1533,93,2,139.85
1533,53,2,126.7
1533,62,3,353.41
1534,49,1,426.01
1534,22,3,237.9
1534,43,2,179.75
1535,8,1,215.49
1535,96,3,346.17
1535,88,2,209.19
1536,74,3,137.89
1536,75,1,164.35
1537,60,3,449.67
1537,2,1,83.54
1537,75,3,164.35
1538,16,2,451.95
1538,2,3,83.54
1538,19,2,490.89
1538,67,1,75.42
1539,31,1,315.13
1539,68,2,411.78
1539,87,3,238.37
1540,19,1,490.89
1540,2,3,83.54
1540,32,3,237.32
1541,98,3,351.47
1541,53,1,126.7
1541,44,3,421.39
1541,73,3,126.02
1541,16,1,451.95
1542,24,3,423.97
1542,68,1,411.78
1542,27,2,13.9
1543,2,2,83.54
1543,56,1,498.51
1544,94,3,68.76
1545,29,2,286.27
1545,7,1,372.93
1545,30,1,158.92
1545,72,3,482.47
1545,68,2,411.78
1546,60,3,449.67
1546,52,3,269.61
1546,76,1,402.4
1546,19,3,490.89
1547,95,1,87.23
1548,2,3,83.54
1548,63,2,192.52
1548,13,1,48.16
1549,46,2,475.99
1549,63,3,192.52
1549,38,2,382.64
1549,98,1,351.47
1549,40,2,13.13
1550,15,2,256.0
1550,40,2,13.13
1550,32,1,237.32
1550,66,3,56.83
1550,59,3,461.42
1551,32,3,237.32
1551,15,3,256.0
1551,99,2,29.76
1552,53,3,126.7
1552,64,2,487.53
1552,55,3,39.35
1553,80,1,143.26
1553,21,3,43.77
1553,73,2,126.02
1553,49,1,426.01
1554,92,1,161.07
1554,61,1,264.68
1555,30,1,158.92
1555,63,1,192.52
1555,97,3,414.93
1556,11,2,362.94
1556,74,2,137.89
1556,86,2,90.54
1556,6,3,457.83
1556,42,1,124.17
1557,9,2,167.68
1557,88,1,209.19
1557,30,1,158.92
1558,51,1,60.94
1558,67,3,75.42
1558,84,3,296.51
1558,30,2,158.92
1559,89,3,272.6
1559,71,3,223.14
1559,11,2,362.94
1559,83,1,392.17
1560,93,3,139.85
1560,81,1,46.6
1560,12,2,142.92
1561,21,3,43.77
1562,24,3,423.97
1562,31,1,315.13
1562,55,2,39.35
1563,94,2,68.76
1563,85,1,86.15
1563,28,3,108.33
1564,9,1,167.68
1565,68,2,411.78
1566,37,1,451.22
1566,10,2,213.97
1567,92,3,161.07
1567,16,1,451.95
1567,56,2,498.51
1567,96,1,346.17
1568,14,3,192.68
1569,60,1,449.67
1569,49,2,426.01
1569,22,1,237.9
1570,60,1,449.67
1570,69,3,46.67
1570,62,2,353.41
1571,16,2,451.95
1571,36,2,105.76
1571,42,2,124.17
1572,25,2,170.38
1572,9,3,167.68
1572,84,3,296.51
1572,13,2,48.16
1573,23,3,148.33
1573,52,1,269.61
1573,30,1,158.92
1573,61,3,264.68
1573,82,3,109.33
1574,78,1,370.32
1574,35,1,388.58
1574,29,2,286.27
1574,71,3,223.14
1574,25,3,170.38
1575,61,1,264.68
1575,65,2,51.6
1575,95,2,87.23
1576,2,3,83.54
1576,67,2,75.42
1576,68,1,411.78
1576,7,3,372.93
1577,5,2,280.9
1577,97,2,414.93
1577,86,3,90.54
1577,17,1,97.88
1577,37,3,451.22
1578,22,2,237.9
1578,56,3,498.51
1578,9,2,167.68
1578,60,1,449.67
1578,27,3,13.9
1579,28,1,108.33
1579,98,2,351.47
1579,56,3,498.51
1579,26,1,281.01
1580,67,1,75.42
1581,58,1,55.58
1581,18,3,404.13
1582,67,1,75.42
1582,96,2,346.17
1583,1,1,197.66
1583,84,3,296.51
1583,30,3,158.92
1584,36,1,105.76
1584,73,3,126.02
1585,52,2,269.61
1586,53,3,126.7
1586,33,2,299.93
1586,75,1,164.35
1586,24,3,423.97
1587,72,3,482.47
1587,13,2,48.16
1587,27,3,13.9
1587,30,1,158.92
1588,82,3,109.33
1588,63,3,192.52
1589,72,1,482.47
1590,45,3,439.83
1590,27,1,13.9
1590,85,2,86.15
1591,69,1,46.67
1591,32,2,237.32
1591,5,2,280.9
1591,23,1,148.33
1591,12,2,142.92
1592,84,1,296.51
1593,65,1,51.6
1593,40,3,13.13
1594,98,1,351.47
1594,67,1,75.42
1594,59,3,461.42
1594,52,2,269.61
1595,77,1,353.36
1595,2,2,83.54
1595,61,3,264.68
1596,68,1,411.78
1596,66,2,56.83
1596,10,3,213.97
1597,32,3,237.32
1598,54,2,251.09
1599,10,1,213.97
1599,23,2,148.33
1599,68,3,411.78
1599,66,3,56.83
1599,86,1,90.54
1600,83,1,392.17
1600,70,1,288.23
1600,43,3,179.75
1600,82,1,109.33
1600,73,1,126.02
1601,83,2,392.17
1601,67,3,75.42
1601,13,2,48.16
1601,36,1,105.76
1602,41,3,210.92
1602,32,3,237.32
1602,100,1,419.6
1602,54,1,251.09
1602,76,1,402.4
1603,57,1,358.71
1604,66,3,56.83
1604,54,1,251.09
1604,13,2,48.16
1605,87,1,238.37
1605,100,1,419.6
1605,97,3,414.93
1605,21,2,43.77
1606,71,3,223.14
1606,4,2,430.17
1606,9,2,167.68
1606,87,2,238.37
1607,11,2,362.94
1608,20,3,477.5
1609,33,2,299.93
1610,14,1,192.68
1610,21,2,43.77
1610,5,1,280.9
1610,72,2,482.47
1611,58,1,55.58
1611,40,1,13.13
1611,65,2,51.6
1611,43,3,179.75
1611,52,3,269.61
1612,55,1,39.35
1612,90,2,482.67
1612,9,2,167.68
1612,62,2,353.41
1612,29,1,286.27
1613,98,3,351.47
1613,25,2,170.38
1613,79,3,165.85
1613,84,1,296.51
1614,53,3,126.7
1614,72,3,482.47
1615,55,2,39.35
1616,38,3,382.64
1616,10,3,213.97
1616,90,2,482.67
1616,53,3,126.7
1617,54,3,251.09
1617,52,1,269.61
1618,61,2,264.68
1618,95,2,87.23
1619,65,2,51.6
1620,29,2,286.27
1620,44,2,421.39
1620,62,3,353.41
1621,68,3,411.78
1621,47,3,10.72
1621,73,2,126.02
1621,18,2,404.13
1622,30,3,158.92
1622,53,3,126.7
1622,10,1,213.97
1622,69,2,46.67
1622,88,2,209.19
1623,70,1,288.23
1623,73,3,126.02
1623,22,2,237.9
1624,37,1,451.22
1625,35,1,388.58
1625,42,2,124.17
1625,1,2,197.66
1626,82,2,109.33
1626,8,3,215.49
1626,20,1,477.5
1626,16,3,451.95
1627,76,1,402.4
1627,72,2,482.47
1627,70,1,288.23
1628,30,2,158.92
1629,27,2,13.9
1629,98,1,351.47
1629,21,1,43.77
1629,76,3,402.4
1630,39,1,130.11
1631,33,2,299.93
1631,12,3,142.92
1631,81,3,46.6
1631,21,1,43.77
1632,94,3,68.76
1632,49,2,426.01
1632,41,1,210.92
1632,16,3,451.95
1632,2,3,83.54
1633,1,3,197.66
1633,64,1,487.53
1633,93,3,139.85
1633,96,1,346.17
1634,31,1,315.13
1635,39,2,130.11
1635,5,3,280.9
1635,22,2,237.9
1635,87,1,238.37
1635,61,2,264.68
1636,9,2,167.68
1637,58,2,55.58
1637,47,2,10.72
1637,41,3,210.92
1638,28,1,108.33
1638,82,1,109.33
1638,20,3,477.5
1638,72,3,482.47
1639,86,2,90.54
1639,96,2,346.17
1639,97,1,414.93
1639,1,2,197.66
1640,62,3,353.41
1640,27,3,13.9
1640,67,2,75.42
1641,7,3,372.93
1642,1,2,197.66
1642,100,2,419.6
1642,4,1,430.17
1642,96,2,346.17
1643,85,2,86.15
1644,11,2,362.94
1644,57,2,358.71
1645,89,1,272.6
1646,38,2,382.64
1646,89,3,272.6
1646,48,2,332.08
1647,12,1,142.92
1647,66,3,56.83
1647,11,2,362.94
1647,38,3,382.64
1647,28,2,108.33
1648,59,2,461.42
1648,43,2,179.75
1648,47,1,10.72
1649,72,1,482.47
1649,25,2,170.38
1649,35,1,388.58
1649,100,2,419.6
1650,31,3,315.13
1650,68,1,411.78
1651,78,2,370.32
1651,91,3,111.74
1651,76,2,402.4
1652,93,3,139.85
1652,7,3,372.93
1652,70,1,288.23
1652,91,3,111.74
1653,97,1,414.93
1653,41,2,210.92
1653,67,1,75.42
1653,72,2,482.47
1654,25,2,170.38
1655,40,2,13.13
1655,68,2,411.78
1656,14,2,192.68
1656,18,1,404.13
1656,96,3,346.17
1657,58,1,55.58
1657,79,1,165.85
1658,84,3,296.51
1658,96,1,346.17
1659,77,3,353.36
1660,38,3,382.64
1660,28,1,108.33
1660,9,1,167.68
1661,36,2,105.76
1661,92,2,161.07
1662,78,1,370.32
1662,79,2,165.85
1662,77,1,353.36
1662,4,2,430.17
1663,50,1,366.34
1663,97,1,414.93
1663,72,1,482.47
1663,63,2,192.52
1664,54,2,251.09
1664,45,3,439.83
1665,57,1,358.71
1665,90,3,482.67
1666,14,1,192.68
1666,7,1,372.93
1666,37,2,451.22
1667,59,3,461.42
1667,62,2,353.41
1667,49,3,426.01
1667,63,3,192.52
1668,96,3,346.17
1668,17,1,97.88
1669,77,1,353.36
1669,50,2,366.34
1669,62,1,353.41
1670,54,2,251.09
1670,61,3,264.68
1670,41,1,210.92
1670,43,1,179.75
1670,100,1,419.6
1671,40,1,13.13
1671,43,3,179.75
1671,34,3,251.75
1671,86,3,90.54
1671,4,3,430.17
1672,39,3,130.11
1672,27,3,13.9
1672,72,1,482.47
1673,76,2,402.4
1673,58,1,55.58
1673,52,1,269.61
1673,74,3,137.89
1674,50,3,366.34
1674,63,3,192.52
1674,35,2,388.58
1674,99,3,29.76
1675,75,2,164.35
1675,51,3,60.94
1675,78,2,370.32
1675,2,1,83.54
1675,67,3,75.42
1676,39,1,130.11
1677,89,3,272.6
1677,31,3,315.13
1677,42,3,124.17
1677,75,2,164.35
1677,5,3,280.9
1678,88,2,209.19
1679,34,1,251.75
1679,60,2,449.67
1679,36,1,105.76
1680,18,2,404.13
1680,47,3,10.72
1680,39,1,130.11
1680,35,2,388.58
1681,53,2,126.7
1681,9,2,167.68
1681,8,3,215.49
1681,78,1,370.32
1681,43,3,179.75
1682,36,1,105.76
1682,8,3,215.49
1682,59,1,461.42
1682,41,3,210.92
1683,33,2,299.93
1684,31,2,315.13
1685,22,2,237.9
1685,72,3,482.47
1685,4,3,430.17
1685,30,3,158.92
1685,41,3,210.92
1686,87,1,238.37
1687,84,2,296.51
1687,83,2,392.17
1687,48,1,332.08
1687,69,3,46.67
1687,64,2,487.53
1688,4,3,430.17
1688,14,3,192.68
1688,25,3,170.38
1689,28,2,108.33
1689,77,2,353.36
1689,81,3,46.6
1689,23,2,148.33
1689,42,3,124.17
1690,99,1,29.76
1690,87,1,238.37
1690,51,2,60.94
1691,9,2,167.68
1691,67,2,75.42
1691,52,3,269.61
1691,24,2,423.97
1692,53,3,126.7
1692,9,2,167.68
1692,52,1,269.61
1692,30,3,158.92
1692,29,1,286.27
1693,2,1,83.54
1693,26,3,281.01
1694,17,3,97.88
1694,39,2,130.11
1694,88,2,209.19
1694,79,1,165.85
1695,33,3,299.93
1695,52,2,269.61
1695,51,2,60.94
1695,47,1,10.72
1695,36,2,105.76
1696,51,2,60.94
1696,39,1,130.11
1697,73,2,126.02
1697,84,1,296.51
1697,44,1,421.39
1698,84,2,296.51
1699,22,1,237.9
1699,7,1,372.93
1699,70,3,288.23
1699,84,1,296.51
1700,79,3,165.85
1700,32,1,237.32
1700,33,1,299.93
1700,65,3,51.6
1700,21,3,43.77
1701,3,1,466.27
1701,46,2,475.99
1702,4,2,430.17
1702,37,2,451.22
1702,82,3,109.33
1703,80,1,143.26
1703,54,1,251.09
1703,77,3,353.36
1703,6,1,457.83
1704,25,2,170.38
1704,12,1,142.92
1705,2,2,83.54
1705,35,3,388.58
1705,16,2,451.95
1706,66,3,56.83
1706,89,1,272.6
1706,35,2,388.58
1707,67,1,75.42
1707,54,2,251.09
1707,12,2,142.92
1707,84,3,296.51
1708,96,2,346.17
1708,26,3,281.01
1708,31,2,315.13
1708,29,1,286.27
1708,43,1,179.75
1709,71,2,223.14
1710,42,2,124.17
1710,58,1,55.58
1710,51,2,60.94
1711,74,2,137.89
1711,92,1,161.07
1712,37,1,451.22
1712,9,3,167.68
1712,2,2,83.54
1712,28,1,108.33
1713,32,2,237.32
1713,86,2,90.54
1713,24,1,423.97
1713,82,1,109.33
1714,82,3,109.33
1714,55,2,39.35
1714,48,2,332.08
1715,96,1,346.17
1715,9,1,167.68
1715,17,3,97.88
1715,85,2,86.15
1716,59,2,461.42
1716,87,2,238.37
1716,23,3,148.33
1716,56,1,498.51
1717,78,3,370.32
1718,23,2,148.33
1718,91,3,111.74
1718,66,1,56.83
1718,78,2,370.32
1718,15,1,256.0
1719,82,2,109.33
1719,34,3,251.75
1719,24,3,423.97
1720,17,3,97.88
1720,69,3,46.67
1720,86,1,90.54
1720,55,2,39.35
1721,11,3,362.94
1721,98,2,351.47
1721,32,2,237.32
1721,65,1,51.6
1721,37,1,451.22
1722,100,3,419.6
1722,6,2,457.83
1722,60,3,449.67
1723,65,3,51.6
1724,3,3,466.27
1724,48,1,332.08
1724,90,3,482.67
1725,7,3,372.93
1725,98,2,351.47
1725,45,2,439.83
1726,92,1,161.07
1726,45,2,439.83
1726,10,3,213.97
1726,17,1,97.88
1727,14,2,192.68
1727,13,3,48.16
1727,80,2,143.26
1727,93,1,139.85
1728,20,1,477.5
1728,43,1,179.75
1728,31,2,315.13
1728,1,3,197.66
1729,49,3,426.01
1729,40,2,13.13
1729,30,2,158.92
1730,71,3,223.14
1730,3,2,466.27
1731,87,3,238.37
1731,3,1,466.27
1731,8,3,215.49
1732,14,2,192.68
1732,74,1,137.89
1733,72,2,482.47
1733,64,3,487.53
1733,32,1,237.32
1733,2,3,83.54
1734,5,1,280.9
1735,82,3,109.33
1735,94,1,68.76
1735,98,1,351.47
1736,21,3,43.77
1736,50,2,366.34
1736,19,3,490.89
1736,4,2,430.17
1736,43,3,179.75
1737,93,3,139.85
1737,49,2,426.01
1737,19,3,490.89
1738,48,2,332.08
1738,50,3,366.34
1738,45,3,439.83
1738,94,1,68.76
1739,77,3,353.36
1739,32,3,237.32
1740,27,3,13.9
1740,10,3,213.97
1740,4,2,430.17
1741,70,3,288.23
1742,46,1,475.99
1742,98,3,351.47
1742,57,1,358.71
1742,71,3,223.14
1742,68,3,411.78
1743,62,3,353.41
1743,24,1,423.97
1743,93,3,139.85
1744,67,1,75.42
1744,26,3,281.01
1744,2,3,83.54
1744,88,3,209.19
1745,47,3,10.72
1745,81,3,46.6
1745,83,2,392.17
1745,76,2,402.4
1746,58,2,55.58
1747,54,2,251.09
1747,21,3,43.77
1747,86,3,90.54
1748,82,1,109.33
1748,60,2,449.67
1748,1,1,197.66
1748,27,3,13.9
1749,58,3,55.58
1749,46,3,475.99
1749,67,1,75.42
1749,43,3,179.75
1749,7,1,372.93
1750,63,2,192.52
1751,6,2,457.83
1751,33,3,299.93
1752,60,2,449.67
1753,75,3,164.35
1753,3,2,466.27
1754,69,2,46.67
1754,33,1,299.93
1754,62,3,353.41
1755,6,2,457.83
1755,20,3,477.5
1756,100,3,419.6
1756,35,2,388.58
1756,2,1,83.54
1757,74,2,137.89
1758,70,3,288.23
1759,96,1,346.17
1759,87,1,238.37
1759,1,1,197.66
1759,16,2,451.95
1759,9,2,167.68
1760,79,3,165.85
1760,88,1,209.19
1761,80,2,143.26
1761,81,1,46.6
1761,33,3,299.93
1761,17,2,97.88
1762,85,1,86.15
1762,54,1,251.09
1762,36,2,105.76
1762,62,3,353.41
1763,29,2,286.27
1763,45,2,439.83
1763,24,1,423.97
1763,57,3,358.71
1763,44,3,421.39
1764,70,1,288.23
1765,88,1,209.19
1766,84,1,296.51
1767,95,2,87.23
1768,82,3,109.33
1769,23,2,148.33
1769,12,1,142.92
1770,6,3,457.83
1770,8,2,215.49
1770,64,2,487.53
1770,38,3,382.64
1770,9,3,167.68
1771,27,2,13.9
1771,5,1,280.9
1771,71,2,223.14
1772,72,1,482.47
1772,85,1,86.15
1773,63,2,192.52
1773,18,2,404.13
1773,28,3,108.33
1773,17,2,97.88
1774,61,2,264.68
1774,15,1,256.0
1774,5,2,280.9
1775,56,2,498.51
1776,63,3,192.52
1776,59,3,461.42
1777,22,1,237.9
1777,10,1,213.97
1777,33,1,299.93
1777,16,2,451.95
1777,70,1,288.23
1778,4,3,430.17
1778,65,3,51.6
1778,85,3,86.15
1778,33,1,299.93
1778,61,3,264.68
1779,84,1,296.51
1780,8,2,215.49
1780,95,2,87.23
1780,45,2,439.83
1780,99,3,29.76
1781,95,2,87.23
1781,43,2,179.75
1781,70,2,288.23
1781,81,2,46.6
1782,3,2,466.27
1782,29,3,286.27
1782,94,2,68.76
1782,52,3,269.61
1782,81,3,46.6
1783,99,1,29.76
1783,63,1,192.52
1783,78,3,370.32
1784,92,3,161.07
1784,80,2,143.26
1784,75,3,164.35
1784,81,2,46.6
1784,28,3,108.33
1785,41,1,210.92
1785,21,3,43.77
1785,28,1,108.33
1785,99,2,29.76
1786,28,1,108.33
1786,25,1,170.38
1786,34,2,251.75
1787,70,1,288.23
1787,23,1,148.33
1787,4,1,430.17
1787,60,2,449.67
1787,5,2,280.9
1788,44,2,421.39
1788,34,1,251.75
1788,58,3,55.58
1789,56,1,498.51
1789,38,3,382.64
1789,92,1,161.07
1789,12,2,142.92
1789,55,1,39.35
1790,61,1,264.68
1791,7,2,372.93
1791,25,3,170.38
1792,12,1,142.92
1792,61,2,264.68
1793,88,1,209.19
1793,32,3,237.32
1794,96,2,346.17
1795,82,3,109.33
1795,2,2,83.54
1795,69,3,46.67
1795,89,1,272.6
1795,66,1,56.83
1796,99,3,29.76
1796,48,1,332.08
1797,39,1,130.11
1797,90,2,482.67
1797,30,2,158.92
1798,62,1,353.41
1798,17,2,97.88
1798,12,1,142.92
1798,13,3,48.16
1799,67,3,75.42
1799,14,1,192.68
1799,1,3,197.66
1799,73,2,126.02
1800,55,1,39.35
1800,30,2,158.92
1800,48,1,332.08
1800,17,2,97.88
1801,26,1,281.01
1801,84,1,296.51
1801,58,2,55.58
1801,15,1,256.0
1802,69,2,46.67
1802,53,2,126.7
1802,68,2,411.78
1802,83,3,392.17
1803,13,1,48.16
1803,38,2,382.64
1803,61,3,264.68
1804,55,2,39.35
1804,71,1,223.14
1804,73,3,126.02
1805,38,2,382.64
1805,24,2,423.97
1805,44,2,421.39
1805,23,2,148.33
1806,75,3,164.35
1806,73,2,126.02
1806,82,1,109.33
1806,89,3,272.6
1806,63,3,192.52
1807,12,2,142.92
1807,50,1,366.34
1807,81,1,46.6
1808,86,1,90.54
1808,84,3,296.51
1809,95,3,87.23
1809,4,3,430.17
1809,13,1,48.16
1809,34,3,251.75
1810,92,3,161.07
1810,83,2,392.17
1810,8,3,215.49
1811,45,3,439.83
1812,80,3,143.26
1813,94,1,68.76
1813,86,1,90.54
1813,81,1,46.6
1813,95,1,87.23
1814,63,3,192.52
1814,20,3,477.5
1814,44,2,421.39
1815,90,1,482.67
1816,82,3,109.33
1816,83,2,392.17
1816,78,3,370.32
1817,30,3,158.92
1817,100,2,419.6
1818,51,1,60.94
1819,88,3,209.19
1819,100,3,419.6
1819,3,3,466.27
1819,56,1,498.51
1819,24,2,423.97
1820,51,1,60.94
1820,7,3,372.93
1820,85,3,86.15
1820,25,1,170.38
1821,11,1,362.94
1821,82,2,109.33
1821,67,1,75.42
1822,73,1,126.02
1822,27,2,13.9
1822,53,2,126.7
1823,8,3,215.49
1823,89,3,272.6
1823,67,1,75.42
1823,64,2,487.53
1823,57,2,358.71
1824,38,2,382.64
1824,90,1,482.67
1825,60,3,449.67
1825,50,2,366.34
1825,19,3,490.89
1825,13,2,48.16
1826,3,2,466.27
1826,80,2,143.26
1827,39,1,130.11
1827,17,1,97.88
1827,78,2,370.32
1827,82,3,109.33
1828,94,3,68.76
1828,39,2,130.11
1829,78,3,370.32
1830,75,1,164.35
1830,43,2,179.75
1831,72,3,482.47
1831,91,1,111.74
1832,40,2,13.13
1832,45,1,439.83
1832,34,2,251.75
1832,68,2,411.78
1832,20,1,477.5
1833,14,2,192.68
1833,24,3,423.97
1834,17,3,97.88
1835,60,1,449.67
1835,51,2,60.94
1835,52,1,269.61
1835,29,3,286.27
1835,35,2,388.58
1836,34,2,251.75
1836,60,3,449.67
1836,55,1,39.35
1837,39,3,130.11
1837,52,2,269.61
1838,43,1,179.75
1838,98,1,351.47
1838,15,2,256.0
1838,53,2,126.7
1838,76,1,402.4
1839,14,3,192.68
1839,32,1,237.32
1839,48,3,332.08
1839,89,3,272.6
1840,42,2,124.17
1840,34,1,251.75
1840,83,3,392.17
1841,1,2,197.66
1841,81,2,46.6
1841,3,2,466.27
1842,91,2,111.74
1842,68,2,411.78
1842,6,2,457.83
1843,69,2,46.67
1843,59,1,461.42
1843,67,1,75.42
1844,86,2,90.54
1844,32,1,237.32
1844,16,2,451.95
1844,23,3,148.33
1844,59,1,461.42
1845,45,2,439.83
1845,78,3,370.32
1846,82,2,109.33
1846,17,2,97.88
1847,37,3,451.22
1847,97,3,414.93
1848,50,1,366.34
1849,47,2,10.72
1849,32,1,237.32
1850,55,2,39.35
1850,90,1,482.67
1850,46,2,475.99
1850,40,1,13.13
1851,83,3,392.17
1852,5,3,280.9
1853,38,3,382.64
1854,29,3,286.27
1854,73,1,126.02
1854,83,3,392.17
1854,85,1,86.15
1855,65,2,51.6
1855,84,2,296.51
1855,31,3,315.13
1855,41,3,210.92
1855,67,1,75.42
1856,18,2,404.13
1857,10,3,213.97
1857,18,1,404.13
1857,57,2,358.71
1857,63,2,192.52
1858,44,1,421.39
1858,25,3,170.38
1858,78,2,370.32
1858,1,2,197.66
1858,76,2,402.4
1859,73,1,126.02
1859,33,3,299.93
1859,2,1,83.54
1859,68,1,411.78
1860,77,3,353.36
1860,94,1,68.76
1860,21,2,43.77
1860,22,2,237.9
1860,73,1,126.02
1861,80,3,143.26
1861,98,2,351.47
1861,50,1,366.34
1861,42,1,124.17
1861,72,3,482.47
1862,32,1,237.32
1862,60,2,449.67
1862,54,3,251.09
1862,33,2,299.93
1862,42,3,124.17
1863,17,1,97.88
1863,68,3,411.78
1863,2,2,83.54
1863,22,2,237.9
1864,23,3,148.33
1864,53,1,126.7
1864,6,2,457.83
1864,2,3,83.54
1865,4,3,430.17
1865,86,3,90.54
1865,16,1,451.95
1865,68,1,411.78
1865,99,3,29.76
1866,1,1,197.66
1866,43,2,179.75
1867,20,2,477.5
1867,70,3,288.23
1867,51,1,60.94
1867,68,3,411.78
1867,95,3,87.23
1868,7,1,372.93
1868,97,1,414.93
1869,10,2,213.97
1869,8,3,215.49
1869,70,3,288.23
1869,9,1,167.68
1870,27,3,13.9
1870,91,2,111.74
1871,83,2,392.17
1871,51,2,60.94
1871,22,1,237.9
1871,15,2,256.0
1872,75,3,164.35
1873,58,1,55.58
1874,59,1,461.42
1874,94,3,68.76
1875,89,2,272.6
1875,77,1,353.36
1876,53,1,126.7
1876,28,2,108.33
1876,43,3,179.75
1876,69,1,46.67
1876,99,3,29.76
1877,26,3,281.01
1877,72,3,482.47
1877,75,2,164.35
1877,99,3,29.76
1878,79,3,165.85
1878,42,1,124.17
1878,45,1,439.83
1879,19,1,490.89
1879,99,2,29.76
1879,100,2,419.6
1879,96,3,346.17
1879,30,3,158.92
1880,59,3,461.42
1880,20,1,477.5
1880,66,2,56.83
1881,84,3,296.51
1881,28,1,108.33
1881,83,2,392.17
1881,67,1,75.42
1882,4,2,430.17
1882,45,1,439.83
1882,42,1,124.17
1882,72,3,482.47
1882,63,3,192.52
1883,76,1,402.4
1883,53,2,126.7
1884,77,3,353.36
1884,86,2,90.54
1884,98,1,351.47
1884,8,2,215.49
1884,87,2,238.37
1885,42,1,124.17
1885,81,1,46.6
1885,85,2,86.15
1885,21,3,43.77
1885,84,3,296.51
1886,88,2,209.19
1886,94,2,68.76
1886,89,3,272.6
1886,13,1,48.16
1886,36,1,105.76
1887,79,3,165.85
1887,16,2,451.95
1887,61,2,264.68
1887,81,3,46.6
1887,21,2,43.77
1888,95,1,87.23
1888,62,1,353.41
1888,35,3,388.58
1888,76,1,402.4
1888,33,2,299.93
1889,71,3,223.14
1889,100,2,419.6
1890,95,2,87.23
1890,70,3,288.23
1890,3,1,466.27
1891,8,3,215.49
1892,46,2,475.99
1893,11,3,362.94
1894,37,3,451.22
1894,27,2,13.9
1894,98,2,351.47
1894,85,2,86.15
1895,85,1,86.15
1895,79,2,165.85
1896,90,3,482.67
1896,98,2,351.47
1896,48,3,332.08
1897,90,3,482.67
1898,35,1,388.58
1898,55,1,39.35
1898,77,2,353.36
1898,94,3,68.76
1898,2,3,83.54
1899,15,1,256.0
1899,17,2,97.88
1899,100,3,419.6
1899,28,1,108.33
1899,49,2,426.01
1900,83,1,392.17
1900,88,1,209.19
1900,37,1,451.22
1900,62,2,353.41
1900,87,1,238.37
1901,89,1,272.6
1901,6,2,457.83
1901,51,3,60.94
1901,84,2,296.51
1901,58,2,55.58
1902,80,2,143.26
1903,89,3,272.6
1903,63,2,192.52
1903,21,2,43.77
1903,37,2,451.22
1904,50,3,366.34
1904,32,1,237.32
1904,7,2,372.93
1904,88,2,209.19
1905,86,3,90.54
1905,69,1,46.67
1906,13,3,48.16
1906,87,2,238.37
1906,8,1,215.49
1906,5,2,280.9
1906,92,3,161.07
1907,40,1,13.13
1907,81,3,46.6
1907,99,1,29.76
1907,87,2,238.37
1908,6,1,457.83
1908,87,1,238.37
1909,2,3,83.54
1909,41,2,210.92
1910,59,2,461.42
1910,32,3,237.32
1910,28,3,108.33
1911,65,2,51.6
1911,62,2,353.41
1912,47,1,10.72
1912,94,2,68.76
1912,46,3,475.99
1912,45,2,439.83
1913,42,3,124.17
1913,50,2,366.34
1913,70,2,288.23
1913,47,2,10.72
1913,4,3,430.17
1914,68,2,411.78
1914,22,3,237.9
1914,85,2,86.15
1914,52,1,269.61
1915,6,1,457.83
1915,7,1,372.93
1916,46,3,475.99
1916,34,2,251.75
1916,52,2,269.61
1917,31,2,315.13
1917,37,3,451.22
1918,45,3,439.83
1918,18,3,404.13
1918,75,2,164.35
1918,34,2,251.75
1918,82,2,109.33
1919,37,1,451.22
1920,48,3,332.08
1920,5,3,280.9
1920,43,2,179.75
1921,98,2,351.47
1921,26,1,281.01
1922,78,1,370.32
1922,43,3,179.75
1922,84,1,296.51
1922,14,3,192.68
1923,83,3,392.17
1923,16,2,451.95
1923,26,2,281.01
1923,69,3,46.67
1924,45,1,439.83
1924,42,3,124.17
1924,73,3,126.02
1924,36,1,105.76
1924,21,3,43.77
1925,32,1,237.32
1925,83,2,392.17
1926,79,3,165.85
1927,59,3,461.42
1927,60,1,449.67
1927,93,1,139.85
1927,12,3,142.92
1927,11,3,362.94
1928,57,1,358.71
1928,90,2,482.67
1928,59,1,461.42
1928,38,2,382.64
1929,80,3,143.26
1929,1,1,197.66
1929,76,2,402.4
1929,67,1,75.42
1929,43,2,179.75
1930,88,3,209.19
1930,54,2,251.09
1931,33,2,299.93
1931,78,2,370.32
1931,27,2,13.9
1931,82,3,109.33
1932,69,2,46.67
1932,75,1,164.35
1932,28,2,108.33
1932,92,3,161.07
1932,65,3,51.6
1933,90,3,482.67
1934,59,2,461.42
1934,50,3,366.34
1934,40,3,13.13
1934,94,1,68.76
1935,38,3,382.64
1935,25,2,170.38
1935,11,1,362.94
1935,80,3,143.26
1935,54,1,251.09
1936,73,1,126.02
1936,95,2,87.23
1936,5,1,280.9
1936,82,3,109.33
1937,18,2,404.13
1938,48,2,332.08
1939,39,3,130.11
1939,8,2,215.49
1939,18,2,404.13
1939,81,3,46.6
1940,69,2,46.67
1940,98,3,351.47
1940,57,2,358.71
1941,73,1,126.02
1941,13,2,48.16
1941,82,3,109.33
1942,30,1,158.92
1943,67,1,75.42
1943,31,3,315.13
1943,58,3,55.58
1943,27,3,13.9
1944,45,2,439.83
1944,75,1,164.35
1945,95,3,87.23
1945,31,2,315.13
1946,75,1,164.35
1946,92,1,161.07
1946,23,2,148.33
1947,8,2,215.49
1947,96,2,346.17
1947,24,1,423.97
1947,37,1,451.22
1947,45,2,439.83
1948,90,2,482.67
1948,60,1,449.67
1949,14,1,192.68
1949,37,3,451.22
1949,77,2,353.36
1950,18,3,404.13
1950,64,1,487.53
1951,27,2,13.9
1951,13,2,48.16
1952,17,3,97.88
1953,6,2,457.83
1954,100,3,419.6
1955,50,1,366.34
1955,30,1,158.92
1955,38,2,382.64
1955,36,3,105.76
1956,1,2,197.66
1956,24,1,423.97
1956,84,1,296.51
1956,96,3,346.17
1957,51,3,60.94
1957,36,2,105.76
1957,10,3,213.97
1958,76,3,402.4
1958,71,2,223.14
1959,22,2,237.9
1960,13,3,48.16
1960,47,3,10.72
1961,35,3,388.58
1962,45,2,439.83
1962,13,1,48.16
1963,86,3,90.54
1963,49,2,426.01
1964,34,3,251.75
1965,69,2,46.67
1965,47,1,10.72
1965,22,3,237.9
1966,93,2,139.85
1966,32,2,237.32
1967,20,2,477.5
1967,22,3,237.9
1967,33,2,299.93
1967,5,1,280.9
1968,98,2,351.47
1969,15,1,256.0
1970,3,3,466.27
1970,1,3,197.66
1970,35,1,388.58
1970,47,2,10.72
1970,84,2,296.51
1971,26,1,281.01
1971,35,3,388.58
1972,5,3,280.9
1972,97,3,414.93
1972,48,1,332.08
1972,54,1,251.09
1973,47,1,10.72
1973,46,3,475.99
1973,52,2,269.61
1974,72,3,482.47
1974,9,2,167.68
1974,68,1,411.78
1974,99,3,29.76
1974,20,3,477.5
1975,39,3,130.11
1975,68,1,411.78
1975,50,1,366.34
1975,75,2,164.35
1976,63,1,192.52
1976,92,3,161.07
1976,27,1,13.9
1977,80,3,143.26
1977,95,2,87.23
1977,17,1,97.88
1977,52,3,269.61
1978,2,2,83.54
1978,39,2,130.11
1978,33,1,299.93
1979,59,2,461.42
1980,43,2,179.75
1981,45,3,439.83
1981,42,3,124.17
1981,67,3,75.42
1981,77,1,353.36
1982,42,2,124.17
1982,69,3,46.67
1982,51,3,60.94
1982,76,3,402.4
1983,21,1,43.77
1983,26,2,281.01
1984,6,1,457.83
1984,33,1,299.93
1985,52,1,269.61
1986,74,1,137.89
1987,55,3,39.35
1988,13,1,48.16
1988,95,2,87.23
1988,32,3,237.32
1988,49,1,426.01
1989,39,3,130.11
1990,7,3,372.93
1990,20,2,477.5
1991,18,1,404.13
1992,21,2,43.77
1992,71,3,223.14
1993,35,1,388.58
1994,82,2,109.33
1994,37,2,451.22
1995,19,3,490.89
1995,34,3,251.75
1996,22,1,237.9
1996,37,1,451.22
1997,30,1,158.92
1997,89,3,272.6
1998,2,1,83.54
1999,25,1,170.38
2000,68,3,411.78
2000,78,3,370.32
2000,22,1,237.9
2000,70,2,288.23
2001,43,3,179.75
2001,8,3,215.49
2002,73,2,126.02
2002,13,1,48.16
2002,92,1,161.07
2002,30,3,158.92
2003,49,2,426.01
2003,15,2,256.0
2003,82,1,109.33
2004,36,3,105.76
2004,95,2,87.23
2004,90,2,482.67
2004,67,2,75.42
2004,53,1,126.7
2005,97,1,414.93
2005,77,2,353.36
2005,59,1,461.42
2005,75,2,164.35
2005,47,1,10.72
2006,25,3,170.38
2006,1,1,197.66
2006,83,2,392.17
2006,60,1,449.67
2006,6,1,457.83
2007,8,1,215.49
2007,17,3,97.88
2007,63,2,192.52
2007,25,2,170.38
2008,93,2,139.85
2008,21,3,43.77
2008,54,1,251.09
2008,9,2,167.68
2009,76,2,402.4
2009,19,2,490.89
2010,86,2,90.54
2010,70,2,288.23
2010,74,1,137.89
2010,61,3,264.68
2010,91,3,111.74
2011,89,1,272.6
2011,39,3,130.11
2012,9,2,167.68
2012,36,1,105.76
2013,21,1,43.77
2013,22,3,237.9
2013,24,3,423.97
2013,68,1,411.78
2013,29,1,286.27
2014,42,2,124.17
2014,23,3,148.33
2014,93,1,139.85
2014,21,2,43.77
2014,28,1,108.33
2015,88,3,209.19
2015,4,2,430.17
2015,99,1,29.76
2015,75,3,164.35
2016,36,2,105.76
2017,22,2,237.9
2018,21,1,43.77
2018,24,2,423.97
2018,76,2,402.4
2019,57,3,358.71
2019,87,3,238.37
2019,4,3,430.17
2019,67,1,75.42
2020,91,1,111.74
2020,30,2,158.92
2020,90,2,482.67
2020,83,1,392.17
2020,45,3,439.83
2021,89,2,272.6
2021,25,1,170.38
2021,26,2,281.01
2021,83,1,392.17
2021,59,2,461.42
2022,94,2,68.76
2022,30,3,158.92
2022,27,3,13.9
2022,92,3,161.07
2022,67,2,75.42
2023,11,1,362.94
2023,94,1,68.76
2023,79,3,165.85
2023,3,3,466.27
2023,44,3,421.39
2024,44,2,421.39
2024,72,3,482.47
2024,62,2,353.41
2025,66,3,56.83
2026,45,1,439.83
2026,62,1,353.41
2027,95,3,87.23
2027,90,1,482.67
2028,1,2,197.66
2029,72,2,482.47
2030,72,2,482.47
2031,39,2,130.11
2031,65,2,51.6
2031,51,3,60.94
2031,88,3,209.19
2031,59,2,461.42
2032,96,1,346.17
2032,80,2,143.26
2033,32,2,237.32
2033,95,1,87.23
2033,47,3,10.72
2033,83,3,392.17
2033,49,2,426.01
2034,18,3,404.13
2034,86,1,90.54
2034,59,2,461.42
2034,85,1,86.15
2034,1,3,197.66
2035,82,2,109.33
2035,86,3,90.54
2035,91,1,111.74
2036,96,3,346.17
2037,97,2,414.93
2038,95,3,87.23
2038,53,2,126.7
2038,23,1,148.33
2039,55,2,39.35
2039,85,2,86.15
2040,83,2,392.17
2040,65,1,51.6
2040,4,3,430.17
2040,73,2,126.02
2041,52,1,269.61
2041,39,2,130.11
2041,62,2,353.41
2041,5,1,280.9
2041,32,2,237.32
2042,98,1,351.47
2042,26,1,281.01
2042,92,2,161.07
2043,35,1,388.58
2043,93,1,139.85
2043,94,2,68.76
2044,38,1,382.64
2045,8,1,215.49
2045,90,2,482.67
2045,86,1,90.54
2046,20,1,477.5
2046,92,1,161.07
2046,35,1,388.58
2047,9,1,167.68
2047,43,3,179.75
2047,87,1,238.37
2047,53,3,126.7
2047,69,3,46.67
2048,31,3,315.13
2048,94,1,68.76
2048,10,1,213.97
2049,21,2,43.77
2049,95,2,87.23
2049,99,3,29.76
2050,37,1,451.22
2050,57,2,358.71
2050,71,2,223.14
2050,60,3,449.67
2051,38,2,382.64
2051,37,3,451.22
2051,21,1,43.77
2051,65,1,51.6
2052,85,3,86.15
2052,95,1,87.23
2052,4,3,430.17
2052,59,1,461.42
2053,94,1,68.76
2054,18,2,404.13
2055,68,2,411.78
2055,99,2,29.76
2055,2,3,83.54
2056,17,3,97.88
2056,14,3,192.68
2056,15,2,256.0
2057,92,1,161.07
2057,76,1,402.4
2057,84,2,296.51
2058,75,3,164.35
2058,9,3,167.68
2058,7,1,372.93
2059,22,1,237.9
2059,90,3,482.67
2059,25,2,170.38
2059,89,3,272.6
2060,4,3,430.17
2060,37,3,451.22
2061,3,2,466.27
2061,92,2,161.07
2062,34,1,251.75
2063,10,2,213.97
2063,8,1,215.49
2064,88,1,209.19
2064,27,2,13.9
2064,10,2,213.97
2065,28,1,108.33
2066,94,2,68.76
2066,67,3,75.42
2066,66,2,56.83
2067,50,2,366.34
2068,99,2,29.76
2069,46,1,475.99
2069,83,2,392.17
2069,15,3,256.0
2069,35,1,388.58
2070,10,1,213.97
2070,43,3,179.75
2070,52,2,269.61
2071,35,3,388.58
2072,59,1,461.42
2072,61,3,264.68
2073,9,1,167.68
2073,44,3,421.39
2074,15,1,256.0
2074,14,1,192.68
2074,43,3,179.75
2074,16,2,451.95
2075,93,1,139.85
2075,61,2,264.68
2076,97,3,414.93
2076,48,1,332.08
2077,15,1,256.0
2077,5,3,280.9
2077,51,2,60.94
2078,2,3,83.54
2078,81,2,46.6
2078,33,1,299.93
2079,45,3,439.83
2079,28,1,108.33
2079,16,2,451.95
2080,64,1,487.53
2080,10,1,213.97
2081,57,1,358.71
2082,94,3,68.76
2082,5,2,280.9
2082,70,2,288.23
2083,39,3,130.11
2083,3,3,466.27
2084,93,2,139.85
2084,5,3,280.9
2084,95,3,87.23
2084,79,1,165.85
2085,99,2,29.76
2085,30,1,158.92
2085,31,1,315.13
2086,75,3,164.35
2087,74,3,137.89
2087,31,2,315.13
2087,10,1,213.97
2087,76,1,402.4
2087,13,3,48.16
2088,88,3,209.19
2088,65,2,51.6
2088,15,3,256.0
2088,22,1,237.9
2088,93,3,139.85
2089,85,3,86.15
2089,90,1,482.67
2090,67,2,75.42
2090,58,3,55.58
2090,40,3,13.13
2090,94,2,68.76
2090,10,3,213.97
2091,46,3,475.99
2091,34,1,251.75
2092,91,1,111.74
2092,43,2,179.75
2092,6,2,457.83
2093,83,1,392.17
2093,23,3,148.33
2093,62,3,353.41
2094,81,2,46.6
2094,77,3,353.36
2094,51,1,60.94
2094,56,1,498.51
2095,43,1,179.75
2096,73,3,126.02
2096,82,1,109.33
2097,19,3,490.89
2097,35,2,388.58
2097,25,2,170.38
2097,3,2,466.27
2098,80,2,143.26
2098,67,2,75.42
2098,30,2,158.92
2098,85,3,86.15
2099,2,2,83.54
2100,66,3,56.83
2101,33,3,299.93
2101,7,3,372.93
2102,82,1,109.33
2102,46,3,475.99
2103,25,1,170.38
2103,96,2,346.17
2104,74,1,137.89
2104,23,3,148.33
2104,8,1,215.49
2104,72,2,482.47
2105,11,1,362.94
2105,91,1,111.74
2105,50,1,366.34
2105,83,2,392.17
2106,76,3,402.4
2106,42,1,124.17
2107,49,2,426.01
2107,83,1,392.17
2108,54,1,251.09
2108,76,1,402.4
2108,55,3,39.35
2108,100,2,419.6
2108,15,1,256.0
2109,80,3,143.26
2109,4,3,430.17
2110,85,3,86.15
2110,84,2,296.51
2111,62,1,353.41
2111,28,3,108.33
2111,97,2,414.93
2111,53,1,126.7
2112,28,3,108.33
2112,75,3,164.35
2113,6,2,457.83
2113,51,3,60.94
2113,90,2,482.67
2114,2,1,83.54
2114,92,3,161.07
2114,44,3,421.39
2114,46,1,475.99
2115,44,1,421.39
2116,7,3,372.93
2116,71,3,223.14
2116,28,1,108.33
2116,6,2,457.83
2116,54,1,251.09
2117,98,2,351.47
2117,65,2,51.6
2117,5,2,280.9
2117,45,1,439.83
2117,48,3,332.08
2118,96,2,346.17
2118,37,1,451.22
2118,100,2,419.6
2118,9,1,167.68
2118,17,2,97.88
2119,48,1,332.08
2120,77,3,353.36
2120,82,3,109.33
2121,57,2,358.71
2122,75,1,164.35
2123,15,1,256.0
2123,95,2,87.23
2123,40,2,13.13
2123,79,3,165.85
2123,69,2,46.67
2124,2,2,83.54
2124,31,2,315.13
2124,18,3,404.13
2124,12,3,142.92
2124,58,1,55.58
2125,99,2,29.76
2126,57,3,358.71
2126,43,3,179.75
2126,48,1,332.08
2126,3,2,466.27
2127,64,3,487.53
2127,44,1,421.39
2128,43,2,179.75
2129,83,1,392.17
2129,86,3,90.54
2129,17,2,97.88
2130,92,3,161.07
2131,72,1,482.47
2131,51,1,60.94
2132,8,3,215.49
2132,28,2,108.33
2132,55,2,39.35
2132,64,2,487.53
2132,38,2,382.64
2133,48,1,332.08
2133,27,2,13.9
2133,99,1,29.76
2133,42,2,124.17
2134,37,2,451.22
2134,26,1,281.01
2134,77,3,353.36
2134,18,1,404.13
2135,8,3,215.49
2135,59,1,461.42
2136,27,2,13.9
2137,12,1,142.92
2137,1,1,197.66
2137,15,3,256.0
2137,32,1,237.32
2137,82,1,109.33
2138,13,1,48.16
2138,99,3,29.76
2138,52,3,269.61
2139,4,3,430.17
2139,74,3,137.89
2139,60,3,449.67
2139,45,2,439.83
2139,63,1,192.52
2140,52,2,269.61
2140,11,2,362.94
2140,73,2,126.02
2140,3,2,466.27
2141,77,1,353.36
2141,7,3,372.93
2141,36,2,105.76
2142,92,1,161.07
2142,10,1,213.97
2142,56,3,498.51
2142,83,1,392.17
2143,89,1,272.6
2143,57,1,358.71
2143,17,2,97.88
2143,56,2,498.51
2144,22,3,237.9
2145,3,3,466.27
2145,96,2,346.17
2145,24,2,423.97
2145,67,2,75.42
2146,75,3,164.35
2146,19,3,490.89
2146,12,3,142.92
2147,50,2,366.34
2147,70,2,288.23
2147,65,3,51.6
2148,28,2,108.33
2148,25,2,170.38
2148,86,1,90.54
2148,75,3,164.35
2148,58,1,55.58
2149,6,3,457.83
2149,23,2,148.33
2149,30,2,158.92
2149,70,1,288.23
2149,38,3,382.64
2150,39,3,130.11
2150,33,3,299.93
2150,29,1,286.27
2151,30,3,158.92
2151,49,1,426.01
2151,99,3,29.76
2151,83,1,392.17
2152,43,3,179.75
2152,57,2,358.71
2152,44,3,421.39
2152,29,2,286.27
2152,100,2,419.6
2153,97,3,414.93
2153,28,1,108.33
2153,14,3,192.68
2153,68,2,411.78
2154,91,1,111.74
2154,74,1,137.89
2155,37,1,451.22
2155,76,3,402.4
2156,69,2,46.67
2156,44,2,421.39
2156,21,3,43.77
2156,26,3,281.01
2157,41,1,210.92
2158,15,2,256.0
2158,97,2,414.93
2159,95,2,87.23
2159,1,1,197.66
2159,67,1,75.42
2159,78,1,370.32
2160,55,2,39.35
2160,41,3,210.92
2160,65,3,51.6
2160,80,1,143.26
2161,17,2,97.88
2161,95,2,87.23
2161,48,3,332.08
2162,97,1,414.93
2162,74,3,137.89
2163,33,1,299.93
2163,90,3,482.67
2163,82,3,109.33
2164,93,2,139.85
2164,38,1,382.64
2164,81,3,46.6
2165,74,2,137.89
2165,71,1,223.14
2166,26,3,281.01
2166,96,1,346.17
2166,33,3,299.93
2166,49,1,426.01
2166,50,2,366.34
2167,78,1,370.32
2167,68,1,411.78
2167,51,3,60.94
2168,43,3,179.75
2168,29,3,286.27
2168,24,1,423.97
2168,88,1,209.19
2169,85,2,86.15
2169,26,1,281.01
2169,3,2,466.27
2170,14,3,192.68
2170,80,3,143.26
2170,6,2,457.83
2170,38,3,382.64
2170,91,2,111.74
2171,10,2,213.97
2172,66,3,56.83
2173,31,2,315.13
2173,36,1,105.76
2174,78,1,370.32
2174,68,3,411.78
2175,45,1,439.83
2175,35,3,388.58
2175,97,1,414.93
2176,100,3,419.6
2176,64,3,487.53
2177,39,3,130.11
2178,97,2,414.93
2178,91,1,111.74
2178,40,2,13.13
2178,19,2,490.89
2179,68,1,411.78
2179,18,1,404.13
2180,46,1,475.99
2180,87,2,238.37
2180,8,3,215.49
2180,84,2,296.51
2180,92,2,161.07
2181,43,2,179.75
2181,1,1,197.66
2181,5,3,280.9
2181,100,2,419.6
2182,82,1,109.33
2182,81,3,46.6
2182,50,1,366.34
2182,92,2,161.07
2183,27,2,13.9
2183,28,1,108.33
2183,50,2,366.34
2183,9,2,167.68
2184,11,1,362.94
2184,46,2,475.99
2184,98,3,351.47
2185,20,2,477.5
2185,79,2,165.85
2186,91,3,111.74
2186,9,3,167.68
2186,83,1,392.17
2186,36,3,105.76
2187,84,2,296.51
2187,31,3,315.13
2187,54,2,251.09
2188,57,3,358.71
2189,90,3,482.67
2189,58,2,55.58
2190,61,2,264.68
2190,26,1,281.01
2190,8,2,215.49
2190,98,2,351.47
2191,11,2,362.94
2192,99,2,29.76
2192,12,2,142.92
2192,77,1,353.36
2193,8,3,215.49
2194,20,1,477.5
2194,42,3,124.17
2194,53,2,126.7
2194,87,3,238.37
2194,66,3,56.83
2195,17,3,97.88
2195,58,3,55.58
2195,67,2,75.42
2195,32,2,237.32
2196,49,1,426.01
2196,43,1,179.75
2196,34,2,251.75
2196,1,2,197.66
2197,37,2,451.22
2198,25,2,170.38
2199,85,1,86.15
2199,1,3,197.66
2199,100,3,419.6
2200,54,3,251.09
2200,46,2,475.99
2201,24,3,423.97
2201,73,2,126.02
2201,29,2,286.27
2202,50,2,366.34
2202,23,2,148.33
2202,59,2,461.42
2203,2,2,83.54
2203,30,3,158.92
2203,100,3,419.6
2204,97,2,414.93
2204,74,3,137.89
2204,32,2,237.32
2204,78,2,370.32
2204,58,1,55.58
2205,85,1,86.15
2205,39,3,130.11
2205,81,1,46.6
2205,22,3,237.9
2206,57,2,358.71
2206,5,2,280.9
2206,43,2,179.75
2207,46,1,475.99
2207,65,3,51.6
2207,91,3,111.74
2207,90,3,482.67
2208,9,3,167.68
2209,50,1,366.34
2209,99,2,29.76
2209,89,1,272.6
2209,78,2,370.32
2210,66,2,56.83
2210,70,3,288.23
2211,67,1,75.42
2211,58,2,55.58
2212,30,1,158.92
2212,35,1,388.58
2212,84,3,296.51
2212,100,3,419.6
2212,29,3,286.27
2213,92,2,161.07
2213,31,2,315.13
2213,71,1,223.14
2213,41,2,210.92
2214,20,3,477.5
2215,69,2,46.67
2215,98,3,351.47
2215,1,2,197.66
2216,68,3,411.78
2216,50,3,366.34
2216,90,3,482.67
2216,93,3,139.85
2216,81,3,46.6
2217,70,3,288.23
2218,52,1,269.61
2218,26,2,281.01
2218,33,1,299.93
2218,85,2,86.15
2219,60,2,449.67
2219,14,3,192.68
2219,15,2,256.0
2219,45,1,439.83
2220,69,1,46.67
2220,11,2,362.94
2220,44,1,421.39
2220,53,1,126.7
2221,28,1,108.33
2221,49,3,426.01
2221,61,3,264.68
2221,11,3,362.94
2222,26,3,281.01
2222,9,3,167.68
2222,38,1,382.64
2222,3,1,466.27
2223,89,3,272.6
2223,16,1,451.95
2223,51,2,60.94
2223,55,1,39.35
2223,54,2,251.09
2224,80,3,143.26
2224,93,3,139.85
2224,70,3,288.23
2224,67,3,75.42
2225,62,1,353.41
2225,51,3,60.94
2225,23,1,148.33
2225,95,1,87.23
2226,60,3,449.67
2226,73,1,126.02
2226,81,1,46.6
2227,64,3,487.53
2227,52,2,269.61
2227,84,2,296.51
2228,88,2,209.19
2229,51,2,60.94
2230,82,2,109.33
2231,86,1,90.54
2231,74,2,137.89
2231,46,2,475.99
2231,59,3,461.42
2231,79,2,165.85
2232,25,1,170.38
2232,41,3,210.92
2233,8,1,215.49
2233,4,1,430.17
2233,80,2,143.26
2233,25,1,170.38
2233,38,2,382.64
2234,35,2,388.58
2234,17,1,97.88
2234,37,1,451.22
2235,41,1,210.92
2235,67,1,75.42
2235,24,3,423.97
2236,73,2,126.02
2237,57,1,358.71
2238,1,2,197.66
2238,58,3,55.58
2238,4,2,430.17
2238,56,3,498.51
2238,59,3,461.42
2239,15,1,256.0
2239,27,2,13.9
2240,41,1,210.92
2240,32,1,237.32
2240,71,2,223.14
2241,21,1,43.77
2241,45,1,439.83
2241,42,2,124.17
2242,32,3,237.32
2242,89,3,272.6
2243,94,1,68.76
2243,12,1,142.92
2244,44,3,421.39
2244,39,2,130.11
2245,42,2,124.17
2245,99,3,29.76
2245,77,3,353.36
2245,9,3,167.68
2246,46,2,475.99
2246,74,1,137.89
2246,98,1,351.47
2246,97,1,414.93
2246,58,3,55.58
2247,1,3,197.66
2247,47,3,10.72
2247,55,1,39.35
2247,69,2,46.67
2248,26,1,281.01
2248,24,2,423.97
2248,6,2,457.83
2248,9,2,167.68
2248,35,2,388.58
2249,51,3,60.94
2249,61,3,264.68
2250,88,2,209.19
2250,30,3,158.92
2250,56,2,498.51
2250,65,3,51.6
2250,31,2,315.13
2251,75,1,164.35
2251,65,3,51.6
2251,15,2,256.0
2252,97,2,414.93
2252,17,2,97.88
2253,73,3,126.02
2253,18,1,404.13
2254,91,3,111.74
2254,3,2,466.27
2254,36,1,105.76
2254,18,3,404.13
2255,18,1,404.13
2255,97,2,414.93
2255,10,2,213.97
2255,12,2,142.92
2255,79,1,165.85
2256,7,3,372.93
2256,56,2,498.51
2256,78,3,370.32
2257,8,3,215.49
2257,74,3,137.89
2258,65,1,51.6
2258,62,1,353.41
2259,18,1,404.13
2260,66,3,56.83
2260,20,3,477.5
2261,65,1,51.6
2261,25,1,170.38
2261,76,2,402.4
2261,97,1,414.93
2261,77,3,353.36
2262,80,2,143.26
2262,45,2,439.83
2262,39,1,130.11
2263,72,3,482.47
2263,97,2,414.93
2263,8,3,215.49
2263,93,1,139.85
2264,5,3,280.9
2264,40,1,13.13
2265,42,3,124.17
2266,54,1,251.09
2266,67,3,75.42
2266,3,1,466.27
2267,36,1,105.76
2268,54,2,251.09
2268,1,2,197.66
2269,26,3,281.01
2269,24,1,423.97
2269,14,1,192.68
2270,35,3,388.58
2270,74,3,137.89
2270,43,3,179.75
2271,17,2,97.88
2271,74,3,137.89
2271,11,3,362.94
2271,98,1,351.47
2271,88,3,209.19
2272,80,1,143.26
2272,85,1,86.15
2272,7,2,372.93
2272,78,2,370.32
2273,63,3,192.52
2274,41,1,210.92
2274,90,2,482.67
2274,73,3,126.02
2274,17,2,97.88
2275,82,1,109.33
2275,27,1,13.9
2275,51,2,60.94
2275,4,3,430.17
2275,73,1,126.02
2276,97,1,414.93
2277,85,2,86.15
2277,28,1,108.33
2277,95,3,87.23
2278,38,2,382.64
2278,27,3,13.9
2278,78,1,370.32
2278,39,3,130.11
2279,78,1,370.32
2279,64,1,487.53
2279,27,1,13.9
2280,53,2,126.7
2280,5,1,280.9
2280,15,3,256.0
2280,48,1,332.08
2280,26,2,281.01
2281,23,2,148.33
2281,99,2,29.76
2282,40,3,13.13
2282,87,3,238.37
2283,83,3,392.17
2283,89,2,272.6
2283,70,1,288.23
2283,3,2,466.27
2283,39,2,130.11
2284,71,2,223.14
2284,90,2,482.67
2284,43,1,179.75
2285,73,3,126.02
2285,94,2,68.76
2285,27,1,13.9
2285,21,2,43.77
2286,97,1,414.93
2286,87,3,238.37
2286,38,3,382.64
2286,13,1,48.16
2287,26,3,281.01
2287,73,1,126.02
2287,13,1,48.16
2288,83,2,392.17
2288,100,2,419.6
2288,75,2,164.35
2288,10,2,213.97
2288,89,3,272.6
2289,80,3,143.26
2290,20,2,477.5
2290,10,3,213.97
2290,65,3,51.6
2291,68,3,411.78
2291,92,1,161.07
2291,6,3,457.83
2291,34,2,251.75
2292,76,1,402.4
2292,2,3,83.54
2293,76,3,402.4
2293,19,2,490.89
2293,42,2,124.17
2293,100,3,419.6
2293,70,1,288.23
2294,92,1,161.07
2294,70,1,288.23
2294,6,2,457.83
2294,25,2,170.38
2294,62,1,353.41
2295,20,1,477.5
2296,71,3,223.14
2296,72,3,482.47
2296,53,3,126.7
2297,67,3,75.42
2297,46,1,475.99
2297,27,2,13.9
2298,67,1,75.42
2298,59,1,461.42
2298,71,2,223.14
2299,93,3,139.85
2300,89,2,272.6
2300,84,1,296.51
2300,16,2,451.95
2301,96,1,346.17
2302,13,2,48.16
2302,32,1,237.32
2302,91,1,111.74
2302,50,1,366.34
2302,10,2,213.97
2303,46,3,475.99
2303,39,3,130.11
2303,94,1,68.76
2303,85,3,86.15
2303,14,1,192.68
2304,65,3,51.6
2304,14,3,192.68
2304,2,2,83.54
2305,22,1,237.9
2305,41,3,210.92
2305,42,3,124.17
2306,19,1,490.89
2306,42,2,124.17
2306,47,2,10.72
2306,56,1,498.51
2307,85,3,86.15
2307,92,3,161.07
2308,70,1,288.23
2308,58,3,55.58
2308,8,1,215.49
2308,9,1,167.68
2308,79,2,165.85
2309,76,1,402.4
2309,33,2,299.93
2310,15,1,256.0
2310,13,1,48.16
2310,40,2,13.13
2310,66,3,56.83
2311,77,2,353.36
2312,97,2,414.93
2312,18,1,404.13
2312,87,1,238.37
2313,50,2,366.34
2314,39,1,130.11
2314,67,1,75.42
2314,12,1,142.92
2314,90,1,482.67
2314,82,1,109.33
2315,29,1,286.27
2315,90,1,482.67
2316,59,2,461.42
2316,75,3,164.35
2316,49,2,426.01
2316,44,3,421.39
2317,32,3,237.32
2317,24,3,423.97
2317,29,1,286.27
2317,71,2,223.14
2318,40,2,13.13
2318,13,1,48.16
2318,38,1,382.64
2318,31,3,315.13
2318,37,1,451.22
2319,34,1,251.75
2319,85,2,86.15
2319,78,1,370.32
2319,83,3,392.17
2320,100,3,419.6
2320,83,2,392.17
2320,2,1,83.54
2320,44,3,421.39
2320,94,3,68.76
2321,21,1,43.77
2321,68,2,411.78
2321,83,3,392.17
2322,51,2,60.94
2322,20,2,477.5
2323,23,3,148.33
2323,11,2,362.94
2323,4,1,430.17
2323,90,2,482.67
2324,16,3,451.95
2324,7,1,372.93
2324,48,2,332.08
2325,74,2,137.89
2325,66,2,56.83
2325,96,2,346.17
2325,11,1,362.94
2326,40,1,13.13
2326,76,3,402.4
2326,46,2,475.99
2326,92,2,161.07
2326,48,1,332.08
2327,18,1,404.13
2327,13,1,48.16
2327,62,3,353.41
2328,19,3,490.89
2328,34,2,251.75
2328,100,3,419.6
2329,73,1,126.02
2329,69,3,46.67
2330,3,3,466.27
2330,20,1,477.5
2331,23,1,148.33
2331,50,3,366.34
2331,41,3,210.92
2331,100,1,419.6
2332,19,3,490.89
2332,5,2,280.9
2332,40,2,13.13
2333,97,2,414.93
2333,15,2,256.0
2333,32,1,237.32
2333,14,3,192.68
2333,38,2,382.64
2334,8,1,215.49
2334,28,1,108.33
2335,9,1,167.68
2335,29,1,286.27
2335,3,1,466.27
2336,9,2,167.68
2336,37,2,451.22
2337,24,1,423.97
2337,11,2,362.94
2337,37,3,451.22
2338,65,2,51.6
2338,87,3,238.37
2338,4,3,430.17
2338,48,1,332.08
2339,62,1,353.41
2339,61,3,264.68
2340,55,3,39.35
2340,7,2,372.93
2341,60,3,449.67
2341,52,3,269.61
2341,80,3,143.26
2341,84,3,296.51
2341,61,2,264.68
2342,45,3,439.83
2342,52,3,269.61
2343,83,1,392.17
2343,100,1,419.6
2343,40,2,13.13
2343,10,1,213.97
2344,89,3,272.6
2344,56,2,498.51
2344,38,2,382.64
2344,80,1,143.26
2345,91,3,111.74
2345,52,2,269.61
2345,25,3,170.38
2345,28,1,108.33
2346,57,1,358.71
2347,79,2,165.85
2348,41,2,210.92
2348,7,3,372.93
2348,85,1,86.15
2348,100,1,419.6
2349,13,1,48.16
2350,62,3,353.41
2350,2,2,83.54
2351,17,2,97.88
2351,90,3,482.67
2352,31,3,315.13
2352,84,1,296.51
2353,98,1,351.47
2353,71,2,223.14
2354,28,2,108.33
2354,15,1,256.0
2355,52,2,269.61
2355,95,2,87.23
2355,80,3,143.26
2355,86,2,90.54
2356,75,1,164.35
2356,63,3,192.52
2356,6,3,457.83
2356,15,3,256.0
2357,43,2,179.75
2357,9,3,167.68
2357,15,2,256.0
2357,16,1,451.95
2357,48,1,332.08
2358,8,3,215.49
2358,26,2,281.01
2358,64,3,487.53
2358,16,2,451.95
2358,42,1,124.17
2359,52,1,269.61
2359,39,1,130.11
2360,23,3,148.33
2360,93,3,139.85
2360,39,3,130.11
2360,44,2,421.39
2361,95,1,87.23
2361,75,2,164.35
2361,27,2,13.9
2361,58,3,55.58
2362,64,1,487.53
2362,45,2,439.83
2362,4,3,430.17
2362,67,3,75.42
2362,86,2,90.54
2363,9,2,167.68
2364,34,1,251.75
2364,81,1,46.6
2364,40,3,13.13
2364,36,2,105.76
2364,7,2,372.93
2365,78,1,370.32
2365,33,2,299.93
2365,22,3,237.9
2365,36,1,105.76
2365,40,2,13.13
2366,55,3,39.35
2366,7,2,372.93
2366,37,3,451.22
2366,40,2,13.13
2367,16,3,451.95
2368,10,3,213.97
2368,53,2,126.7
2368,9,3,167.68
2368,68,2,411.78
2368,22,3,237.9
2369,38,2,382.64
2369,58,2,55.58
2370,54,2,251.09
2370,57,3,358.71
2370,67,1,75.42
2370,95,2,87.23
2370,38,1,382.64
2371,83,3,392.17
2371,82,1,109.33
2372,67,2,75.42
2372,14,2,192.68
2372,41,1,210.92
2372,54,1,251.09
2372,64,2,487.53
2373,81,2,46.6
2373,99,2,29.76
2373,82,3,109.33
2374,77,3,353.36
2374,59,2,461.42
2374,82,3,109.33
2374,4,3,430.17
2375,61,2,264.68
2376,40,3,13.13
2377,44,1,421.39
2377,27,1,13.9
2377,4,2,430.17
2378,14,2,192.68
2378,100,1,419.6
2379,61,2,264.68
2379,23,3,148.33
2380,14,1,192.68
2380,82,3,109.33
2381,46,2,475.99
2381,49,1,426.01
2381,58,2,55.58
2381,89,2,272.6
2381,17,2,97.88
2382,42,2,124.17
2382,14,2,192.68
2383,82,2,109.33
2383,69,2,46.67
2383,46,1,475.99
2384,40,2,13.13
2384,20,1,477.5
2384,98,2,351.47
2384,96,2,346.17
2385,65,1,51.6
2385,96,1,346.17
2386,24,1,423.97
2387,36,1,105.76
2388,54,2,251.09
2389,52,2,269.61
2389,6,1,457.83
2389,59,3,461.42
2389,21,1,43.77
2389,49,3,426.01
2390,93,2,139.85
2391,60,2,449.67
2391,54,1,251.09
2391,7,2,372.93
2391,80,1,143.26
2391,53,2,126.7
2392,8,3,215.49
2393,21,3,43.77
2393,16,3,451.95
2394,50,1,366.34
2394,93,1,139.85
2394,80,1,143.26
2395,94,3,68.76
2395,1,2,197.66
2395,55,1,39.35
2396,73,3,126.02
2396,50,3,366.34
2396,81,2,46.6
2396,15,3,256.0
2397,33,1,299.93
2397,35,2,388.58
2397,86,2,90.54
2397,45,3,439.83
2397,17,2,97.88
2398,14,3,192.68
2399,5,3,280.9
2400,5,3,280.9
2400,69,2,46.67
2401,52,1,269.61
2401,96,2,346.17
2401,5,1,280.9
2401,39,1,130.11
2402,13,1,48.16
2402,47,3,10.72
2403,41,2,210.92
2403,16,3,451.95
2403,78,1,370.32
2403,49,3,426.01
2404,4,2,430.17
2404,44,1,421.39
2404,67,1,75.42
2404,56,2,498.51
2405,35,1,388.58
2405,23,1,148.33
2406,6,3,457.83
2406,37,1,451.22
2406,28,2,108.33
2406,11,2,362.94
2407,22,3,237.9
2407,19,2,490.89
2408,80,3,143.26
2408,77,3,353.36
2408,43,1,179.75
2409,63,3,192.52
2409,38,2,382.64
2409,22,1,237.9
2409,70,1,288.23
2410,100,2,419.6
2410,51,3,60.94
2410,89,3,272.6
2410,83,2,392.17
2411,65,3,51.6
2411,98,1,351.47
2412,14,1,192.68
2413,5,2,280.9
2413,84,1,296.51
2414,20,1,477.5
2414,27,1,13.9
2414,68,1,411.78
2414,29,2,286.27
2414,47,2,10.72
2415,6,3,457.83
2415,35,1,388.58
2415,37,2,451.22
2416,81,2,46.6
2416,24,2,423.97
2417,88,2,209.19
2417,79,1,165.85
2417,52,2,269.61
2417,71,1,223.14
2417,33,3,299.93
2418,54,2,251.09
2418,14,3,192.68
2419,42,1,124.17
2419,81,2,46.6
2419,40,3,13.13
2420,26,3,281.01
2420,85,3,86.15
2421,8,3,215.49
2421,17,2,97.88
2421,16,1,451.95
2421,39,3,130.11
2422,79,2,165.85
2422,96,2,346.17
2422,98,3,351.47
2422,5,2,280.9
2423,7,1,372.93
2424,55,2,39.35
2424,85,2,86.15
2424,98,1,351.47
2424,84,3,296.51
2424,47,3,10.72
2425,97,2,414.93
2426,63,1,192.52
2426,60,1,449.67
2427,85,1,86.15
2427,54,1,251.09
2427,59,2,461.42
2427,5,2,280.9
2427,43,1,179.75
2428,58,2,55.58
2428,24,2,423.97
2429,99,1,29.76
2429,42,2,124.17
2429,51,3,60.94
2430,12,3,142.92
2430,11,1,362.94
2430,75,2,164.35
2431,97,1,414.93
2431,51,1,60.94
2431,94,1,68.76
2432,63,1,192.52
2432,78,1,370.32
2432,10,2,213.97
2432,98,3,351.47
2433,15,3,256.0
2433,24,3,423.97
2433,45,1,439.83
2434,23,3,148.33
2434,75,2,164.35
2434,10,1,213.97
2434,52,1,269.61
2435,78,2,370.32
2435,19,1,490.89
2436,33,2,299.93
2436,10,2,213.97
2436,71,1,223.14
2436,57,2,358.71
2436,43,2,179.75
2437,87,1,238.37
2437,63,3,192.52
2437,21,2,43.77
2438,67,2,75.42
2438,31,1,315.13
2438,56,2,498.51
2439,72,1,482.47
2439,28,3,108.33
2439,31,1,315.13
2439,85,3,86.15
2439,37,1,451.22
2440,66,1,56.83
2440,28,2,108.33
2440,51,3,60.94
2440,82,3,109.33
2441,50,3,366.34
2441,54,2,251.09
2442,83,1,392.17
2442,67,2,75.42
2442,4,3,430.17
2442,70,2,288.23
2443,43,1,179.75
2443,31,1,315.13
2443,7,1,372.93
2443,4,2,430.17
2444,2,3,83.54
2444,79,2,165.85
2444,26,3,281.01
2445,36,2,105.76
2446,80,1,143.26
2447,5,2,280.9
2447,31,1,315.13
2447,29,3,286.27
2447,58,1,55.58
2447,12,1,142.92
2448,37,3,451.22
2448,58,1,55.58
2448,23,3,148.33
2448,64,1,487.53
2449,88,3,209.19
2449,53,3,126.7
2450,80,1,143.26
2450,36,2,105.76
2450,74,2,137.89
2450,42,3,124.17
2450,34,1,251.75
2451,32,3,237.32
2451,94,1,68.76
2451,98,1,351.47
2451,51,2,60.94
2451,74,1,137.89
2452,23,2,148.33
2452,66,3,56.83
2452,11,3,362.94
2452,79,1,165.85
2453,10,3,213.97
2453,86,3,90.54
2453,65,1,51.6
2453,4,3,430.17
2454,72,3,482.47
2454,93,1,139.85
2454,8,1,215.49
2454,34,2,251.75
2454,3,3,466.27
2455,57,2,358.71
2455,19,2,490.89
2456,17,2,97.88
2456,24,3,423.97
2456,62,2,353.41
2457,50,1,366.34
2457,63,1,192.52
2458,23,2,148.33
2458,24,2,423.97
2458,19,1,490.89
2458,14,1,192.68
2459,7,2,372.93
2459,100,3,419.6
2459,13,3,48.16
2460,100,3,419.6
2460,24,2,423.97
2461,47,3,10.72
2461,13,3,48.16
2461,11,2,362.94
2462,90,2,482.67
2462,100,1,419.6
2462,9,3,167.68
2463,23,2,148.33
2463,100,1,419.6
2463,38,1,382.64
2463,76,1,402.4
2464,55,2,39.35
2464,93,2,139.85
2464,1,1,197.66
2464,95,3,87.23
2464,44,3,421.39
2465,51,1,60.94
2465,96,3,346.17
2465,40,1,13.13
2465,62,3,353.41
2466,28,1,108.33
2467,59,1,461.42
2468,95,1,87.23
2468,74,3,137.89
2469,69,2,46.67
2470,43,2,179.75
2470,47,1,10.72
2470,7,2,372.93
2470,100,3,419.6
2471,44,2,421.39
2471,9,3,167.68
2471,49,2,426.01
2471,59,2,461.42
2471,95,3,87.23
2472,97,2,414.93
2472,75,3,164.35
2472,10,2,213.97
2472,77,2,353.36
2472,49,1,426.01
2473,18,2,404.13
2473,26,2,281.01
2474,74,3,137.89
2474,91,1,111.74
2474,45,2,439.83
2475,58,1,55.58
2475,86,3,90.54
2476,26,1,281.01
2476,88,2,209.19
2476,33,3,299.93
2477,54,1,251.09
2478,26,2,281.01
2478,16,2,451.95
2478,64,3,487.53
2478,60,2,449.67
2479,24,1,423.97
2479,19,1,490.89
2480,17,3,97.88
2480,83,3,392.17
2480,14,2,192.68
2481,66,3,56.83
2481,12,3,142.92
2482,4,1,430.17
2482,30,2,158.92
2482,33,2,299.93
2482,57,1,358.71
2482,27,1,13.9
2483,76,3,402.4
2483,47,1,10.72
2484,42,1,124.17
2484,2,1,83.54
2484,65,2,51.6
2484,95,1,87.23
2484,27,1,13.9
2485,41,2,210.92
2485,27,1,13.9
2485,95,1,87.23
2486,84,1,296.51
2486,55,3,39.35
2486,94,3,68.76
2487,29,2,286.27
2487,9,1,167.68
2487,90,3,482.67
2488,49,1,426.01
2489,98,2,351.47
2489,45,2,439.83
2490,90,2,482.67
2491,28,3,108.33
2491,32,3,237.32
2491,82,1,109.33
2492,39,2,130.11
2492,14,3,192.68
2492,63,3,192.52
2493,89,1,272.6
2493,87,1,238.37
2494,70,3,288.23
2494,18,3,404.13
2494,73,2,126.02
2494,83,2,392.17
2495,89,2,272.6
2495,6,2,457.83
2495,23,1,148.33
2495,66,3,56.83
2495,39,3,130.11
2496,74,3,137.89
2496,88,3,209.19
2496,13,3,48.16
2496,97,3,414.93
2497,55,3,39.35
2498,48,3,332.08
2498,38,3,382.64
2499,14,2,192.68
2499,39,1,130.11
2500,44,3,421.39
2500,13,2,48.16
2500,26,1,281.01
2500,28,1,108.33
2501,60,1,449.67
2501,89,2,272.6
2501,38,1,382.64
2501,50,2,366.34
2502,41,2,210.92
2503,29,3,286.27
2503,58,1,55.58
2504,97,2,414.93
2504,86,2,90.54
2504,89,1,272.6
2504,31,1,315.13
2505,90,2,482.67
2505,34,3,251.75
2505,62,2,353.41
2505,1,1,197.66
2506,23,1,148.33
2507,68,1,411.78
2507,99,3,29.76
2507,77,3,353.36
2507,39,2,130.11
2508,99,2,29.76
2508,58,1,55.58
2508,18,1,404.13
2508,77,2,353.36
2508,55,1,39.35
2509,56,3,498.51
2509,22,1,237.9
2509,79,3,165.85
2509,26,2,281.01
2509,9,2,167.68
2510,81,3,46.6
2510,58,2,55.58
2510,41,3,210.92
2510,96,2,346.17
2510,89,2,272.6
2511,2,3,83.54
2511,100,1,419.6
2511,15,3,256.0
2512,45,2,439.83
2512,32,2,237.32
2512,16,2,451.95
2513,34,2,251.75
2514,56,1,498.51
2515,91,3,111.74
2515,30,2,158.92
2515,70,1,288.23
2516,78,1,370.32
2516,60,2,449.67
2517,44,2,421.39
2517,37,3,451.22
2517,45,3,439.83
2517,57,1,358.71
2518,38,3,382.64
2518,12,1,142.92
2518,34,3,251.75
2518,17,2,97.88
2518,46,2,475.99
2519,53,3,126.7
2519,87,1,238.37
2520,66,3,56.83
2520,43,2,179.75
2521,65,3,51.6
2521,97,1,414.93
2522,15,1,256.0
2522,27,3,13.9
2523,55,1,39.35
2523,63,2,192.52
2523,66,3,56.83
2523,28,3,108.33
2523,40,3,13.13
2524,80,3,143.26
2524,75,2,164.35
2524,14,2,192.68
2525,32,3,237.32
2525,66,3,56.83
2525,47,3,10.72
2525,51,1,60.94
2526,43,3,179.75
2526,92,3,161.07
2527,30,2,158.92
2527,63,1,192.52
2527,89,2,272.6
2528,23,1,148.33
2528,65,2,51.6
2528,64,1,487.53
2528,13,2,48.16
2529,28,3,108.33
2529,82,2,109.33
2529,44,2,421.39
2530,78,2,370.32
2530,35,1,388.58
2531,86,2,90.54
2531,73,3,126.02
2531,67,3,75.42
2531,79,1,165.85
2532,34,3,251.75
2532,69,3,46.67
2532,53,3,126.7
2532,31,2,315.13
2532,8,3,215.49
2533,67,2,75.42
2533,43,3,179.75
2534,16,1,451.95
2534,58,3,55.58
2534,75,3,164.35
2535,29,3,286.27
2535,11,3,362.94
2535,40,1,13.13
2536,21,2,43.77
2536,10,2,213.97
2536,46,3,475.99
2537,75,2,164.35
2538,50,2,366.34
2538,19,2,490.89
2538,40,2,13.13
2538,71,1,223.14
2539,3,1,466.27
2539,100,3,419.6
2539,48,3,332.08
2540,82,1,109.33
2540,89,2,272.6
2540,60,2,449.67
2540,3,2,466.27
2541,49,3,426.01
2541,30,2,158.92
2541,7,3,372.93
2541,58,3,55.58
2542,42,1,124.17
2542,10,3,213.97
2542,86,1,90.54
2542,83,2,392.17
2543,99,2,29.76
2543,13,1,48.16
2543,80,2,143.26
2544,30,2,158.92
2544,36,1,105.76
2545,93,1,139.85
2545,6,3,457.83
2545,35,3,388.58
2546,64,1,487.53
2547,20,1,477.5
2547,73,2,126.02
2547,18,1,404.13
2547,7,3,372.93
2547,76,1,402.4
2548,4,2,430.17
2548,1,1,197.66
2548,23,1,148.33
2548,75,3,164.35
2548,89,1,272.6
2549,57,2,358.71
2549,33,1,299.93
2549,87,3,238.37
2550,8,1,215.49
2550,91,1,111.74
2550,45,2,439.83
2550,48,3,332.08
2550,42,1,124.17
2551,4,2,430.17
2551,33,3,299.93
2551,79,2,165.85
2551,64,2,487.53
2551,45,2,439.83
2552,37,1,451.22
2552,18,1,404.13
2552,49,3,426.01
2552,30,3,158.92
2552,26,3,281.01
2553,94,1,68.76
2553,54,3,251.09
2553,44,1,421.39
2554,92,3,161.07
2554,38,1,382.64
2555,72,1,482.47
2556,12,1,142.92
2556,27,2,13.9
2556,6,1,457.83
2557,85,2,86.15
2557,99,3,29.76
2557,33,1,299.93
2557,95,1,87.23
2558,82,1,109.33
2558,96,2,346.17
2558,73,1,126.02
2559,88,1,209.19
2559,62,1,353.41
2559,95,2,87.23
2559,81,3,46.6
2560,97,3,414.93
2560,91,1,111.74
2561,15,1,256.0
2561,71,3,223.14
2561,93,3,139.85
2561,20,1,477.5
2562,50,3,366.34
2563,56,3,498.51
2564,73,1,126.02
2564,22,1,237.9
2565,49,1,426.01
2565,60,3,449.67
2565,82,1,109.33
2565,86,3,90.54
2565,67,1,75.42
2566,8,1,215.49
2566,20,2,477.5
2566,31,3,315.13
2566,70,3,288.23
2566,72,2,482.47
2567,99,3,29.76
2568,86,2,90.54
2568,46,3,475.99
2569,31,2,315.13
2569,46,2,475.99
2569,55,3,39.35
2570,9,3,167.68
2571,45,2,439.83
2571,38,3,382.64
2572,67,1,75.42
2572,51,3,60.94
2573,90,3,482.67
2573,51,1,60.94
2573,21,1,43.77
2573,40,3,13.13
2573,3,3,466.27
2574,80,1,143.26
2574,19,1,490.89
2574,8,2,215.49
2575,80,2,143.26
2575,10,1,213.97
2575,34,3,251.75
2576,77,3,353.36
2577,84,1,296.51
2578,87,3,238.37
2578,47,2,10.72
2578,99,3,29.76
2578,62,1,353.41
2578,18,3,404.13
2579,31,1,315.13
2579,74,1,137.89
2579,82,2,109.33
2580,29,2,286.27
2580,28,2,108.33
2580,67,2,75.42
2580,24,1,423.97
2581,70,1,288.23
2581,86,3,90.54
2581,7,2,372.93
2582,50,3,366.34
2582,51,1,60.94
2582,67,1,75.42
2582,79,3,165.85
2582,74,2,137.89
2583,45,1,439.83
2583,93,1,139.85
2583,43,1,179.75
2583,95,3,87.23
2583,24,1,423.97
2584,87,2,238.37
2584,40,3,13.13
2584,39,2,130.11
2585,77,2,353.36
2585,19,1,490.89
2585,1,2,197.66
2585,58,1,55.58
2586,60,1,449.67
2586,2,1,83.54
2586,25,3,170.38
2586,87,3,238.37
2586,18,2,404.13
2587,43,2,179.75
2587,79,2,165.85
2587,7,3,372.93
2587,18,3,404.13
2588,68,1,411.78
2588,31,1,315.13
2588,74,1,137.89
2588,10,3,213.97
2588,4,2,430.17
2589,93,1,139.85
2590,82,1,109.33
2590,63,3,192.52
2591,8,1,215.49
2592,59,2,461.42
2592,23,2,148.33
2592,77,1,353.36
2592,44,1,421.39
2592,58,2,55.58
2593,60,3,449.67
2593,8,1,215.49
2594,98,3,351.47
2594,78,3,370.32
2594,55,1,39.35
2594,99,1,29.76
2595,24,1,423.97
2596,14,2,192.68
2596,60,2,449.67
2596,50,3,366.34
2597,79,2,165.85
2597,23,2,148.33
2597,16,1,451.95
2597,22,1,237.9
2597,63,1,192.52
2598,39,3,130.11
2598,47,3,10.72
2599,72,3,482.47
2599,23,2,148.33
2599,82,2,109.33
2600,51,3,60.94
2600,21,1,43.77
2600,9,3,167.68
2601,77,3,353.36
2601,5,3,280.9
2601,75,2,164.35
2602,10,2,213.97
2602,97,2,414.93
2602,39,1,130.11
2603,55,3,39.35
2603,26,3,281.01
2603,97,1,414.93
2603,58,2,55.58
2604,38,3,382.64
2604,99,2,29.76
2604,66,2,56.83
2604,46,2,475.99
2605,54,2,251.09
2605,75,3,164.35
2605,46,2,475.99
2605,85,2,86.15
2606,42,1,124.17
2607,53,3,126.7
2607,47,3,10.72
2607,7,3,372.93
2607,51,2,60.94
2607,60,2,449.67
2608,9,3,167.68
2608,13,3,48.16
2608,48,1,332.08
2609,79,2,165.85
2609,18,3,404.13
2609,43,2,179.75
2610,40,1,13.13
2611,34,3,251.75
2611,49,2,426.01
2611,79,1,165.85
2611,64,3,487.53
2612,7,2,372.93
2612,100,1,419.6
2612,39,3,130.11
2612,89,3,272.6
2612,51,2,60.94
2613,65,1,51.6
2613,91,3,111.74
2614,5,1,280.9
2614,92,2,161.07
2614,38,1,382.64
2615,43,1,179.75
2615,1,1,197.66
2615,81,3,46.6
2615,82,3,109.33
2616,24,1,423.97
2616,43,1,179.75
2617,99,1,29.76
2617,100,3,419.6
2618,23,3,148.33
2619,34,1,251.75
2619,90,2,482.67
2619,49,2,426.01
2620,42,1,124.17
2620,93,2,139.85
2621,60,1,449.67
2621,34,2,251.75
2621,76,3,402.4
2621,61,1,264.68
2621,81,1,46.6
2622,43,3,179.75
2622,36,1,105.76
2622,48,3,332.08
2622,97,3,414.93
2622,72,2,482.47
2623,81,2,46.6
2623,30,3,158.92
2624,74,3,137.89
2624,78,3,370.32
2624,81,3,46.6
2625,56,3,498.51
2626,29,3,286.27
2626,45,3,439.83
2626,98,3,351.47
2627,19,3,490.89
2627,18,2,404.13
2627,71,3,223.14
2628,11,3,362.94
2628,17,3,97.88
2628,1,1,197.66
2629,71,1,223.14
2630,86,2,90.54
2630,39,1,130.11
2630,97,1,414.93
2630,74,1,137.89
2631,37,3,451.22
2632,31,3,315.13
2632,27,3,13.9
2632,55,3,39.35
2632,4,3,430.17
2633,7,2,372.93
2634,37,3,451.22
2635,78,3,370.32
2635,97,1,414.93
2635,50,3,366.34
2636,84,3,296.51
2636,35,2,388.58
2636,8,3,215.49
2636,4,2,430.17
2637,100,2,419.6
2637,67,3,75.42
2637,27,2,13.9
2638,77,1,353.36
2638,95,1,87.23
2638,35,1,388.58
2639,21,3,43.77
2639,3,2,466.27
2639,87,1,238.37
2640,24,2,423.97
2640,70,3,288.23
2640,81,1,46.6
2640,53,2,126.7
2640,42,3,124.17
2641,23,3,148.33
2641,42,2,124.17
2641,43,2,179.75
2641,5,1,280.9
2642,16,3,451.95
2642,78,1,370.32
2642,7,2,372.93
2643,58,1,55.58
2643,98,2,351.47
2643,60,3,449.67
2644,85,1,86.15
2644,4,3,430.17
2644,88,2,209.19
2644,52,3,269.61
2645,15,2,256.0
2645,28,1,108.33
2645,98,1,351.47
2646,34,2,251.75
2646,72,2,482.47
2646,27,3,13.9
2646,49,2,426.01
2646,77,3,353.36
2647,63,3,192.52
2647,60,1,449.67
2648,75,2,164.35
2648,80,3,143.26
2648,17,3,97.88
2648,18,1,404.13
2649,50,3,366.34
2649,73,2,126.02
2649,87,3,238.37
2650,56,1,498.51
2651,83,1,392.17
2651,23,1,148.33
2651,64,1,487.53
2651,55,3,39.35
2651,16,1,451.95
2652,10,1,213.97
2652,85,3,86.15
2652,18,2,404.13
2653,76,2,402.4
2653,91,3,111.74
2653,100,1,419.6
2654,100,3,419.6
2654,61,2,264.68
2654,27,3,13.9
2655,25,3,170.38
2655,72,3,482.47
2655,45,2,439.83
2656,27,2,13.9
2656,62,3,353.41
2657,89,1,272.6
2657,93,3,139.85
2657,35,3,388.58
2657,76,3,402.4
2657,11,2,362.94
2658,64,1,487.53
2658,1,3,197.66
2658,15,3,256.0
2658,72,3,482.47
2658,67,3,75.42
2659,16,3,451.95
2660,30,3,158.92
2660,61,2,264.68
2661,27,1,13.9
2661,26,2,281.01
2662,22,1,237.9
2662,36,3,105.76
2663,2,1,83.54
2663,86,1,90.54
2663,60,2,449.67
2663,98,3,351.47
2664,99,1,29.76
2664,78,3,370.32
2664,54,3,251.09
2664,31,2,315.13
2665,83,1,392.17
2665,6,3,457.83
2665,66,1,56.83
2665,93,1,139.85
2665,9,3,167.68
2666,65,1,51.6
2667,7,2,372.93
2667,40,3,13.13
2668,85,2,86.15
2668,92,1,161.07
2668,31,3,315.13
2669,66,2,56.83
2669,100,2,419.6
2669,72,3,482.47
2669,13,2,48.16
2670,15,1,256.0
2670,98,3,351.47
2670,5,2,280.9
2670,38,3,382.64
2671,3,3,466.27
2671,2,2,83.54
2671,91,1,111.74
2671,81,1,46.6
2671,24,2,423.97
2672,64,1,487.53
2673,70,3,288.23
2674,81,1,46.6
2674,13,2,48.16
2675,87,1,238.37
2675,36,1,105.76
2675,27,1,13.9
2675,33,2,299.93
2676,74,3,137.89
2676,22,1,237.9
2676,43,2,179.75
2676,91,1,111.74
2677,32,3,237.32
2677,45,1,439.83
2678,53,1,126.7
2678,65,1,51.6
2679,11,3,362.94
2680,20,2,477.5
2680,79,3,165.85
2680,89,2,272.6
2681,48,1,332.08
2681,37,2,451.22
2681,52,2,269.61
2681,23,1,148.33
2681,11,3,362.94
2682,54,1,251.09
2683,66,1,56.83
2684,17,2,97.88
2685,59,3,461.42
2686,56,3,498.51
2686,37,2,451.22
2686,93,3,139.85
2686,82,1,109.33
2687,20,3,477.5
2687,74,1,137.89
2687,17,3,97.88
2687,15,2,256.0
2688,82,1,109.33
2689,31,2,315.13
2690,78,3,370.32
2690,49,3,426.01
2690,70,2,288.23
2691,76,1,402.4
2692,11,3,362.94
2692,68,2,411.78
2692,37,2,451.22
2692,66,2,56.83
2692,75,3,164.35
2693,36,2,105.76
2693,95,2,87.23
2693,77,2,353.36
2693,57,1,358.71
2693,19,3,490.89
2694,37,2,451.22
2695,40,1,13.13
2695,17,2,97.88
2695,87,2,238.37
2696,30,1,158.92
2696,73,2,126.02
2696,33,2,299.93
2696,76,2,402.4
2697,37,2,451.22
2698,40,2,13.13
2698,54,2,251.09
2698,89,2,272.6
2699,9,2,167.68
2699,38,1,382.64
2699,95,3,87.23
2699,41,3,210.92
2699,21,3,43.77
2700,86,1,90.54
2700,51,3,60.94
2700,39,3,130.11
2700,49,1,426.01
2700,41,1,210.92
2701,31,3,315.13
2701,11,2,362.94
2701,61,1,264.68
2702,31,3,315.13
2703,29,2,286.27
2704,80,1,143.26
2704,64,3,487.53
2704,44,1,421.39
2704,34,2,251.75
2704,68,2,411.78
2705,17,3,97.88
2705,96,1,346.17
2705,100,2,419.6
2705,57,2,358.71
2706,21,1,43.77
2706,33,1,299.93
2707,98,1,351.47
2707,1,3,197.66
2707,92,3,161.07
2708,36,1,105.76
2708,97,1,414.93
2709,61,1,264.68
2709,18,2,404.13
2709,24,1,423.97
2710,57,2,358.71
2711,77,2,353.36
2712,28,3,108.33
2712,62,1,353.41
2712,7,2,372.93
2713,21,3,43.77
2713,31,3,315.13
2714,85,1,86.15
2714,81,1,46.6
2714,72,2,482.47
2714,63,1,192.52
2714,59,1,461.42
2715,68,2,411.78
2716,25,3,170.38
2716,82,3,109.33
2716,59,1,461.42
2716,47,2,10.72
2716,46,1,475.99
2717,12,3,142.92
2717,68,2,411.78
2718,13,3,48.16
2718,94,3,68.76
2718,8,2,215.49
2719,73,3,126.02
2719,91,3,111.74
2719,89,1,272.6
2719,75,3,164.35
2719,67,1,75.42
2720,78,3,370.32
2721,24,2,423.97
2721,72,3,482.47
2721,16,3,451.95
2722,37,3,451.22
2722,18,1,404.13
2723,33,3,299.93
2723,25,3,170.38
2723,26,3,281.01
2723,85,2,86.15
2724,25,1,170.38
2724,40,2,13.13
2724,26,3,281.01
2725,92,2,161.07
2725,13,1,48.16
2725,99,3,29.76
2725,77,1,353.36
2726,7,1,372.93
2726,73,1,126.02
2726,87,2,238.37
2727,36,1,105.76
2727,100,3,419.6
2728,4,3,430.17
2729,88,3,209.19
2730,29,1,286.27
2730,15,1,256.0
2730,49,2,426.01
2730,25,3,170.38
2731,1,3,197.66
2731,85,3,86.15
2732,98,2,351.47
2732,22,3,237.9
2732,40,1,13.13
2732,33,3,299.93
2733,63,1,192.52
2734,11,2,362.94
2734,22,2,237.9
2735,70,1,288.23
2735,76,1,402.4
2735,56,2,498.51
2735,77,1,353.36
2735,10,3,213.97
2736,85,2,86.15
2736,23,2,148.33
2736,61,3,264.68
2736,98,3,351.47
2736,21,2,43.77
2737,5,2,280.9
2737,57,3,358.71
2738,81,1,46.6
2738,10,1,213.97
2738,46,1,475.99
2738,19,3,490.89
2738,70,2,288.23
2739,65,2,51.6
2739,74,2,137.89
2739,46,2,475.99
2739,14,1,192.68
2740,69,1,46.67
2741,48,2,332.08
2742,3,2,466.27
2742,97,2,414.93
2742,19,2,490.89
2743,15,3,256.0
2744,29,2,286.27
2744,13,1,48.16
2745,61,1,264.68
2745,48,1,332.08
2745,12,1,142.92
2746,50,3,366.34
2746,53,2,126.7
2747,40,2,13.13
2747,31,3,315.13
2747,75,1,164.35
2747,100,3,419.6
2748,58,3,55.58
2748,82,3,109.33
2748,12,3,142.92
2749,47,2,10.72
2749,65,1,51.6
2749,10,1,213.97
2750,14,3,192.68
2750,23,1,148.33
2751,21,2,43.77
2751,25,1,170.38
2751,53,1,126.7
2751,61,1,264.68
2751,18,3,404.13
2752,5,1,280.9
2752,96,1,346.17
2752,27,1,13.9
2752,97,2,414.93
2752,93,1,139.85
2753,57,2,358.71
2753,4,1,430.17
2754,59,3,461.42
2754,87,1,238.37
2754,38,3,382.64
2754,72,2,482.47
2755,20,1,477.5
2755,74,2,137.89
2756,51,3,60.94
2756,44,3,421.39
2756,97,2,414.93
2757,49,3,426.01
2757,29,1,286.27
2757,10,2,213.97
2757,56,2,498.51
2758,77,2,353.36
2758,7,2,372.93
2758,27,1,13.9
2759,96,1,346.17
2759,37,2,451.22
2759,21,1,43.77
2760,56,2,498.51
2760,55,3,39.35
2760,58,1,55.58
2761,53,2,126.7
2761,90,2,482.67
2762,64,2,487.53
2763,76,2,402.4
2763,2,1,83.54
2763,36,1,105.76
2763,46,2,475.99
2764,89,2,272.6
2764,6,3,457.83
2765,34,3,251.75
2765,19,2,490.89
2765,47,3,10.72
2765,37,1,451.22
2766,35,3,388.58
2766,30,3,158.92
2766,62,2,353.41
2766,11,1,362.94
2767,38,3,382.64
2767,97,3,414.93
2768,29,1,286.27
2768,9,1,167.68
2768,14,2,192.68
2768,55,2,39.35
2769,31,2,315.13
2769,73,1,126.02
2769,78,1,370.32
2770,99,3,29.76
2771,36,1,105.76
2771,24,1,423.97
2771,33,2,299.93
2772,87,3,238.37
2773,28,3,108.33
2773,82,1,109.33
2773,60,3,449.67
2774,54,1,251.09
2774,71,2,223.14
2774,4,3,430.17
2774,68,3,411.78
2774,66,3,56.83
2775,46,1,475.99
2775,65,2,51.6
2775,83,2,392.17
2776,34,2,251.75
2776,82,2,109.33
2776,72,3,482.47
2777,74,3,137.89
2777,73,2,126.02
2777,99,2,29.76
2777,98,1,351.47
2778,94,3,68.76
2778,38,3,382.64
2778,21,3,43.77
2779,94,2,68.76
2780,50,1,366.34
2780,68,2,411.78
2781,52,3,269.61
2781,66,2,56.83
2781,33,3,299.93
2782,42,3,124.17
2782,8,2,215.49
2782,89,2,272.6
2782,58,1,55.58
2782,67,2,75.42
2783,8,3,215.49
2783,98,1,351.47
2784,68,2,411.78
2784,1,2,197.66
2784,70,3,288.23
2785,34,3,251.75
2785,48,1,332.08
2785,14,2,192.68
2785,78,2,370.32
2785,29,2,286.27
2786,83,3,392.17
2787,79,1,165.85
2787,76,1,402.4
2787,20,2,477.5
2787,60,1,449.67
2787,44,1,421.39
2788,93,1,139.85
2789,48,2,332.08
2789,79,1,165.85
2789,83,3,392.17
2789,50,2,366.34
2789,25,2,170.38
2790,8,1,215.49
2790,47,3,10.72
2790,27,3,13.9
2790,24,1,423.97
2791,10,1,213.97
2791,29,1,286.27
2791,88,2,209.19
2791,81,2,46.6
2792,36,1,105.76
2792,14,3,192.68
2792,80,3,143.26
2792,62,3,353.41
2793,10,1,213.97
2793,85,2,86.15
2793,8,2,215.49
2794,68,3,411.78
2794,2,3,83.54
2794,50,1,366.34
2795,91,3,111.74
2795,94,3,68.76
2796,35,1,388.58
2796,6,1,457.83
2796,10,1,213.97
2796,12,1,142.92
2796,59,3,461.42
2797,4,3,430.17
2797,80,2,143.26
2797,59,2,461.42
2797,13,2,48.16
2798,8,1,215.49
2798,71,2,223.14
2798,60,1,449.67
2798,61,3,264.68
2798,90,1,482.67
2799,74,3,137.89
2799,19,1,490.89
2799,58,2,55.58
2799,45,2,439.83
2800,7,2,372.93
2800,11,3,362.94
2800,6,3,457.83
2800,3,3,466.27
2801,61,3,264.68
2801,38,3,382.64
2801,7,2,372.93
2801,1,1,197.66
2802,66,1,56.83
2803,48,3,332.08
2803,81,3,46.6
2804,49,1,426.01
2804,96,2,346.17
2804,10,1,213.97
2804,70,1,288.23
2805,44,2,421.39
2805,32,1,237.32
2805,59,1,461.42
2805,6,1,457.83
2805,1,1,197.66
2806,97,1,414.93
2806,18,3,404.13
2807,22,3,237.9
2808,72,2,482.47
2808,28,1,108.33
2808,79,3,165.85
2808,6,1,457.83
2809,10,3,213.97
2810,94,2,68.76
2811,26,1,281.01
2811,35,2,388.58
2811,93,2,139.85
2811,76,2,402.4
2811,15,3,256.0
2812,62,3,353.41
2812,9,2,167.68
2812,6,1,457.83
2812,15,1,256.0
2812,37,2,451.22
2813,23,1,148.33
2813,72,3,482.47
2814,47,3,10.72
2814,15,2,256.0
2815,99,2,29.76
2815,18,3,404.13
2815,76,3,402.4
2816,16,1,451.95
2816,56,1,498.51
2816,58,2,55.58
2816,19,1,490.89
2817,42,2,124.17
2817,33,3,299.93
2818,41,3,210.92
2818,42,2,124.17
2818,5,3,280.9
2818,21,1,43.77
2819,67,3,75.42
2820,42,3,124.17
2820,34,3,251.75
2821,43,3,179.75
2822,45,1,439.83
2822,80,2,143.26
2822,43,1,179.75
2822,1,2,197.66
2823,54,1,251.09
2823,28,2,108.33
2824,30,3,158.92
2824,15,2,256.0
2825,37,2,451.22
2825,65,1,51.6
2825,57,3,358.71
2826,20,1,477.5
2826,1,1,197.66
2827,12,3,142.92
2827,89,1,272.6
2827,27,1,13.9
2827,79,1,165.85
2828,100,3,419.6
2829,58,2,55.58
2829,55,2,39.35
2829,94,3,68.76
2829,60,1,449.67
2830,66,2,56.83
2830,96,3,346.17
2831,64,1,487.53
2832,8,1,215.49
2832,6,1,457.83
2832,39,3,130.11
2832,79,3,165.85
2832,56,2,498.51
2833,51,1,60.94
2833,58,3,55.58
2833,97,2,414.93
2833,56,1,498.51
2834,91,2,111.74
2834,78,3,370.32
2835,79,3,165.85
2835,77,1,353.36
2835,9,2,167.68
2836,16,2,451.95
2836,54,2,251.09
2836,39,2,130.11
2836,77,3,353.36
2837,34,2,251.75
2837,94,2,68.76
2837,39,3,130.11
2837,53,1,126.7
2837,45,1,439.83
2838,15,1,256.0
2838,45,2,439.83
2838,26,3,281.01
2838,33,3,299.93
2839,28,1,108.33
2839,82,1,109.33
2839,23,1,148.33
2839,67,2,75.42
2839,60,2,449.67
2840,42,3,124.17
2840,33,3,299.93
2840,97,2,414.93
2840,94,1,68.76
2841,40,2,13.13
2841,99,3,29.76
2841,77,2,353.36
2841,38,2,382.64
2842,83,3,392.17
2842,8,1,215.49
2842,25,3,170.38
2843,20,3,477.5
2844,39,1,130.11
2845,54,2,251.09
2845,42,2,124.17
2845,97,1,414.93
2845,73,3,126.02
2846,23,2,148.33
2846,28,3,108.33
2846,18,1,404.13
2846,32,1,237.32
2846,40,2,13.13
2847,54,3,251.09
2847,66,3,56.83
2847,21,3,43.77
2847,17,2,97.88
2848,99,2,29.76
2848,62,2,353.41
2848,86,3,90.54
2849,86,1,90.54
2849,1,3,197.66
2850,71,3,223.14
2850,1,2,197.66
2850,15,3,256.0
2850,26,2,281.01
2850,30,1,158.92
2851,10,1,213.97
2851,47,1,10.72
2851,87,2,238.37
2851,59,1,461.42
2851,62,1,353.41
2852,46,3,475.99
2853,14,1,192.68
2853,82,2,109.33
2853,49,1,426.01
2853,20,3,477.5
2853,28,2,108.33
2854,71,1,223.14
2854,10,2,213.97
2855,60,3,449.67
2855,93,1,139.85
2855,52,2,269.61
2855,44,1,421.39
2855,5,3,280.9
2856,82,2,109.33
2856,47,3,10.72
2856,3,3,466.27
2856,48,1,332.08
2857,48,1,332.08
2858,84,3,296.51
2859,12,2,142.92
2859,8,2,215.49
2859,4,1,430.17
2859,83,1,392.17
2859,75,1,164.35
2860,59,1,461.42
2860,63,1,192.52
2861,87,2,238.37
2862,51,1,60.94
2862,73,2,126.02
2862,38,3,382.64
2863,81,3,46.6
2863,25,3,170.38
2863,71,1,223.14
2863,2,2,83.54
2864,22,2,237.9
2864,51,2,60.94
2865,89,1,272.6
2865,83,1,392.17
2866,32,1,237.32
2866,11,2,362.94
2866,96,2,346.17
2867,77,2,353.36
2867,65,1,51.6
2868,14,2,192.68
2868,35,3,388.58
2868,24,2,423.97
2869,76,1,402.4
2869,29,2,286.27
2870,94,2,68.76
2870,49,1,426.01
2870,15,3,256.0
2871,94,3,68.76
2871,65,1,51.6
2872,64,1,487.53
2872,39,3,130.11
2872,91,3,111.74
2872,93,3,139.85
2873,41,2,210.92
2873,40,3,13.13
2873,7,2,372.93
2873,46,2,475.99
2873,69,1,46.67
2874,75,3,164.35
2874,38,3,382.64
2874,63,2,192.52
2874,44,1,421.39
2874,18,3,404.13
2875,43,3,179.75
2875,78,3,370.32
2875,59,3,461.42
2876,23,3,148.33
2876,24,2,423.97
2876,37,1,451.22
2876,44,3,421.39
2876,45,3,439.83
2877,20,1,477.5
2877,16,1,451.95
2877,3,2,466.27
2878,79,2,165.85
2878,52,2,269.61
2878,16,3,451.95
2878,15,2,256.0
2878,98,2,351.47
2879,27,3,13.9
2879,73,1,126.02
2879,95,3,87.23
2880,57,3,358.71
2880,91,2,111.74
2880,80,2,143.26
2881,96,3,346.17
2881,56,1,498.51
2882,31,2,315.13
2882,73,1,126.02
2883,5,3,280.9
2884,84,3,296.51
2884,45,2,439.83
2885,77,3,353.36
2885,43,1,179.75
2886,52,2,269.61
2886,89,2,272.6
2886,27,3,13.9
2887,14,2,192.68
2887,23,1,148.33
2888,47,2,10.72
2888,68,1,411.78
2888,93,1,139.85
2889,13,1,48.16
2889,95,1,87.23
2890,45,3,439.83
2890,16,1,451.95
2890,63,2,192.52
2890,31,3,315.13
2891,53,2,126.7
2891,19,3,490.89
2892,16,1,451.95
2892,44,2,421.39
2893,75,2,164.35
2893,40,3,13.13
2893,29,2,286.27
2893,71,1,223.14
2894,9,3,167.68
2894,30,1,158.92
2894,42,2,124.17
2894,88,3,209.19
2895,88,2,209.19
2895,75,3,164.35
2895,11,1,362.94
2895,8,2,215.49
2895,45,2,439.83
2896,93,1,139.85
2896,62,3,353.41
2897,36,1,105.76
2897,26,1,281.01
2897,87,2,238.37
2897,100,1,419.6
2898,1,3,197.66
2898,83,3,392.17
2899,71,3,223.14
2899,54,3,251.09
2900,72,3,482.47
2900,38,2,382.64
2900,20,2,477.5
2900,86,2,90.54
2901,41,1,210.92
2902,85,3,86.15
2902,57,3,358.71
2902,18,2,404.13
2902,7,3,372.93
2903,5,3,280.9
2903,50,3,366.34
2903,49,1,426.01
2904,94,2,68.76
2904,70,3,288.23
2905,67,2,75.42
2905,43,1,179.75
2905,73,2,126.02
2905,36,2,105.76
2906,31,1,315.13
2906,27,2,13.9
2906,13,2,48.16
2906,99,3,29.76
2906,11,3,362.94
2907,41,3,210.92
2907,40,1,13.13
2907,4,1,430.17
2907,22,3,237.9
2907,50,1,366.34
2908,92,3,161.07
2908,89,1,272.6
2908,85,2,86.15
2908,2,1,83.54
2909,30,2,158.92
2909,88,3,209.19
2910,71,2,223.14
2911,19,3,490.89
2911,77,1,353.36
2912,46,3,475.99
2912,52,1,269.61
2912,12,2,142.92
2912,26,3,281.01
2913,80,2,143.26
2913,66,1,56.83
2914,66,2,56.83
2914,38,2,382.64
2914,88,2,209.19
2915,4,2,430.17
2915,1,3,197.66
2916,44,2,421.39
2916,87,3,238.37
2916,98,2,351.47
2917,38,3,382.64
2917,16,2,451.95
2917,83,1,392.17
2917,54,3,251.09
2918,13,1,48.16
2918,52,1,269.61
2919,47,1,10.72
2919,29,3,286.27
2920,26,3,281.01
2920,6,2,457.83
2920,43,2,179.75
2920,59,3,461.42
2921,49,2,426.01
2921,52,1,269.61
2921,8,2,215.49
2921,59,3,461.42
2921,24,2,423.97
2922,55,3,39.35
2922,6,3,457.83
2922,50,2,366.34
2922,74,1,137.89
2923,47,1,10.72
2923,92,2,161.07
2923,19,3,490.89
2923,55,3,39.35
2923,11,2,362.94
2924,45,1,439.83
2924,95,2,87.23
2924,27,2,13.9
2925,35,2,388.58
2925,14,1,192.68
2925,84,1,296.51
2925,91,3,111.74
2926,2,2,83.54
2926,87,1,238.37
2926,97,3,414.93
2927,67,2,75.42
2927,37,3,451.22
2927,66,2,56.83
2927,27,1,13.9
2928,1,1,197.66
2929,85,2,86.15
2929,88,1,209.19
2929,20,2,477.5
2929,1,3,197.66
2929,66,1,56.83
2930,71,3,223.14
2930,16,3,451.95
2930,76,3,402.4
2930,28,3,108.33
2930,91,1,111.74
2931,11,3,362.94
2931,73,3,126.02
2931,13,1,48.16
2931,65,3,51.6
2932,79,3,165.85
2933,78,2,370.32
2933,17,1,97.88
2933,13,1,48.16
2933,53,3,126.7
2934,60,3,449.67
2935,59,1,461.42
2935,54,1,251.09
2935,96,3,346.17
2936,67,2,75.42
2937,88,1,209.19
2937,41,2,210.92
2937,96,1,346.17
2937,17,2,97.88
2938,12,3,142.92
2938,43,1,179.75
2938,17,1,97.88
2938,88,3,209.19
2938,67,1,75.42
2939,56,2,498.51
2939,44,2,421.39
2939,96,1,346.17
2939,11,1,362.94
2940,11,2,362.94
2940,79,2,165.85
2941,32,3,237.32
2941,15,3,256.0
2941,31,2,315.13
2941,42,3,124.17
2941,18,2,404.13
2942,45,3,439.83
2942,44,1,421.39
2943,55,1,39.35
2943,85,3,86.15
2943,48,1,332.08
2943,9,2,167.68
2944,97,2,414.93
2944,55,1,39.35
2944,81,2,46.6
2944,100,1,419.6
2945,15,2,256.0
2945,59,2,461.42
2945,22,3,237.9
2945,61,3,264.68
2945,13,1,48.16
2946,23,1,148.33
2946,69,2,46.67
2946,12,1,142.92
2946,95,1,87.23
2947,4,2,430.17
2947,25,2,170.38
2947,26,1,281.01
2948,40,3,13.13
2948,76,2,402.4
2948,54,2,251.09
2948,82,2,109.33
2949,83,2,392.17
2949,96,3,346.17
2949,38,2,382.64
2950,91,1,111.74
2950,33,1,299.93
2950,69,3,46.67
2951,28,1,108.33
2951,79,1,165.85
2951,72,1,482.47
2951,85,2,86.15
2952,66,2,56.83
2952,70,2,288.23
2952,63,1,192.52
2953,8,1,215.49
2953,28,2,108.33
2953,99,1,29.76
2954,40,3,13.13
2954,98,2,351.47
2955,7,3,372.93
2955,70,2,288.23
2955,91,2,111.74
2956,80,3,143.26
2956,73,1,126.02
2956,55,3,39.35
2956,89,2,272.6
2957,38,1,382.64
2957,62,1,353.41
2957,63,2,192.52
2958,22,2,237.9
2959,83,3,392.17
2959,67,3,75.42
2960,34,1,251.75
2960,12,2,142.92
2961,100,3,419.6
2961,59,3,461.42
2961,18,3,404.13
2962,58,1,55.58
2962,54,3,251.09
2962,49,1,426.01
2962,47,2,10.72
2962,98,2,351.47
2963,31,3,315.13
2964,28,2,108.33
2964,49,3,426.01
2965,59,1,461.42
2965,33,3,299.93
2965,40,3,13.13
2965,13,3,48.16
2966,26,1,281.01
2966,75,3,164.35
2966,61,1,264.68
2967,24,3,423.97
2967,91,2,111.74
2967,8,1,215.49
2967,2,3,83.54
2967,28,3,108.33
2968,43,3,179.75
2968,95,1,87.23
2969,95,1,87.23
2969,88,3,209.19
2969,15,3,256.0
2969,63,1,192.52
2970,28,1,108.33
2971,56,2,498.51
2972,37,1,451.22
2972,56,3,498.51
2972,90,2,482.67
2972,47,2,10.72
2973,66,2,56.83
2973,64,3,487.53
2973,92,3,161.07
2973,83,3,392.17
2973,80,2,143.26
2974,65,3,51.6
2974,81,2,46.6
2974,91,3,111.74
2975,60,2,449.67
2975,90,1,482.67
2975,75,1,164.35
2976,77,3,353.36
2976,12,2,142.92
2976,59,2,461.42
2977,83,3,392.17
2978,49,3,426.01
2979,29,3,286.27
2979,82,3,109.33
2980,13,3,48.16
2980,3,3,466.27
2980,69,3,46.67
2981,18,2,404.13
2981,98,3,351.47
2982,51,3,60.94
2982,67,3,75.42
2982,55,3,39.35
2982,70,2,288.23
2982,85,1,86.15
2983,3,1,466.27
2984,50,1,366.34
2984,43,3,179.75
2985,7,1,372.93
2985,41,2,210.92
2986,13,2,48.16
2987,6,2,457.83
2987,94,2,68.76
2988,13,2,48.16
2988,29,1,286.27
2988,28,3,108.33
2989,77,2,353.36
2989,48,1,332.08
2989,61,1,264.68
2990,54,2,251.09
2990,89,3,272.6
2990,10,3,213.97
2990,4,3,430.17
2990,70,1,288.23
2991,62,1,353.41
2991,7,3,372.93
2991,39,2,130.11
2991,99,3,29.76
2991,41,2,210.92
2992,9,3,167.68
2992,19,2,490.89
2992,89,2,272.6
2992,97,2,414.93
2993,20,2,477.5
2993,15,2,256.0
2993,82,3,109.33
2993,26,2,281.01
2994,97,1,414.93
2994,9,1,167.68
2994,36,2,105.76
2994,93,3,139.85
2995,86,3,90.54
2995,66,1,56.83
2996,72,3,482.47
2996,83,3,392.17
2996,74,2,137.89
2997,9,1,167.68
2997,23,1,148.33
2998,99,1,29.76
2998,43,1,179.75
2998,74,1,137.89
2998,6,2,457.83
2998,40,1,13.13
2999,5,2,280.9
2999,28,1,108.33
2999,52,1,269.61
2999,92,2,161.07
3000,28,1,108.33
3000,10,2,213.97
3001,40,2,13.13
3001,9,3,167.68
3002,16,2,451.95
3002,66,1,56.83
3002,74,1,137.89
3002,62,2,353.41
3003,78,3,370.32
3003,85,1,86.15
3003,94,3,68.76
3003,38,3,382.64
3004,13,1,48.16
3004,5,2,280.9
3005,64,3,487.53
3005,35,1,388.58
3006,91,2,111.74
3007,62,2,353.41
3008,94,2,68.76
3009,54,2,251.09
3009,31,3,315.13
3009,11,1,362.94
3009,29,3,286.27
3009,19,3,490.89
3010,76,3,402.4
3010,50,2,366.34
3010,11,3,362.94
3011,12,2,142.92
3011,79,1,165.85
3011,51,2,60.94
3012,36,2,105.76
3013,7,3,372.93
3013,55,3,39.35
3013,41,2,210.92
3013,89,3,272.6
3014,21,3,43.77
3014,99,2,29.76
3014,28,3,108.33
3014,57,2,358.71
3015,13,1,48.16
3015,87,1,238.37
3015,60,3,449.67
3015,16,3,451.95
3016,25,2,170.38
3016,89,2,272.6
3016,84,3,296.51
3016,78,3,370.32
3016,12,2,142.92
3017,86,2,90.54
3018,1,1,197.66
3019,83,3,392.17
3019,57,2,358.71
3020,95,2,87.23
3020,36,2,105.76
3021,57,2,358.71
3021,65,1,51.6
3022,90,1,482.67
3023,78,2,370.32
3023,70,3,288.23
3024,54,2,251.09
3025,44,3,421.39
3025,73,1,126.02
3025,40,3,13.13
3025,95,3,87.23
3026,70,3,288.23
3026,83,3,392.17
3026,94,3,68.76
3026,39,2,130.11
3027,78,3,370.32
3027,91,1,111.74
3027,25,1,170.38
3028,93,1,139.85
3028,75,1,164.35
3029,71,1,223.14
3029,52,3,269.61
3029,65,3,51.6
3029,61,1,264.68
3030,47,3,10.72
3030,48,2,332.08
3030,95,2,87.23
3030,63,2,192.52
3031,91,1,111.74
3031,89,1,272.6
3031,50,3,366.34
3031,42,1,124.17
3032,96,1,346.17
3032,54,1,251.09
3032,37,3,451.22
3033,29,1,286.27
3034,23,2,148.33
3034,45,2,439.83
3035,34,1,251.75
3036,21,2,43.77
3036,54,2,251.09
3037,89,3,272.6
3037,48,1,332.08
3038,36,3,105.76
3038,41,2,210.92
3038,48,1,332.08
3038,95,1,87.23
3038,83,2,392.17
3039,20,3,477.5
3039,85,2,86.15
3039,55,2,39.35
3039,23,2,148.33
3039,19,2,490.89
3040,26,3,281.01
3041,88,1,209.19
3041,65,2,51.6
3042,8,1,215.49
3043,33,3,299.93
3043,41,3,210.92
3044,87,3,238.37
3044,98,2,351.47
3044,55,3,39.35
3044,35,3,388.58
3044,15,1,256.0
3045,78,3,370.32
3045,50,3,366.34
3045,79,1,165.85
3045,62,3,353.41
3045,32,1,237.32
3046,65,3,51.6
3046,26,1,281.01
3047,58,3,55.58
3047,55,3,39.35
3047,71,2,223.14
3047,66,3,56.83
3047,27,3,13.9
3048,20,1,477.5
3048,45,3,439.83
3048,66,3,56.83
3048,16,2,451.95
3048,58,3,55.58
3049,49,2,426.01
3050,96,1,346.17
3050,19,2,490.89
3051,63,3,192.52
3052,91,3,111.74
3052,81,2,46.6
3052,79,1,165.85
3052,31,3,315.13
3052,62,3,353.41
3053,18,3,404.13
3053,15,3,256.0
3053,75,1,164.35
3054,67,1,75.42
3054,33,3,299.93
3054,77,1,353.36
3054,52,1,269.61
3055,23,3,148.33
3055,77,3,353.36
3055,100,2,419.6
3056,70,2,288.23
3057,20,3,477.5
3057,93,2,139.85
3057,53,1,126.7
3057,85,3,86.15
3058,8,2,215.49
3059,57,3,358.71
3059,59,2,461.42
3059,95,2,87.23
3059,100,3,419.6
3060,90,2,482.67
3060,78,1,370.32
3061,9,3,167.68
3061,78,2,370.32
3061,6,2,457.83
3061,46,2,475.99
3061,84,3,296.51
3062,73,1,126.02
3062,30,3,158.92
3062,28,2,108.33
3062,5,2,280.9
3062,47,1,10.72
3063,21,1,43.77
3063,33,1,299.93
3063,18,3,404.13
3063,50,1,366.34
3064,20,3,477.5
3064,36,3,105.76
3065,64,1,487.53
3065,25,3,170.38
3065,50,3,366.34
3065,45,2,439.83
3066,15,2,256.0
3066,79,1,165.85
3066,69,1,46.67
3066,53,1,126.7
3066,97,3,414.93
3067,3,2,466.27
3067,52,2,269.61
3067,31,1,315.13
3068,60,3,449.67
3068,52,3,269.61
3068,27,2,13.9
3069,98,3,351.47
3069,19,3,490.89
3069,51,2,60.94
3069,85,1,86.15
3070,60,1,449.67
3071,87,3,238.37
3071,91,3,111.74
3071,39,3,130.11
3071,30,2,158.92
3071,66,3,56.83
3072,4,3,430.17
3073,76,3,402.4
3073,66,3,56.83
3073,55,1,39.35
3073,56,3,498.51
3073,88,2,209.19
3074,89,1,272.6
3074,3,2,466.27
3074,42,3,124.17
3075,40,3,13.13
3076,96,3,346.17
3076,29,2,286.27
3076,45,2,439.83
3076,93,2,139.85
3077,37,1,451.22
3077,42,2,124.17
3078,80,1,143.26
3078,73,3,126.02
3078,51,1,60.94
3079,64,3,487.53
3079,93,2,139.85
3079,74,2,137.89
3079,78,1,370.32
3080,21,3,43.77
3080,19,2,490.89
3081,49,1,426.01
3081,94,2,68.76
3081,87,1,238.37
3082,5,1,280.9
3082,2,2,83.54
3083,18,2,404.13
3084,95,2,87.23
3084,8,3,215.49
3084,61,2,264.68
3085,89,3,272.6
3085,73,1,126.02
3085,32,2,237.32
3085,69,1,46.67
3086,46,2,475.99
3086,31,3,315.13
3086,71,3,223.14
3087,15,2,256.0
3088,10,2,213.97
3088,20,1,477.5
3088,98,1,351.47
3088,5,1,280.9
3088,64,2,487.53
3089,99,2,29.76
3089,80,3,143.26
3089,88,2,209.19
3089,11,3,362.94
3089,45,1,439.83
3090,85,2,86.15
3090,21,2,43.77
3090,19,2,490.89
3090,34,2,251.75
3090,33,1,299.93
3091,24,1,423.97
3091,17,2,97.88
3092,79,1,165.85
3092,40,3,13.13
3092,36,3,105.76
3092,99,3,29.76
3092,11,2,362.94
3093,58,2,55.58
3094,77,3,353.36
3094,26,1,281.01
3094,27,2,13.9
3094,7,2,372.93
3094,31,3,315.13
3095,76,1,402.4
3095,6,2,457.83
3095,62,3,353.41
3096,77,1,353.36
3096,48,2,332.08
3096,91,1,111.74
3096,9,2,167.68
3097,84,1,296.51
3098,67,2,75.42
3098,63,1,192.52
3099,83,1,392.17
3099,15,3,256.0
3099,9,2,167.68
3099,59,3,461.42
3099,25,3,170.38
3100,68,1,411.78
3100,19,2,490.89
3101,17,3,97.88
3101,70,3,288.23
3101,57,3,358.71
3102,73,1,126.02
3102,51,1,60.94
3102,18,3,404.13
3102,65,1,51.6
3102,74,3,137.89
3103,8,1,215.49
3103,47,3,10.72
3103,19,2,490.89
3104,42,2,124.17
3105,72,1,482.47
3106,74,1,137.89
3107,84,1,296.51
3107,53,2,126.7
3108,46,2,475.99
3108,96,2,346.17
3108,68,3,411.78
3108,73,3,126.02
3108,54,1,251.09
3109,35,2,388.58
3109,2,2,83.54
3109,77,2,353.36
3109,31,2,315.13
3109,70,1,288.23
3110,99,3,29.76
3110,24,2,423.97
3110,64,2,487.53
3110,83,3,392.17
3110,7,2,372.93
3111,68,2,411.78
3111,61,2,264.68
3111,5,2,280.9
3112,29,3,286.27
3112,4,1,430.17
3113,51,3,60.94
3113,1,2,197.66
3113,75,2,164.35
3114,14,1,192.68
3114,47,3,10.72
3114,2,3,83.54
3114,13,1,48.16
3115,7,3,372.93
3115,54,2,251.09
3115,51,2,60.94
3116,8,3,215.49
3116,47,1,10.72
3116,4,3,430.17
3116,45,2,439.83
3117,90,2,482.67
3117,59,2,461.42
3117,55,3,39.35
3118,28,3,108.33
3118,61,1,264.68
3118,74,3,137.89
3118,90,2,482.67
3118,32,2,237.32
3119,29,3,286.27
3119,60,3,449.67
3119,20,1,477.5
3120,42,1,124.17
3120,20,3,477.5
3121,94,1,68.76
3121,50,1,366.34
3121,3,2,466.27
3121,76,2,402.4
3121,16,2,451.95
3122,10,1,213.97
3122,98,2,351.47
3122,99,3,29.76
3122,40,3,13.13
3123,22,1,237.9
3123,11,1,362.94
3124,7,3,372.93
3124,17,1,97.88
3124,56,1,498.51
3124,83,2,392.17
3124,54,2,251.09
3125,81,1,46.6
3125,71,1,223.14
3126,1,3,197.66
3126,79,1,165.85
3127,34,2,251.75
3128,32,3,237.32
3128,63,1,192.52
3129,40,1,13.13
3129,50,1,366.34
3130,66,2,56.83
3130,57,3,358.71
3131,47,2,10.72
3131,54,2,251.09
3132,51,3,60.94
3132,53,3,126.7
3132,98,2,351.47
3132,69,3,46.67
3132,5,1,280.9
3133,7,3,372.93
3134,72,2,482.47
3134,74,3,137.89
3134,85,1,86.15
3135,15,1,256.0
3135,42,2,124.17
3135,61,2,264.68
3135,48,1,332.08
3135,7,3,372.93
3136,89,1,272.6
3136,96,3,346.17
3136,43,3,179.75
3136,59,1,461.42
3136,70,2,288.23
3137,80,1,143.26
3137,92,2,161.07
3137,36,3,105.76
3137,93,3,139.85
3138,45,3,439.83
3139,38,2,382.64
3140,53,3,126.7
3140,12,2,142.92
3140,77,2,353.36
3140,85,1,86.15
3141,12,2,142.92
3141,5,2,280.9
3141,1,1,197.66
3141,53,2,126.7
3142,55,2,39.35
3142,69,2,46.67
3142,71,3,223.14
3142,47,2,10.72
3143,100,3,419.6
3143,82,2,109.33
3144,64,2,487.53
3144,55,2,39.35
3145,80,3,143.26
3145,46,1,475.99
3145,77,2,353.36
3145,6,2,457.83
3145,22,1,237.9
3146,72,2,482.47
3146,14,1,192.68
3147,49,2,426.01
3147,55,3,39.35
3148,79,3,165.85
3148,83,3,392.17
3148,14,2,192.68
3149,40,2,13.13
3150,71,1,223.14
3150,67,2,75.42
3151,92,3,161.07
3151,43,1,179.75
3152,97,1,414.93
3152,27,3,13.9
3152,26,2,281.01
3153,81,1,46.6
3154,87,1,238.37
3155,56,2,498.51
3155,15,1,256.0
3155,14,1,192.68
3156,65,2,51.6
3156,38,2,382.64
3156,61,2,264.68
3156,25,3,170.38
3157,58,3,55.58
3157,22,1,237.9
3158,99,3,29.76
3158,80,1,143.26
3159,98,3,351.47
3159,49,2,426.01
3159,10,3,213.97
3159,79,1,165.85
3160,45,3,439.83
3160,67,2,75.42
3161,35,3,388.58
3161,85,3,86.15
3161,26,2,281.01
3161,16,3,451.95
3161,28,3,108.33
3162,39,2,130.11
3162,2,2,83.54
3162,68,2,411.78
3162,58,1,55.58
3163,25,3,170.38
3163,79,3,165.85
3163,62,2,353.41
3163,20,1,477.5
3164,45,2,439.83
3164,53,3,126.7
3164,44,3,421.39
3164,57,1,358.71
3165,16,2,451.95
3165,65,2,51.6
3165,32,1,237.32
3165,95,2,87.23
3166,12,3,142.92
3167,77,2,353.36
3168,43,3,179.75
3168,41,3,210.92
3168,10,1,213.97
3169,14,3,192.68
3169,48,2,332.08
3169,17,1,97.88
3170,71,1,223.14
3170,33,2,299.93
3170,1,1,197.66
3171,7,2,372.93
3171,84,3,296.51
3171,86,1,90.54
3171,49,2,426.01
3172,42,2,124.17
3172,28,3,108.33
3172,32,2,237.32
3173,3,2,466.27
3173,13,2,48.16
3174,13,2,48.16
3174,36,3,105.76
3174,56,2,498.51
3174,87,1,238.37
3174,14,2,192.68
3175,30,3,158.92
3175,25,2,170.38
3175,61,1,264.68
3175,55,3,39.35
3176,12,2,142.92
3176,26,3,281.01
3176,35,1,388.58
3176,10,1,213.97
3176,81,3,46.6
3177,63,1,192.52
3178,48,2,332.08
3178,62,2,353.41
3178,83,1,392.17
3178,14,2,192.68
3178,85,3,86.15
3179,13,3,48.16
3179,36,3,105.76
3179,75,2,164.35
3180,69,3,46.67
3180,100,2,419.6
3180,25,1,170.38
3181,71,3,223.14
3181,5,2,280.9
3181,60,2,449.67
3181,23,3,148.33
3182,67,1,75.42
3183,33,3,299.93
3183,31,2,315.13
3183,67,3,75.42
3183,9,1,167.68
3183,49,2,426.01
3184,26,1,281.01
3184,84,3,296.51
3185,5,2,280.9
3185,59,2,461.42
3185,3,2,466.27
3185,40,2,13.13
3185,93,1,139.85
3186,3,1,466.27
3186,85,2,86.15
3187,34,2,251.75
3188,87,3,238.37
3189,7,1,372.93
3189,66,1,56.83
3189,11,1,362.94
3189,62,1,353.41
3189,30,2,158.92
3190,31,1,315.13
3190,92,1,161.07
3190,18,1,404.13
3190,59,2,461.42
3191,55,2,39.35
3191,79,1,165.85
3192,27,2,13.9
3192,19,1,490.89
3192,84,2,296.51
3193,7,1,372.93
3193,34,2,251.75
3193,60,1,449.67
3193,30,1,158.92
3193,46,2,475.99
3194,34,1,251.75
3194,76,2,402.4
3194,27,1,13.9
3195,60,1,449.67
3195,25,1,170.38
3195,99,3,29.76
3195,40,3,13.13
3195,48,2,332.08
3196,76,1,402.4
3196,56,3,498.51
3196,38,2,382.64
3196,19,1,490.89
3196,54,3,251.09
3197,79,3,165.85
3198,91,1,111.74
3198,59,3,461.42
3198,21,2,43.77
3198,60,1,449.67
3198,33,2,299.93
3199,15,2,256.0
3199,50,1,366.34
3200,78,3,370.32
3201,90,1,482.67
3202,47,1,10.72
3202,54,3,251.09
3202,40,1,13.13
3202,92,3,161.07
3203,37,1,451.22
3203,23,1,148.33
3203,55,2,39.35
3204,70,3,288.23
3204,97,3,414.93
3205,22,3,237.9
3205,25,2,170.38
3206,47,3,10.72
3206,60,3,449.67
3207,69,3,46.67
3207,83,2,392.17
3208,39,1,130.11
3208,48,2,332.08
3208,72,1,482.47
3208,73,3,126.02
3208,22,2,237.9
3209,63,3,192.52
3209,42,2,124.17
3209,23,3,148.33
3210,59,2,461.42
3210,46,1,475.99
3210,51,1,60.94
3210,47,3,10.72
3211,87,1,238.37
3211,80,3,143.26
3211,86,1,90.54
3211,43,2,179.75
3211,56,2,498.51
3212,55,1,39.35
3212,45,1,439.83
3212,99,1,29.76
3212,59,3,461.42
3213,11,1,362.94
3214,81,1,46.6
3214,10,1,213.97
3215,64,3,487.53
3215,46,2,475.99
3215,27,1,13.9
3215,83,1,392.17
3215,100,2,419.6
3216,95,2,87.23
3216,66,2,56.83
3216,28,3,108.33
3217,97,3,414.93
3217,59,3,461.42
3217,37,3,451.22
3218,80,3,143.26
3218,55,1,39.35
3219,89,2,272.6
3219,17,1,97.88
3219,47,1,10.72
3219,20,3,477.5
3219,48,1,332.08
3220,89,2,272.6
3220,32,1,237.32
3220,97,1,414.93
3221,9,3,167.68
3221,63,2,192.52
3221,26,2,281.01
3222,3,3,466.27
3222,56,3,498.51
3222,69,3,46.67
3222,93,3,139.85
3223,96,2,346.17
3223,33,1,299.93
3224,61,2,264.68
3224,100,1,419.6
3224,42,1,124.17
3225,6,1,457.83
3225,86,1,90.54
3225,10,1,213.97
3225,5,1,280.9
3225,28,3,108.33
3226,27,2,13.9
3226,75,2,164.35
3227,23,1,148.33
3228,77,1,353.36
3228,66,1,56.83
3228,29,3,286.27
3228,18,2,404.13
3229,13,1,48.16
3229,34,2,251.75
3229,17,1,97.88
3230,53,3,126.7
3230,96,1,346.17
3231,38,2,382.64
3232,26,2,281.01
3232,61,3,264.68
3232,14,1,192.68
3233,42,2,124.17
3233,16,2,451.95
3233,80,3,143.26
3234,64,1,487.53
3234,71,3,223.14
3234,65,1,51.6
3234,5,3,280.9
3235,98,1,351.47
3235,78,1,370.32
3235,13,2,48.16
3236,39,3,130.11
3236,24,2,423.97
3236,26,1,281.01
3236,23,2,148.33
3236,91,2,111.74
3237,54,1,251.09
3237,79,1,165.85
3237,88,1,209.19
3238,95,1,87.23
3238,73,1,126.02
3238,91,2,111.74
3238,25,2,170.38
3239,73,2,126.02
3240,23,3,148.33
3240,26,3,281.01
3241,46,2,475.99
3242,44,3,421.39
3242,18,3,404.13
3242,59,2,461.42
3243,82,2,109.33
3243,100,1,419.6
3243,21,1,43.77
3243,81,1,46.6
3244,55,3,39.35
3244,37,3,451.22
3244,3,1,466.27
3245,80,3,143.26
3246,69,3,46.67
3246,56,3,498.51
3246,66,2,56.83
3246,78,1,370.32
3246,11,2,362.94
3247,56,3,498.51
3247,64,3,487.53
3247,73,1,126.02
3247,51,3,60.94
3247,74,3,137.89
3248,73,3,126.02
3249,81,3,46.6
3250,72,2,482.47
3250,88,2,209.19
3250,59,1,461.42
3251,31,1,315.13
3251,85,3,86.15
3252,5,1,280.9
3253,12,1,142.92
3253,47,2,10.72
3253,44,2,421.39
3254,98,2,351.47
3254,51,1,60.94
3254,28,1,108.33
3254,58,1,55.58
3254,27,2,13.9
3255,17,3,97.88
3256,78,2,370.32
3256,52,3,269.61
3256,53,2,126.7
3256,56,3,498.51
3256,65,3,51.6
3257,28,2,108.33
3257,9,1,167.68
3257,12,1,142.92
3258,92,3,161.07
3259,46,3,475.99
3259,97,3,414.93
3259,11,2,362.94
3259,40,2,13.13
3260,79,3,165.85
3260,52,2,269.61
3261,96,1,346.17
3261,26,2,281.01
3261,11,2,362.94
3262,64,1,487.53
3262,9,3,167.68
3262,85,1,86.15
3262,6,3,457.83
3263,60,3,449.67
3263,43,2,179.75
3264,72,3,482.47
3265,75,3,164.35
3265,98,2,351.47
3265,43,3,179.75
3265,71,1,223.14
3265,50,2,366.34
3266,39,1,130.11
3266,27,2,13.9
3266,33,3,299.93
3266,21,2,43.77
3266,25,2,170.38
3267,95,1,87.23
3267,13,2,48.16
3268,56,1,498.51
3268,6,3,457.83
3268,55,3,39.35
3268,18,1,404.13
3268,83,3,392.17
3269,88,2,209.19
3270,84,3,296.51
3271,75,3,164.35
3271,15,1,256.0
3271,41,2,210.92
3271,16,1,451.95
3271,39,2,130.11
3272,72,2,482.47
3273,86,1,90.54
3274,87,2,238.37
3274,35,3,388.58
3275,92,3,161.07
3275,21,2,43.77
3275,77,1,353.36
3276,33,2,299.93
3276,10,2,213.97
3276,24,2,423.97
3276,22,1,237.9
3277,89,3,272.6
3277,35,3,388.58
3277,29,3,286.27
3278,37,1,451.22
3278,44,3,421.39
3279,2,1,83.54
3279,38,3,382.64
3279,17,1,97.88
3279,33,2,299.93
3280,91,1,111.74
3280,81,2,46.6
3280,36,3,105.76
3281,74,3,137.89
3281,90,3,482.67
3282,68,3,411.78
3282,84,1,296.51
3282,44,2,421.39
3282,97,2,414.93
3283,23,3,148.33
3283,3,3,466.27
3283,73,1,126.02
3283,13,1,48.16
3283,71,1,223.14
3284,99,2,29.76
3284,50,1,366.34
3284,16,3,451.95
3285,78,2,370.32
3286,21,1,43.77
3287,98,3,351.47
3287,60,2,449.67
3287,76,3,402.4
3287,91,1,111.74
3287,2,2,83.54
3288,88,2,209.19
3289,10,1,213.97
3289,61,1,264.68
3289,44,2,421.39
3289,84,1,296.51
3289,28,1,108.33
3290,27,3,13.9
3290,31,2,315.13
3290,64,1,487.53
3291,50,2,366.34
3291,7,2,372.93
3291,40,2,13.13
3291,83,3,392.17
3291,31,2,315.13
3292,99,1,29.76
3292,48,2,332.08
3293,64,1,487.53
3294,88,1,209.19
3295,30,1,158.92
3295,31,1,315.13
3295,4,1,430.17
3296,49,2,426.01
3296,74,2,137.89
3296,54,2,251.09
3297,25,1,170.38
3298,13,2,48.16
3299,77,2,353.36
3300,30,3,158.92
3300,79,2,165.85
3300,38,1,382.64
3300,70,1,288.23
3300,97,2,414.93
3301,26,1,281.01
3301,12,1,142.92
3301,48,3,332.08
3301,39,3,130.11
3302,27,3,13.9
3303,89,1,272.6
3303,73,1,126.02
3303,16,2,451.95
3304,82,2,109.33
3304,44,2,421.39
3304,26,2,281.01
3304,91,1,111.74
3305,52,2,269.61
3305,40,3,13.13
3306,43,3,179.75
3306,11,2,362.94
3307,22,3,237.9
3307,24,1,423.97
3307,66,1,56.83
3308,42,1,124.17
3308,88,2,209.19
3309,85,3,86.15
3309,42,2,124.17
3309,93,3,139.85
3309,24,3,423.97
3309,92,1,161.07
3310,77,2,353.36
3310,53,2,126.7
3310,46,2,475.99
3311,31,1,315.13
3311,83,3,392.17
3311,29,3,286.27
3311,45,2,439.83
3311,23,1,148.33
3312,38,1,382.64
3312,1,1,197.66
3312,56,1,498.51
3312,37,3,451.22
3313,42,2,124.17
3314,20,2,477.5
3315,59,1,461.42
3315,65,2,51.6
3315,27,2,13.9
3316,14,2,192.68
3317,19,3,490.89
3317,64,1,487.53
3318,84,3,296.51
3318,35,1,388.58
3319,14,2,192.68
3319,3,1,466.27
3319,87,2,238.37
3320,81,1,46.6
3320,51,2,60.94
3320,26,1,281.01
3320,53,3,126.7
3320,39,1,130.11
3321,52,3,269.61
3321,34,2,251.75
3322,26,2,281.01
3322,50,3,366.34
3322,63,3,192.52
3323,79,2,165.85
3323,56,2,498.51
3323,62,2,353.41
3323,85,3,86.15
3324,50,3,366.34
3324,77,2,353.36
3325,1,3,197.66
3325,12,1,142.92
3326,29,2,286.27
3326,17,3,97.88
3327,95,2,87.23
3327,93,1,139.85
3327,71,1,223.14
3327,18,3,404.13
3327,13,2,48.16
3328,16,1,451.95
3328,78,2,370.32
3328,73,3,126.02
3328,50,2,366.34
3329,13,3,48.16
3329,70,2,288.23
3329,46,2,475.99
3329,16,2,451.95
3329,40,1,13.13
3330,95,2,87.23
3330,6,3,457.83
3330,27,2,13.9
3330,70,3,288.23
3331,51,2,60.94
3331,4,3,430.17
3332,21,2,43.77
3332,65,3,51.6
3333,91,2,111.74
3333,52,1,269.61
3333,10,1,213.97
3334,49,1,426.01
3334,9,3,167.68
3334,87,1,238.37
3334,48,1,332.08
3334,79,3,165.85
3335,58,1,55.58
3335,68,3,411.78
3335,77,3,353.36
3336,6,1,457.83
3336,55,1,39.35
3336,73,1,126.02
3337,37,3,451.22
3337,95,2,87.23
3338,11,1,362.94
3339,18,2,404.13
3340,4,1,430.17
3340,84,1,296.51
3341,81,3,46.6
3341,47,1,10.72
3341,82,3,109.33
3341,74,3,137.89
3341,43,1,179.75
3342,81,1,46.6
3342,20,1,477.5
3342,5,1,280.9
3342,60,1,449.67
3342,19,2,490.89
3343,20,3,477.5
3343,29,2,286.27
3343,74,1,137.89
3343,70,1,288.23
3343,80,3,143.26
3344,31,3,315.13
3345,75,1,164.35
3345,64,3,487.53
3345,98,3,351.47
3345,95,2,87.23
3345,61,3,264.68
3346,57,2,358.71
3346,71,2,223.14
3347,69,1,46.67
3347,21,3,43.77
3347,32,3,237.32
3347,51,3,60.94
3348,24,2,423.97
3348,17,2,97.88
3348,76,2,402.4
3349,39,2,130.11
3350,66,2,56.83
3350,49,2,426.01
3350,44,1,421.39
3351,52,1,269.61
3352,49,3,426.01
3353,40,3,13.13
3354,82,1,109.33
3354,39,3,130.11
3354,73,3,126.02
3354,79,3,165.85
3354,81,2,46.6
3355,7,3,372.93
3355,23,3,148.33
3356,9,1,167.68
3357,98,1,351.47
3358,35,1,388.58
3358,31,2,315.13
3358,83,1,392.17
3358,28,3,108.33
3358,75,3,164.35
3359,15,2,256.0
3359,97,3,414.93
3359,10,2,213.97
3359,90,1,482.67
3359,82,1,109.33
3360,81,2,46.6
3361,59,2,461.42
3362,44,2,421.39
3362,7,1,372.93
3362,37,3,451.22
3362,31,1,315.13
3362,22,3,237.9
3363,84,2,296.51
3363,1,3,197.66
3363,19,2,490.89
3363,91,1,111.74
3363,67,2,75.42
3364,87,2,238.37
3365,28,1,108.33
3365,88,3,209.19
3365,53,3,126.7
3365,23,3,148.33
3365,35,2,388.58
3366,84,3,296.51
3367,30,1,158.92
3367,17,1,97.88
3367,31,2,315.13
3367,65,1,51.6
3368,62,2,353.41
3368,92,1,161.07
3368,86,1,90.54
3369,61,1,264.68
3369,53,1,126.7
3370,94,1,68.76
3370,43,3,179.75
3370,77,2,353.36
3370,35,1,388.58
3371,69,2,46.67
3371,27,1,13.9
3371,68,2,411.78
3372,41,3,210.92
3372,64,1,487.53
3373,53,2,126.7
3374,92,3,161.07
3374,56,2,498.51
3374,53,2,126.7
3375,25,1,170.38
3376,8,3,215.49
3376,13,1,48.16
3376,100,2,419.6
3376,23,3,148.33
3376,78,3,370.32
3377,88,3,209.19
3377,16,2,451.95
3377,13,3,48.16
3378,16,1,451.95
3379,37,2,451.22
3380,17,1,97.88
3381,32,3,237.32
3381,44,2,421.39
3381,82,3,109.33
3382,66,1,56.83
3382,76,1,402.4
3383,7,1,372.93
3383,69,3,46.67
3383,15,1,256.0
3384,55,2,39.35
3384,30,2,158.92
3384,11,2,362.94
3385,7,2,372.93
3385,19,3,490.89
3385,58,3,55.58
3385,13,1,48.16
3386,68,2,411.78
3386,82,3,109.33
3386,72,3,482.47
3386,36,2,105.76
3387,70,1,288.23
3388,26,3,281.01
3388,69,2,46.67
3388,30,3,158.92
3388,40,1,13.13
3388,64,2,487.53
3389,2,3,83.54
3390,61,3,264.68
3390,30,3,158.92
3390,1,1,197.66
3391,67,1,75.42
3391,22,1,237.9
3392,91,1,111.74
3393,66,3,56.83
3393,23,1,148.33
3393,40,3,13.13
3394,95,2,87.23
3394,30,2,158.92
3394,3,2,466.27
3395,73,3,126.02
3395,60,2,449.67
3395,69,1,46.67
3395,81,2,46.6
3396,53,1,126.7
3396,29,1,286.27
3396,39,1,130.11
3396,75,3,164.35
3396,97,2,414.93
3397,68,1,411.78
3397,93,1,139.85
3397,94,2,68.76
3397,78,2,370.32
3398,8,2,215.49
3399,80,2,143.26
3400,86,1,90.54
3401,81,1,46.6
3401,6,1,457.83
3402,100,1,419.6
3402,50,2,366.34
3402,10,3,213.97
3402,62,1,353.41
3403,88,3,209.19
3403,93,2,139.85
3403,52,2,269.61
3403,72,2,482.47
3404,87,3,238.37
3404,18,2,404.13
3404,83,1,392.17
3404,4,3,430.17
3404,77,2,353.36
3405,10,3,213.97
3405,66,2,56.83
3405,14,3,192.68
3405,69,1,46.67
3405,50,1,366.34
3406,33,2,299.93
3406,8,2,215.49
3406,42,1,124.17
3407,64,1,487.53
3407,97,1,414.93
3407,60,1,449.67
3408,53,1,126.7
3408,26,3,281.01
3408,84,3,296.51
3408,52,1,269.61
3408,20,2,477.5
3409,85,2,86.15
3410,87,3,238.37
3410,38,1,382.64
3410,15,1,256.0
3410,62,1,353.41
3410,95,3,87.23
3411,9,2,167.68
3412,90,2,482.67
3413,68,1,411.78
3413,49,1,426.01
3413,32,3,237.32
3413,57,3,358.71
3414,72,2,482.47
3414,74,3,137.89
3414,28,2,108.33
3415,40,2,13.13
3416,100,2,419.6
3417,12,2,142.92
3417,21,2,43.77
3417,54,2,251.09
3417,41,3,210.92
3418,13,2,48.16
3418,88,2,209.19
3418,55,2,39.35
3419,59,1,461.42
3419,13,1,48.16
3419,43,1,179.75
3419,99,1,29.76
3420,64,1,487.53
3421,67,3,75.42
3422,89,2,272.6
3423,99,3,29.76
3423,73,2,126.02
3423,25,2,170.38
3423,98,3,351.47
3423,48,3,332.08
3424,53,2,126.7
3424,24,3,423.97
3425,18,2,404.13
3425,45,1,439.83
3425,59,2,461.42
3426,92,3,161.07
3427,25,3,170.38
3427,45,3,439.83
3428,83,2,392.17
3428,34,1,251.75
3428,69,3,46.67
3428,7,2,372.93
3428,67,3,75.42
3429,95,1,87.23
3429,25,2,170.38
3429,97,1,414.93
3429,2,1,83.54
3429,33,3,299.93
3430,86,1,90.54
3430,64,1,487.53
3430,70,3,288.23
3430,48,3,332.08
3430,28,1,108.33
3431,92,1,161.07
3432,75,3,164.35
3432,70,1,288.23
3433,73,1,126.02
3434,1,2,197.66
3434,7,2,372.93
3434,32,2,237.32
3435,40,1,13.13
3435,95,2,87.23
3435,85,1,86.15
3435,73,2,126.02
3435,3,2,466.27
3436,95,2,87.23
3436,1,2,197.66
3436,19,3,490.89
3437,5,1,280.9
3437,87,3,238.37
3437,95,2,87.23
3437,77,3,353.36
3438,19,3,490.89
3439,95,2,87.23
3439,78,2,370.32
3439,73,1,126.02
3439,1,2,197.66
3440,9,1,167.68
3440,100,3,419.6
3440,77,1,353.36
3440,98,3,351.47
3440,74,2,137.89
3441,68,1,411.78
3441,97,2,414.93
3441,70,1,288.23
3442,76,3,402.4
3442,54,1,251.09
3442,11,2,362.94
3442,53,2,126.7
3443,9,1,167.68
3443,59,3,461.42
3443,91,2,111.74
3443,41,3,210.92
3444,91,2,111.74
3444,39,3,130.11
3444,87,1,238.37
3444,24,2,423.97
3444,89,2,272.6
3445,81,1,46.6
3445,79,3,165.85
3445,60,3,449.67
3445,70,2,288.23
3445,94,1,68.76
3446,34,1,251.75
3446,42,2,124.17
3447,5,2,280.9
3447,47,2,10.72
3447,69,1,46.67
3447,61,2,264.68
3448,21,1,43.77
3448,34,3,251.75
3448,38,3,382.64
3448,69,3,46.67
3449,69,3,46.67
3449,85,3,86.15
3449,50,2,366.34
3449,57,1,358.71
3449,67,1,75.42
3450,74,3,137.89
3450,15,1,256.0
3451,60,1,449.67
3451,8,2,215.49
3451,57,1,358.71
3451,36,1,105.76
3451,92,1,161.07
3452,36,3,105.76
3452,80,3,143.26
3453,28,1,108.33
3453,71,3,223.14
3453,96,3,346.17
3454,40,1,13.13
3455,50,2,366.34
3455,23,3,148.33
3455,40,2,13.13
3456,46,1,475.99
3456,57,1,358.71
3457,85,1,86.15
3457,21,1,43.77
3457,62,3,353.41
3457,30,3,158.92
3458,2,2,83.54
3458,31,2,315.13
3458,40,2,13.13
3458,41,3,210.92
3458,100,3,419.6
3459,32,1,237.32
3459,98,3,351.47
3459,23,1,148.33
3460,42,2,124.17
3460,38,1,382.64
3460,77,2,353.36
3460,50,2,366.34
3460,72,3,482.47
3461,8,3,215.49
3461,61,1,264.68
3462,80,3,143.26
3462,10,3,213.97
3462,89,3,272.6
3462,93,3,139.85
3462,74,3,137.89
3463,51,1,60.94
3463,58,2,55.58
3463,54,1,251.09
3464,74,1,137.89
3464,48,1,332.08
3464,16,3,451.95
3464,12,2,142.92
3464,97,2,414.93
3465,41,3,210.92
3465,62,2,353.41
3466,9,3,167.68
3466,8,3,215.49
3467,5,2,280.9
3467,19,3,490.89
3467,68,3,411.78
3467,4,2,430.17
3467,45,2,439.83
3468,4,1,430.17
3469,39,2,130.11
3469,36,2,105.76
3469,10,2,213.97
3470,6,3,457.83
3470,48,2,332.08
3471,64,2,487.53
3471,48,1,332.08
3472,3,1,466.27
3472,21,2,43.77
3473,70,3,288.23
3473,73,1,126.02
3473,23,3,148.33
3474,42,1,124.17
3475,4,3,430.17
3475,16,2,451.95
3475,96,3,346.17
3475,30,2,158.92
3476,86,2,90.54
3477,1,1,197.66
3477,86,1,90.54
3478,67,1,75.42
3478,78,1,370.32
3478,25,3,170.38
3479,62,2,353.41
3479,47,3,10.72
3479,54,2,251.09
3479,63,2,192.52
3480,70,2,288.23
3480,42,1,124.17
3480,27,2,13.9
3480,24,3,423.97
3481,20,3,477.5
3481,54,3,251.09
3481,84,3,296.51
3482,94,2,68.76
3482,5,3,280.9
3482,63,2,192.52
3482,57,2,358.71
3482,46,2,475.99
3483,44,2,421.39
3483,87,2,238.37
3483,96,2,346.17
3483,57,2,358.71
3483,71,1,223.14
3484,23,1,148.33
3484,36,2,105.76
3484,18,2,404.13
3484,58,3,55.58
3484,73,3,126.02
3485,84,3,296.51
3485,79,3,165.85
3486,12,1,142.92
3486,52,1,269.61
3486,45,3,439.83
3487,63,3,192.52
3487,27,2,13.9
3487,42,2,124.17
3487,14,3,192.68
3487,12,2,142.92
3488,34,1,251.75
3488,81,2,46.6
3489,72,2,482.47
3489,62,2,353.41
3489,86,2,90.54
3490,53,2,126.7
3490,100,3,419.6
3490,26,3,281.01
3490,75,1,164.35
3491,25,1,170.38
3492,69,2,46.67
3492,57,3,358.71
3492,100,2,419.6
3492,23,1,148.33
3492,64,2,487.53
3493,65,3,51.6
3493,67,3,75.42
3493,86,2,90.54
3493,49,3,426.01
3493,57,1,358.71
3494,43,3,179.75
3495,86,2,90.54
3496,69,1,46.67
3496,38,1,382.64
3496,52,2,269.61
3496,23,1,148.33
3497,99,1,29.76
3497,53,3,126.7
3497,43,3,179.75
3498,41,1,210.92
3498,99,1,29.76
3498,15,1,256.0
3498,45,1,439.83
3499,10,3,213.97
3499,87,3,238.37
3499,30,1,158.92
3500,65,3,51.6
3500,83,3,392.17
3500,62,3,353.41
3500,80,2,143.26
3500,7,3,372.93
3501,55,2,39.35
3501,41,2,210.92
3501,14,1,192.68
3501,82,1,109.33
3501,33,2,299.93
3502,99,3,29.76
3503,73,2,126.02
3503,31,2,315.13
3503,79,1,165.85
3504,89,2,272.6
3505,89,2,272.6
3505,22,2,237.9
3505,24,1,423.97
3506,34,2,251.75
3506,50,2,366.34
3507,89,3,272.6
3507,85,3,86.15
3508,92,2,161.07
3508,63,1,192.52
3508,72,2,482.47
3509,49,3,426.01
3510,18,1,404.13
3510,1,1,197.66
3511,92,3,161.07
3511,16,1,451.95
3511,11,3,362.94
3511,28,1,108.33
3512,19,1,490.89
3513,77,1,353.36
3513,67,3,75.42
3513,7,3,372.93
3514,57,2,358.71
3514,88,2,209.19
3514,41,2,210.92
3515,32,1,237.32
3515,38,1,382.64
3515,88,3,209.19
3515,83,1,392.17
3516,78,1,370.32
3516,9,1,167.68
3517,71,3,223.14
3518,54,3,251.09
3518,50,3,366.34
3519,80,2,143.26
3519,67,3,75.42
3519,32,3,237.32
3520,68,2,411.78
3521,77,1,353.36
3521,67,1,75.42
3521,97,3,414.93
3521,64,2,487.53
3522,66,2,56.83
3522,35,2,388.58
3522,97,1,414.93
3523,14,1,192.68
3523,83,3,392.17
3523,25,1,170.38
3523,60,2,449.67
3524,51,2,60.94
3524,79,2,165.85
3524,68,3,411.78
3525,79,2,165.85
3525,93,2,139.85
3525,4,1,430.17
3525,78,3,370.32
3525,8,2,215.49
3526,68,1,411.78
3526,26,2,281.01
3526,7,2,372.93
3526,54,2,251.09
3527,65,3,51.6
3527,69,3,46.67
3527,73,2,126.02
3528,35,2,388.58
3528,98,2,351.47
3529,11,3,362.94
3529,19,3,490.89
3530,18,3,404.13
3530,88,1,209.19
3530,6,2,457.83
3531,75,3,164.35
3531,32,1,237.32
3531,88,3,209.19
3532,12,1,142.92
3532,88,1,209.19
3532,11,1,362.94
3532,19,2,490.89
3532,18,3,404.13
3533,18,3,404.13
3534,46,2,475.99
3534,11,1,362.94
3534,27,2,13.9
3534,50,2,366.34
3534,66,1,56.83
3535,86,2,90.54
3535,43,1,179.75
3535,22,1,237.9
3535,30,3,158.92
3536,64,3,487.53
3536,61,1,264.68
3536,48,1,332.08
3536,10,1,213.97
3537,21,2,43.77
3537,93,1,139.85
3538,31,3,315.13
3538,37,3,451.22
3538,98,2,351.47
3538,60,1,449.67
3539,55,2,39.35
3539,60,3,449.67
3540,55,1,39.35
3540,35,1,388.58
3540,82,1,109.33
3541,18,1,404.13
3541,28,3,108.33
3542,33,3,299.93
3542,32,2,237.32
3542,58,2,55.58
3543,8,2,215.49
3543,96,3,346.17
3544,69,3,46.67
3544,23,2,148.33
3544,10,3,213.97
3545,98,3,351.47
3545,44,2,421.39
3545,78,3,370.32
3546,18,1,404.13
3546,35,1,388.58
3547,88,1,209.19
3547,86,1,90.54
3548,47,3,10.72
3548,65,1,51.6
3548,79,3,165.85
3549,22,3,237.9
3549,89,1,272.6
3549,27,2,13.9
3549,3,1,466.27
3549,62,1,353.41
3550,60,2,449.67
3550,3,2,466.27
3550,85,1,86.15
3551,64,3,487.53
3551,80,3,143.26
3551,91,3,111.74
3551,87,3,238.37
3552,39,3,130.11
3552,33,2,299.93
3553,95,3,87.23
3553,61,3,264.68
3553,42,2,124.17
3554,14,1,192.68
3555,48,3,332.08
3556,68,3,411.78
3556,63,1,192.52
3556,27,1,13.9
3556,15,2,256.0
3557,50,2,366.34
3557,38,3,382.64
3558,30,3,158.92
3558,74,2,137.89
3558,36,2,105.76
3558,55,3,39.35
3559,91,1,111.74
3559,13,3,48.16
3560,25,2,170.38
3561,87,1,238.37
3561,45,2,439.83
3561,65,1,51.6
3561,92,3,161.07
3561,61,1,264.68
3562,45,3,439.83
3562,5,1,280.9
3562,24,3,423.97
3562,63,1,192.52
3563,40,1,13.13
3563,24,1,423.97
3563,15,1,256.0
3563,96,3,346.17
3564,21,2,43.77
3564,67,1,75.42
3564,71,2,223.14
3564,4,2,430.17
3565,73,2,126.02
3565,64,3,487.53
3565,6,3,457.83
3566,75,1,164.35
3566,91,3,111.74
3566,80,3,143.26
3567,73,2,126.02
3568,29,3,286.27
3568,96,1,346.17
3568,85,2,86.15
3569,19,1,490.89
3569,25,1,170.38
3569,75,1,164.35
3569,43,1,179.75
3570,66,2,56.83
3571,88,1,209.19
3572,6,3,457.83
3573,23,1,148.33
3573,17,2,97.88
3574,17,1,97.88
3574,96,1,346.17
3575,76,2,402.4
3575,31,1,315.13
3575,74,3,137.89
3575,92,3,161.07
3575,46,3,475.99
3576,38,2,382.64
3577,10,1,213.97
3577,58,2,55.58
3577,15,2,256.0
3577,2,3,83.54
3578,34,2,251.75
3578,60,3,449.67
3579,93,1,139.85
3579,13,3,48.16
3579,99,1,29.76
3579,16,2,451.95
3579,63,2,192.52
3580,8,3,215.49
3580,95,3,87.23
3580,52,3,269.61
3581,47,1,10.72
3581,60,1,449.67
3581,92,2,161.07
3581,55,1,39.35
3581,100,1,419.6
3582,3,1,466.27
3582,31,3,315.13
3582,45,2,439.83
3582,7,2,372.93
3583,51,1,60.94
3584,95,1,87.23
3584,60,3,449.67
3585,20,3,477.5
3585,36,2,105.76
3585,12,3,142.92
3586,100,3,419.6
3586,99,2,29.76
3586,82,2,109.33
3587,49,2,426.01
3587,69,2,46.67
3587,54,2,251.09
3588,53,2,126.7
3588,79,1,165.85
3588,16,3,451.95
3589,40,1,13.13
3589,2,1,83.54
3589,3,2,466.27
3589,1,2,197.66
3589,90,1,482.67
3590,66,1,56.83
3590,35,1,388.58
3590,63,2,192.52
3590,94,1,68.76
3591,23,3,148.33
3591,25,3,170.38
3591,24,3,423.97
3591,19,3,490.89
3591,42,3,124.17
3592,29,2,286.27
3592,62,1,353.41
3593,27,1,13.9
3593,93,2,139.85
3594,6,2,457.83
3594,15,1,256.0
3594,44,2,421.39
3595,52,2,269.61
3595,48,2,332.08
3595,60,1,449.67
3595,69,1,46.67
3596,5,1,280.9
3597,77,3,353.36
3597,12,2,142.92
3597,16,1,451.95
3598,64,1,487.53
3598,78,3,370.32
3598,97,1,414.93
3599,39,3,130.11
3599,66,3,56.83
3600,37,1,451.22
3601,51,3,60.94
3601,76,3,402.4
3602,29,2,286.27
3602,12,3,142.92
3602,41,2,210.92
3602,90,3,482.67
3603,7,2,372.93
3603,84,2,296.51
3603,3,2,466.27
3603,65,2,51.6
3603,62,2,353.41
3604,89,1,272.6
3605,66,1,56.83
3606,18,3,404.13
3606,25,3,170.38
3606,63,2,192.52
3606,7,2,372.93
3606,86,2,90.54
3607,69,1,46.67
3607,82,3,109.33
3607,41,1,210.92
3607,3,3,466.27
3608,12,3,142.92
3608,32,2,237.32
3608,65,1,51.6
3608,47,3,10.72
3608,92,2,161.07
3609,79,1,165.85
3609,29,2,286.27
3610,42,1,124.17
3610,59,2,461.42
3610,6,2,457.83
3611,30,3,158.92
3611,63,1,192.52
3612,7,2,372.93
3613,25,2,170.38
3613,52,2,269.61
3613,6,3,457.83
3614,63,1,192.52
3614,11,1,362.94
3614,24,3,423.97
3614,61,1,264.68
3614,74,3,137.89
3615,50,3,366.34
3615,22,3,237.9
3616,60,3,449.67
3616,41,3,210.92
3616,54,3,251.09
3616,100,3,419.6
3617,96,2,346.17
3617,1,1,197.66
3617,56,3,498.51
3617,89,2,272.6
3617,3,3,466.27
3618,2,2,83.54
3618,79,1,165.85
3618,47,1,10.72
3618,50,3,366.34
3619,24,3,423.97
3619,71,1,223.14
3619,74,2,137.89
3619,17,2,97.88
3619,12,3,142.92
3620,39,1,130.11
3620,29,1,286.27
3620,47,3,10.72
3620,72,2,482.47
3621,29,2,286.27
3621,26,1,281.01
3621,89,1,272.6
3622,75,3,164.35
3622,18,3,404.13
3622,65,2,51.6
3623,13,3,48.16
3623,67,2,75.42
3623,88,2,209.19
3623,52,3,269.61
3623,16,2,451.95
3624,56,2,498.51
3624,28,3,108.33
3624,33,2,299.93
3624,41,2,210.92
3624,85,3,86.15
3625,23,2,148.33
3625,4,3,430.17
3626,86,1,90.54
3626,20,1,477.5
3626,44,1,421.39
3626,100,1,419.6
3626,68,2,411.78
3627,8,2,215.49
3627,85,2,86.15
3627,90,2,482.67
3627,91,3,111.74
3627,71,1,223.14
3628,96,1,346.17
3628,38,3,382.64
3628,79,1,165.85
3629,67,3,75.42
3629,45,1,439.83
3629,30,1,158.92
3629,38,3,382.64
3629,72,1,482.47
3630,93,3,139.85
3630,21,1,43.77
3630,58,2,55.58
3630,57,1,358.71
3631,75,1,164.35
3631,88,3,209.19
3631,81,1,46.6
3631,25,3,170.38
3632,50,3,366.34
3633,12,1,142.92
3633,63,1,192.52
3633,58,1,55.58
3633,86,1,90.54
3634,6,2,457.83
3634,23,1,148.33
3634,7,2,372.93
3635,64,2,487.53
3636,59,1,461.42
3636,97,2,414.93
3636,34,3,251.75
3637,9,1,167.68
3637,65,1,51.6
3637,35,1,388.58
3637,82,1,109.33
3637,68,1,411.78
3638,30,1,158.92
3639,88,3,209.19
3640,93,2,139.85
3640,16,3,451.95
3641,3,3,466.27
3641,33,1,299.93
3641,2,3,83.54
3641,11,3,362.94
3641,12,1,142.92
3642,46,3,475.99
3643,93,2,139.85
3643,10,1,213.97
3643,75,2,164.35
3643,20,2,477.5
3643,60,1,449.67
3644,91,2,111.74
3644,54,1,251.09
3644,37,3,451.22
3644,42,3,124.17
3645,55,1,39.35
3645,72,2,482.47
3645,74,3,137.89
3646,96,3,346.17
3646,26,2,281.01
3646,27,2,13.9
3646,51,2,60.94
3646,43,1,179.75
3647,14,3,192.68
3647,38,1,382.64
3647,66,3,56.83
3647,60,1,449.67
3647,95,3,87.23
3648,97,1,414.93
3648,2,3,83.54
3648,66,2,56.83
3648,29,2,286.27
3648,67,2,75.42
3649,73,2,126.02
3650,82,1,109.33
3650,100,1,419.6
3650,75,2,164.35
3650,49,2,426.01
3650,70,2,288.23
3651,75,3,164.35
3651,16,1,451.95
3651,50,3,366.34
3651,94,3,68.76
3651,74,2,137.89
3652,87,2,238.37
3652,4,3,430.17
3652,65,2,51.6
3652,82,2,109.33
3653,38,2,382.64
3653,69,3,46.67
3653,94,2,68.76
3653,55,2,39.35
3654,77,2,353.36
3654,60,2,449.67
3654,63,1,192.52
3655,3,3,466.27
3655,6,2,457.83
3655,60,3,449.67
3655,41,1,210.92
3655,5,1,280.9
3656,100,1,419.6
3656,61,1,264.68
3657,31,3,315.13
3657,36,1,105.76
3657,60,3,449.67
3657,99,3,29.76
3657,37,1,451.22
3658,64,2,487.53
3658,72,2,482.47
3658,65,1,51.6
3658,52,2,269.61
3659,83,2,392.17
3659,70,2,288.23
3660,1,1,197.66
3660,96,1,346.17
3660,97,2,414.93
3660,47,1,10.72
3661,9,1,167.68
3661,32,1,237.32
3662,66,3,56.83
3662,57,3,358.71
3662,88,1,209.19
3663,68,3,411.78
3663,2,1,83.54
3663,22,3,237.9
3663,92,3,161.07
3663,100,2,419.6
3664,100,2,419.6
3664,97,3,414.93
3664,64,1,487.53
3665,66,3,56.83
3666,28,3,108.33
3666,64,3,487.53
3666,88,3,209.19
3666,5,3,280.9
3666,57,1,358.71
3667,93,3,139.85
3667,2,3,83.54
3667,54,3,251.09
3667,17,1,97.88
3667,25,2,170.38
3668,29,2,286.27
3668,99,3,29.76
3668,40,1,13.13
3669,63,3,192.52
3669,40,2,13.13
3669,59,3,461.42
3669,1,3,197.66
3669,82,2,109.33
3670,16,1,451.95
3670,15,2,256.0
3670,91,3,111.74
3670,57,3,358.71
3671,75,2,164.35
3671,49,1,426.01
3671,31,2,315.13
3672,93,2,139.85
3672,7,1,372.93
3672,79,2,165.85
3673,81,3,46.6
3673,90,2,482.67
3674,23,3,148.33
3674,35,2,388.58
3674,2,1,83.54
3674,65,3,51.6
3675,8,1,215.49
3675,11,1,362.94
3675,92,2,161.07
3675,32,2,237.32
3676,58,3,55.58
3676,8,1,215.49
3676,9,3,167.68
3676,87,2,238.37
3677,60,1,449.67
3678,35,2,388.58
3679,74,2,137.89
3679,77,1,353.36
3679,21,3,43.77
3679,92,3,161.07
3679,6,3,457.83
3680,20,1,477.5
3681,32,1,237.32
3682,75,1,164.35
3682,83,1,392.17
3682,51,2,60.94
3682,5,2,280.9
3682,41,1,210.92
3683,61,1,264.68
3684,12,2,142.92
3684,62,1,353.41
3684,91,2,111.74
3685,45,1,439.83
3685,47,1,10.72
3685,39,1,130.11
3685,42,1,124.17
3686,47,2,10.72
3686,76,2,402.4
3686,10,3,213.97
3687,12,1,142.92
3687,45,1,439.83
3687,84,3,296.51
3687,53,1,126.7
3687,52,2,269.61
3688,30,2,158.92
3688,66,3,56.83
3689,66,1,56.83
3689,52,1,269.61
3689,43,2,179.75
3690,34,1,251.75
3690,27,2,13.9
3690,42,3,124.17
3691,9,3,167.68
3692,53,2,126.7
3693,51,2,60.94
3693,34,1,251.75
3694,84,3,296.51
3694,56,3,498.51
3694,79,2,165.85
3694,55,2,39.35
3695,81,2,46.6
3695,13,2,48.16
3695,27,1,13.9
3695,34,2,251.75
3695,9,2,167.68
3696,56,3,498.51
3696,36,2,105.76
3696,99,1,29.76
3696,75,2,164.35
3696,9,1,167.68
3697,3,3,466.27
3697,86,1,90.54
3697,34,3,251.75
3697,26,2,281.01
3697,45,1,439.83
3698,27,2,13.9
3698,77,3,353.36
3698,20,3,477.5
3698,92,2,161.07
3699,13,1,48.16
3699,100,2,419.6
3699,27,1,13.9
3700,5,2,280.9
3701,84,2,296.51
3701,75,1,164.35
3701,14,3,192.68
3701,23,2,148.33
3701,55,2,39.35
3702,94,3,68.76
3703,13,2,48.16
3703,74,1,137.89
3703,21,3,43.77
3703,83,1,392.17
3703,3,2,466.27
3704,31,3,315.13
3704,73,3,126.02
3705,85,2,86.15
3705,32,1,237.32
3706,75,3,164.35
3706,29,2,286.27
3706,18,2,404.13
3707,96,3,346.17
3707,16,1,451.95
3707,15,3,256.0
3707,89,2,272.6
3708,96,3,346.17
3708,14,1,192.68
3708,18,1,404.13
3708,66,1,56.83
3708,99,2,29.76
3709,31,3,315.13
3709,98,1,351.47
3710,28,2,108.33
3710,84,1,296.51
3710,80,2,143.26
3710,22,2,237.9
3710,35,3,388.58
3711,64,2,487.53
3712,16,2,451.95
3712,88,1,209.19
3712,92,2,161.07
3712,74,3,137.89
3713,13,2,48.16
3714,79,1,165.85
3714,20,1,477.5
3715,73,3,126.02
3715,16,1,451.95
3715,32,2,237.32
3716,11,1,362.94
3716,48,2,332.08
3717,22,2,237.9
3717,92,3,161.07
3717,97,1,414.93
3717,70,3,288.23
3718,46,1,475.99
3718,90,2,482.67
3718,82,3,109.33
3719,74,2,137.89
3720,35,2,388.58
3721,12,1,142.92
3721,97,3,414.93
3721,55,3,39.35
3721,71,3,223.14
3722,23,2,148.33
3722,10,2,213.97
3722,69,2,46.67
3722,84,3,296.51
3722,17,1,97.88
3723,52,1,269.61
3724,17,1,97.88
3724,77,3,353.36
3724,63,2,192.52
3724,1,3,197.66
3725,83,3,392.17
3725,90,3,482.67
3725,85,2,86.15
3726,19,1,490.89
3726,92,1,161.07
3727,18,1,404.13
3727,33,2,299.93
3728,58,3,55.58
3728,72,1,482.47
3729,66,2,56.83
3729,96,2,346.17
3729,11,1,362.94
3729,21,2,43.77
3730,18,2,404.13
3730,67,3,75.42
3730,100,2,419.6
3731,45,2,439.83
3731,79,2,165.85
3731,1,2,197.66
3731,36,3,105.76
3732,57,2,358.71
3733,28,1,108.33
3733,35,2,388.58
3733,10,2,213.97
3734,39,3,130.11
3734,86,2,90.54
3734,94,1,68.76
3734,5,2,280.9
3734,50,1,366.34
3735,75,3,164.35
3735,32,1,237.32
3736,39,3,130.11
3736,35,1,388.58
3736,85,2,86.15
3737,16,2,451.95
3737,74,2,137.89
3737,76,1,402.4
3738,84,2,296.51
3738,90,2,482.67
3738,78,2,370.32
3738,58,1,55.58
3738,62,3,353.41
3739,16,1,451.95
3739,96,2,346.17
3739,42,2,124.17
3739,86,1,90.54
3739,58,2,55.58
3740,14,3,192.68
3741,23,1,148.33
3741,24,3,423.97
3741,4,2,430.17
3741,39,2,130.11
3742,34,3,251.75
3743,71,2,223.14
3743,61,3,264.68
3743,22,2,237.9
3744,17,3,97.88
3744,55,3,39.35
3744,15,3,256.0
3744,45,1,439.83
3744,23,1,148.33
3745,97,1,414.93
3745,55,3,39.35
3745,71,1,223.14
3746,7,2,372.93
3746,66,3,56.83
3746,23,3,148.33
3746,3,1,466.27
3746,93,3,139.85
3747,66,1,56.83
3747,24,2,423.97
3747,22,1,237.9
3747,5,3,280.9
3747,75,1,164.35
3748,83,3,392.17
3749,36,2,105.76
3749,99,3,29.76
3749,19,2,490.89
3749,26,2,281.01
3749,82,3,109.33
3750,28,1,108.33
3751,63,3,192.52
3751,100,1,419.6
3752,75,1,164.35
3752,2,1,83.54
3752,22,3,237.9
3752,41,1,210.92
3752,12,1,142.92
3753,77,2,353.36
3753,72,3,482.47
3753,18,3,404.13
3753,47,3,10.72
3754,32,3,237.32
3754,43,2,179.75
3754,79,1,165.85
3754,89,1,272.6
3754,95,2,87.23
3755,30,1,158.92
3756,39,3,130.11
3756,7,1,372.93
3757,61,1,264.68
3757,83,2,392.17
3757,5,3,280.9
3757,2,1,83.54
3758,14,3,192.68
3758,45,2,439.83
3758,7,1,372.93
3758,49,2,426.01
3759,2,3,83.54
3759,65,2,51.6
3759,66,3,56.83
3759,72,1,482.47
3760,70,2,288.23
3761,46,1,475.99
3762,18,3,404.13
3762,83,2,392.17
3763,6,3,457.83
3763,3,3,466.27
3763,74,2,137.89
3763,75,3,164.35
3764,74,1,137.89
3764,36,2,105.76
3764,15,1,256.0
3765,75,2,164.35
3765,8,2,215.49
3765,31,3,315.13
3766,32,2,237.32
3766,61,3,264.68
3766,17,3,97.88
3766,90,3,482.67
3767,97,1,414.93
3768,41,3,210.92
3768,78,2,370.32
3769,36,1,105.76
3769,67,3,75.42
3769,89,1,272.6
3769,27,3,13.9
3769,35,3,388.58
3770,70,2,288.23
3770,85,1,86.15
3770,55,2,39.35
3770,81,2,46.6
3771,94,3,68.76
3771,73,2,126.02
3772,77,3,353.36
3772,98,2,351.47
3772,42,2,124.17
3772,63,3,192.52
3772,11,3,362.94
3773,7,3,372.93
3773,6,1,457.83
3773,60,3,449.67
3773,12,3,142.92
3774,30,2,158.92
3775,29,1,286.27
3775,52,2,269.61
3776,20,1,477.5
3776,15,2,256.0
3776,81,1,46.6
3776,61,2,264.68
3776,23,3,148.33
3777,48,2,332.08
3778,93,1,139.85
3778,70,1,288.23
3778,83,3,392.17
3778,56,3,498.51
3778,54,2,251.09
3779,70,1,288.23
3779,60,2,449.67
3780,9,2,167.68
3781,19,3,490.89
3781,15,3,256.0
3781,90,3,482.67
3782,79,3,165.85
3782,33,1,299.93
3782,77,3,353.36
3783,93,2,139.85
3783,91,2,111.74
3784,43,2,179.75
3784,16,3,451.95
3784,61,2,264.68
3784,27,2,13.9
3784,30,2,158.92
3785,16,2,451.95
3785,36,2,105.76
3785,29,1,286.27
3785,12,3,142.92
3785,28,1,108.33
3786,73,3,126.02
3787,15,1,256.0
3788,53,1,126.7
3789,22,1,237.9
3789,24,2,423.97
3789,36,2,105.76
3789,35,2,388.58
3789,31,3,315.13
3790,11,3,362.94
3790,86,3,90.54
3790,66,3,56.83
3791,16,3,451.95
3791,83,3,392.17
3791,75,2,164.35
3791,63,2,192.52
3791,65,1,51.6
3792,77,1,353.36
3792,15,2,256.0
3792,45,3,439.83
3792,37,3,451.22
3793,83,1,392.17
3794,47,2,10.72
3794,78,3,370.32
3794,92,3,161.07
3795,4,3,430.17
3795,37,2,451.22
3796,68,1,411.78
3797,9,2,167.68
3797,5,2,280.9
3797,1,3,197.66
3797,54,3,251.09
3797,76,1,402.4
3798,69,2,46.67
3798,90,2,482.67
3798,28,3,108.33
3798,25,1,170.38
3798,11,2,362.94
3799,37,1,451.22
3799,3,3,466.27
3799,98,1,351.47
3799,90,2,482.67
3800,1,3,197.66
3800,44,3,421.39
3800,73,1,126.02
3801,36,1,105.76
3801,3,2,466.27
3801,67,2,75.42
3801,15,1,256.0
3802,74,1,137.89
3803,80,1,143.26
3803,49,2,426.01
3803,48,3,332.08
3803,13,1,48.16
3804,70,2,288.23
3805,28,2,108.33
3805,93,3,139.85
3805,64,2,487.53
3806,89,3,272.6
3806,46,1,475.99
3806,92,3,161.07
3807,11,2,362.94
3807,68,3,411.78
3808,50,2,366.34
3808,94,3,68.76
3808,92,1,161.07
3808,43,2,179.75
3809,66,2,56.83
3809,14,3,192.68
3809,19,3,490.89
3809,99,3,29.76
3810,1,2,197.66
3811,49,1,426.01
3811,91,1,111.74
3811,81,1,46.6
3811,86,3,90.54
3811,31,2,315.13
3812,81,1,46.6
3813,63,3,192.52
3814,16,1,451.95
3814,60,3,449.67
3814,95,1,87.23
3814,55,2,39.35
3814,17,2,97.88
3815,70,3,288.23
3815,15,3,256.0
3815,11,3,362.94
3815,83,1,392.17
3815,95,1,87.23
3816,60,1,449.67
3816,54,3,251.09
3816,13,1,48.16
3816,47,2,10.72
3817,35,2,388.58
3817,40,2,13.13
3817,17,3,97.88
3817,34,1,251.75
3817,50,1,366.34
3818,85,3,86.15
3818,18,2,404.13
3818,45,2,439.83
3819,64,2,487.53
3819,12,2,142.92
3819,24,2,423.97
3820,70,3,288.23
3820,39,3,130.11
3820,57,2,358.71
3821,77,2,353.36
3822,33,3,299.93
3823,3,1,466.27
3823,9,3,167.68
3823,85,3,86.15
3823,91,1,111.74
3823,34,2,251.75
3824,83,3,392.17
3824,39,2,130.11
3824,40,1,13.13
3825,19,2,490.89
3825,15,1,256.0
3825,54,3,251.09
3826,59,3,461.42
3826,100,1,419.6
3826,95,2,87.23
3826,28,2,108.33
3826,75,2,164.35
3827,63,2,192.52
3827,46,3,475.99
3827,90,2,482.67
3827,20,1,477.5
3828,31,1,315.13
3829,62,1,353.41
3829,76,2,402.4
3829,64,2,487.53
3830,9,1,167.68
3830,14,2,192.68
3830,17,2,97.88
3830,36,3,105.76
3830,48,1,332.08
3831,29,3,286.27
3831,42,2,124.17
3831,6,3,457.83
3831,87,3,238.37
3832,14,3,192.68
3833,19,1,490.89
3833,59,2,461.42
3834,22,1,237.9
3834,27,2,13.9
3834,78,1,370.32
3834,83,2,392.17
3835,11,2,362.94
3836,23,3,148.33
3836,54,1,251.09
3836,44,1,421.39
3836,43,1,179.75
3837,13,2,48.16
3837,25,1,170.38
3837,43,2,179.75
3837,84,1,296.51
3838,86,3,90.54
3839,28,3,108.33
3839,26,1,281.01
3840,7,1,372.93
3841,88,2,209.19
3841,29,3,286.27
3841,6,2,457.83
3842,94,2,68.76
3842,40,1,13.13
3842,3,3,466.27
3842,100,3,419.6
3843,29,1,286.27
3843,30,2,158.92
3843,15,2,256.0
3844,90,2,482.67
3844,65,2,51.6
3844,29,1,286.27
3845,59,3,461.42
3845,44,2,421.39
3845,25,3,170.38
3845,88,1,209.19
3845,14,1,192.68
3846,37,2,451.22
3846,73,1,126.02
3846,20,3,477.5
3846,15,3,256.0
3847,33,1,299.93
3847,47,2,10.72
3847,67,2,75.42
3847,60,1,449.67
3848,27,1,13.9
3848,92,2,161.07
3848,7,3,372.93
3848,17,3,97.88
3848,21,3,43.77
3849,60,1,449.67
3850,66,1,56.83
3851,90,2,482.67
3852,63,1,192.52
3852,34,1,251.75
3852,87,2,238.37
3853,23,1,148.33
3854,70,3,288.23
3854,25,1,170.38
3854,89,2,272.6
3854,38,3,382.64
3854,2,3,83.54
3855,76,2,402.4
3856,90,3,482.67
3856,91,2,111.74
3856,44,2,421.39
3857,95,3,87.23
3857,50,2,366.34
3857,75,1,164.35
3857,97,2,414.93
3858,53,1,126.7
3858,58,1,55.58
3859,16,1,451.95
3859,96,2,346.17
3859,18,2,404.13
3859,6,3,457.83
3860,89,2,272.6
3860,35,2,388.58
3860,16,2,451.95
3860,81,2,46.6
3861,93,1,139.85
3861,23,1,148.33
3861,27,2,13.9
3861,1,1,197.66
3861,7,1,372.93
3862,58,2,55.58
3862,12,2,142.92
3863,30,3,158.92
3863,28,1,108.33
3863,85,3,86.15
3864,11,3,362.94
3864,77,2,353.36
3864,80,3,143.26
3865,9,1,167.68
3865,41,3,210.92
3866,57,1,358.71
3866,97,3,414.93
3867,28,2,108.33
3867,93,3,139.85
3867,8,2,215.49
3867,54,1,251.09
3867,61,1,264.68
3868,94,1,68.76
3869,98,1,351.47
3869,89,1,272.6
3869,32,1,237.32
3869,10,3,213.97
3870,4,3,430.17
3871,51,2,60.94
3871,5,1,280.9
3871,7,3,372.93
3872,40,3,13.13
3873,50,2,366.34
3873,54,3,251.09
3873,69,2,46.67
3874,3,1,466.27
3875,77,3,353.36
3875,46,1,475.99
3875,27,1,13.9
3875,61,2,264.68
3875,88,3,209.19
3876,30,1,158.92
3876,74,1,137.89
3876,24,2,423.97
3876,95,1,87.23
3876,77,1,353.36
3877,35,3,388.58
3877,68,1,411.78
3877,70,2,288.23
3878,77,2,353.36
3878,93,2,139.85
3878,91,2,111.74
3878,56,2,498.51
3879,40,2,13.13
3879,28,3,108.33
3879,74,1,137.89
3880,73,1,126.02
3880,13,1,48.16
3880,33,3,299.93
3880,55,2,39.35
3880,31,2,315.13
3881,34,2,251.75
3881,59,3,461.42
3882,10,2,213.97
3883,94,3,68.76
3884,87,3,238.37
3884,60,1,449.67
3884,70,3,288.23
3885,19,1,490.89
3885,21,3,43.77
3886,87,3,238.37
3886,35,2,388.58
3886,82,2,109.33
3887,86,2,90.54
3887,39,3,130.11
3887,69,2,46.67
3887,68,3,411.78
3888,39,3,130.11
3888,43,2,179.75
3888,11,1,362.94
3889,81,2,46.6
3890,18,1,404.13
3890,80,2,143.26
3890,96,1,346.17
3890,76,2,402.4
3891,62,1,353.41
3892,26,1,281.01
3892,75,2,164.35
3893,69,2,46.67
3893,17,2,97.88
3894,85,1,86.15
3894,51,1,60.94
3894,15,3,256.0
3895,46,3,475.99
3895,42,1,124.17
3895,34,2,251.75
3895,47,3,10.72
3895,95,3,87.23
3896,27,2,13.9
3897,2,2,83.54
3897,53,2,126.7
3898,8,3,215.49
3898,80,2,143.26
3899,4,2,430.17
3899,31,2,315.13
3899,79,3,165.85
3899,93,2,139.85
3899,28,1,108.33
3900,92,2,161.07
3901,28,3,108.33
3901,73,1,126.02
3901,15,3,256.0
3902,25,3,170.38
3902,71,1,223.14
3902,21,3,43.77
3902,67,3,75.42
3902,88,1,209.19
3903,2,3,83.54
3903,57,3,358.71
3903,31,2,315.13
3904,82,1,109.33
3904,42,2,124.17
3904,44,3,421.39
3904,2,1,83.54
3904,47,2,10.72
3905,88,1,209.19
3906,54,3,251.09
3906,18,2,404.13
3906,59,2,461.42
3907,21,2,43.77
3907,10,1,213.97
3907,61,3,264.68
3907,91,2,111.74
3908,40,3,13.13
3908,30,1,158.92
3909,35,2,388.58
3909,47,1,10.72
3909,53,3,126.7
3910,76,2,402.4
3910,78,1,370.32
3910,58,3,55.58
3911,9,2,167.68
3912,50,1,366.34
3912,96,3,346.17
3912,28,2,108.33
3913,42,1,124.17
3913,37,1,451.22
3913,43,1,179.75
3914,18,3,404.13
3914,10,3,213.97
3915,83,1,392.17
3915,65,1,51.6
3915,39,1,130.11
3915,72,1,482.47
3915,13,2,48.16
3916,32,3,237.32
3916,8,3,215.49
3916,71,1,223.14
3916,74,1,137.89
3916,67,3,75.42
3917,84,1,296.51
3917,24,3,423.97
3918,22,3,237.9
3919,9,2,167.68
3919,64,3,487.53
3919,55,2,39.35
3920,88,2,209.19
3921,26,2,281.01
3921,90,3,482.67
3921,71,2,223.14
3921,21,2,43.77
3921,22,2,237.9
3922,88,1,209.19
3923,77,3,353.36
3924,63,2,192.52
3924,29,3,286.27
3924,42,3,124.17
3924,89,2,272.6
3925,47,3,10.72
3925,86,2,90.54
3926,3,1,466.27
3926,94,2,68.76
3926,15,2,256.0
3926,19,1,490.89
3926,12,1,142.92
3927,21,2,43.77
3928,33,1,299.93
3928,88,2,209.19
3929,50,1,366.34
3929,55,2,39.35
3929,75,1,164.35
3930,61,2,264.68
3930,82,2,109.33
3930,43,1,179.75
3930,56,1,498.51
3931,35,3,388.58
3932,24,1,423.97
3932,16,3,451.95
3933,43,2,179.75
3933,97,1,414.93
3933,90,1,482.67
3934,48,1,332.08
3934,41,1,210.92
3934,30,2,158.92
3935,42,2,124.17
3935,46,3,475.99
3935,41,2,210.92
3935,1,2,197.66
3935,20,1,477.5
3936,67,2,75.42
3936,27,1,13.9
3936,94,2,68.76
3937,20,3,477.5
3937,72,2,482.47
3938,74,3,137.89
3938,26,3,281.01
3938,75,3,164.35
3938,20,3,477.5
3938,94,3,68.76
3939,50,1,366.34
3939,65,1,51.6
3939,75,1,164.35
3939,68,2,411.78
3940,99,3,29.76
3940,93,2,139.85
3940,24,2,423.97
3941,94,2,68.76
3941,26,1,281.01
3941,5,3,280.9
3942,96,1,346.17
3942,55,2,39.35
3943,56,1,498.51
3944,3,2,466.27
3944,59,2,461.42
3944,82,3,109.33
3944,21,1,43.77
3945,6,3,457.83
3946,7,3,372.93
3946,24,2,423.97
3946,84,1,296.51
3947,73,2,126.02
3947,79,2,165.85
3947,30,3,158.92
3947,78,3,370.32
3948,11,3,362.94
3948,7,1,372.93
3948,34,2,251.75
3948,66,3,56.83
3948,48,1,332.08
3949,34,3,251.75
3949,22,2,237.9
3949,38,3,382.64
3950,82,1,109.33
3950,6,2,457.83
3950,40,2,13.13
3951,34,1,251.75
3952,97,2,414.93
3952,67,1,75.42
3952,60,2,449.67
3952,63,3,192.52
3952,74,2,137.89
3953,76,1,402.4
3953,21,2,43.77
3953,18,3,404.13
3953,15,3,256.0
3953,83,1,392.17
3954,51,3,60.94
3955,37,2,451.22
3955,87,2,238.37
3955,2,3,83.54
3955,40,1,13.13
3955,90,1,482.67
3956,100,3,419.6
3957,40,1,13.13
3957,61,2,264.68
3957,100,1,419.6
3957,83,2,392.17
3957,77,3,353.36
3958,24,2,423.97
3958,99,2,29.76
3958,65,2,51.6
3958,39,2,130.11
3958,18,2,404.13
3959,56,2,498.51
3960,100,2,419.6
3960,57,2,358.71
3961,98,2,351.47
3961,57,1,358.71
3961,72,3,482.47
3961,44,2,421.39
3962,49,2,426.01
3963,51,3,60.94
3963,9,3,167.68
3964,13,2,48.16
3965,48,2,332.08
3965,76,1,402.4
3965,18,2,404.13
3965,40,3,13.13
3965,10,2,213.97
3966,63,2,192.52
3966,71,2,223.14
3966,21,3,43.77
3967,35,3,388.58
3967,94,1,68.76
3968,42,1,124.17
3968,12,1,142.92
3969,4,1,430.17
3970,67,3,75.42
3970,26,3,281.01
3970,89,1,272.6
3970,16,2,451.95
3970,35,1,388.58
3971,11,1,362.94
3972,6,3,457.83
3972,11,2,362.94
3973,60,3,449.67
3973,34,1,251.75
3973,90,2,482.67
3974,73,2,126.02
3974,56,1,498.51
3974,13,1,48.16
3974,76,3,402.4
3975,24,3,423.97
3976,23,2,148.33
3977,89,2,272.6
3977,69,2,46.67
3977,20,3,477.5
3978,66,1,56.83
3979,6,3,457.83
3979,75,3,164.35
3979,24,2,423.97
3979,60,2,449.67
3980,94,3,68.76
3980,25,2,170.38
3980,53,1,126.7
3981,36,2,105.76
3981,23,3,148.33
3981,87,2,238.37
3982,23,2,148.33
3983,14,2,192.68
3983,81,2,46.6
3983,41,2,210.92
3983,85,3,86.15
3983,38,3,382.64
3984,1,3,197.66
3984,62,1,353.41
3985,59,1,461.42
3985,20,3,477.5
3985,17,1,97.88
3985,97,3,414.93
3985,100,3,419.6
3986,4,1,430.17
3986,66,1,56.83
3986,53,2,126.7
3986,89,3,272.6
3987,45,2,439.83
3987,30,2,158.92
3987,75,1,164.35
3988,23,1,148.33
3988,73,3,126.02
3988,84,3,296.51
3988,3,2,466.27
3988,89,2,272.6
3989,65,2,51.6
3989,6,1,457.83
3989,18,1,404.13
3989,72,2,482.47
3989,39,3,130.11
3990,54,1,251.09
3990,89,3,272.6
3991,71,2,223.14
3991,92,1,161.07
3991,36,3,105.76
3991,80,3,143.26
3992,59,2,461.42
3992,77,2,353.36
3992,8,2,215.49
3993,11,2,362.94
3993,45,3,439.83
3993,31,3,315.13
3994,52,1,269.61
3994,82,2,109.33
3995,70,1,288.23
3996,88,1,209.19
3996,67,1,75.42
3997,2,3,83.54
3998,77,3,353.36
3998,61,1,264.68
3999,82,1,109.33
3999,62,3,353.41
3999,94,2,68.76
3999,71,2,223.14
4000,81,1,46.6
4000,41,3,210.92
4000,26,1,281.01
4001,24,1,423.97
4001,22,1,237.9
4002,71,1,223.14
4002,14,2,192.68
4002,52,3,269.61
4002,80,1,143.26
4002,3,1,466.27
4003,30,2,158.92
4003,22,1,237.9
4004,40,1,13.13
4004,34,2,251.75
4005,99,2,29.76
4006,67,1,75.42
4007,68,3,411.78
4007,83,3,392.17
4007,86,3,90.54
4007,11,3,362.94
4007,33,2,299.93
4008,86,1,90.54
4008,22,1,237.9
4008,28,3,108.33
4008,88,3,209.19
4008,25,2,170.38
4009,97,3,414.93
4009,51,3,60.94
4009,16,2,451.95
4009,78,1,370.32
4010,66,3,56.83
4011,99,3,29.76
4012,26,3,281.01
4012,19,1,490.89
4012,15,2,256.0
4012,31,3,315.13
4013,92,1,161.07
4013,88,2,209.19
4013,23,2,148.33
4014,39,1,130.11
4014,33,1,299.93
4014,58,2,55.58
4015,92,1,161.07
4016,67,3,75.42
4016,79,3,165.85
4016,88,2,209.19
4017,99,1,29.76
4017,33,3,299.93
4017,22,2,237.9
4018,88,2,209.19
4018,58,2,55.58
4018,26,3,281.01
4018,5,2,280.9
4018,28,3,108.33
4019,68,1,411.78
4020,35,1,388.58
4020,29,1,286.27
4020,19,2,490.89
4020,94,3,68.76
4021,83,3,392.17
4022,1,2,197.66
4022,82,2,109.33
4023,56,3,498.51
4023,96,2,346.17
4024,98,3,351.47
4024,47,3,10.72
4024,65,2,51.6
4024,46,2,475.99
4025,94,3,68.76
4026,60,1,449.67
4026,30,2,158.92
4026,29,1,286.27
4027,28,1,108.33
4027,64,1,487.53
4027,99,3,29.76
4027,76,3,402.4
4027,5,3,280.9
4028,38,3,382.64
4028,87,3,238.37
4028,8,2,215.49
4028,42,3,124.17
4028,56,2,498.51
4029,98,2,351.47
4029,14,3,192.68
4029,79,3,165.85
4029,22,1,237.9
4030,96,1,346.17
4030,87,2,238.37
4031,81,1,46.6
4031,52,3,269.61
4031,20,3,477.5
4031,36,2,105.76
4031,70,1,288.23
4032,34,1,251.75
4032,85,2,86.15
4033,55,3,39.35
4033,15,1,256.0
4033,58,2,55.58
4034,7,2,372.93
4034,11,3,362.94
4035,9,1,167.68
4036,42,2,124.17
4036,82,2,109.33
4036,43,2,179.75
4036,89,2,272.6
4037,32,2,237.32
4037,48,2,332.08
4037,15,3,256.0
4037,6,2,457.83
4038,34,3,251.75
4038,89,3,272.6
4038,78,3,370.32
4039,91,2,111.74
4040,90,2,482.67
4041,81,3,46.6
4041,63,3,192.52
4041,67,1,75.42
4041,95,1,87.23
4042,22,2,237.9
4043,18,1,404.13
4043,29,3,286.27
4043,87,1,238.37
4043,94,1,68.76
4043,1,2,197.66
4044,69,2,46.67
4045,100,2,419.6
4046,88,3,209.19
4046,3,3,466.27
4046,26,1,281.01
4047,100,1,419.6
4048,2,1,83.54
4048,25,1,170.38
4048,97,1,414.93
4048,48,2,332.08
4048,35,3,388.58
4049,14,3,192.68
4049,20,3,477.5
4050,89,2,272.6
4050,4,3,430.17
4050,100,3,419.6
4051,14,3,192.68
4051,99,2,29.76
4051,79,3,165.85
4051,70,3,288.23
4051,64,2,487.53
4052,18,1,404.13
4052,89,3,272.6
4053,18,3,404.13
4053,62,1,353.41
4053,68,3,411.78
4053,5,1,280.9
4053,80,3,143.26
4054,70,3,288.23
4054,51,1,60.94
4054,27,2,13.9
4054,74,1,137.89
4054,13,1,48.16
4055,55,2,39.35
4055,59,1,461.42
4055,72,1,482.47
4056,70,2,288.23
4056,9,3,167.68
4057,74,2,137.89
4058,51,2,60.94
4058,62,3,353.41
4058,6,3,457.83
4058,60,3,449.67
4058,84,3,296.51
4059,33,1,299.93
4059,35,1,388.58
4059,36,3,105.76
4059,76,2,402.4
4060,6,1,457.83
4061,34,2,251.75
4061,86,1,90.54
4061,22,2,237.9
4062,59,3,461.42
4062,30,1,158.92
4062,2,3,83.54
4063,68,2,411.78
4064,44,2,421.39
4064,65,1,51.6
4065,3,1,466.27
4065,17,3,97.88
4066,24,1,423.97
4066,63,1,192.52
4066,89,3,272.6
4066,48,2,332.08
4067,63,3,192.52
4067,100,3,419.6
4068,31,1,315.13
4068,9,3,167.68
4069,29,3,286.27
4069,37,2,451.22
4069,9,2,167.68
4070,70,2,288.23
4070,21,2,43.77
4071,97,1,414.93
4071,47,2,10.72
4071,75,2,164.35
4071,57,2,358.71
4072,84,3,296.51
4073,90,1,482.67
4073,36,3,105.76
4073,53,2,126.7
4073,4,2,430.17
4073,46,3,475.99
4074,82,1,109.33
4074,57,3,358.71
4074,37,2,451.22
4075,30,2,158.92
4075,34,3,251.75
4075,89,3,272.6
4075,83,3,392.17
4075,69,2,46.67
4076,55,3,39.35
4077,97,3,414.93
4077,52,1,269.61
4077,21,3,43.77
4078,98,2,351.47
4079,97,1,414.93
4079,25,2,170.38
4079,50,1,366.34
4079,99,3,29.76
4080,70,1,288.23
4081,2,1,83.54
4082,62,3,353.41
4083,70,1,288.23
4083,31,3,315.13
4083,15,2,256.0
4083,67,1,75.42
4084,82,3,109.33
4084,33,2,299.93
4084,10,3,213.97
4084,76,3,402.4
4085,27,1,13.9
4086,41,3,210.92
4086,8,3,215.49
4087,80,1,143.26
4088,80,1,143.26
4088,87,1,238.37
4089,34,2,251.75
4089,84,3,296.51
4089,38,3,382.64
4089,48,2,332.08
4090,99,1,29.76
4090,37,2,451.22
4090,62,3,353.41
4091,91,2,111.74
4091,77,2,353.36
4091,23,3,148.33
4091,38,3,382.64
4092,10,2,213.97
4092,59,2,461.42
4092,40,3,13.13
4092,4,2,430.17
4093,73,2,126.02
4093,99,1,29.76
4093,74,1,137.89
4093,96,3,346.17
4094,16,3,451.95
4094,28,3,108.33
4094,61,1,264.68
4094,55,1,39.35
4095,49,2,426.01
4095,11,3,362.94
4095,72,3,482.47
4095,17,1,97.88
4096,70,2,288.23
4097,99,1,29.76
4097,64,1,487.53
4097,73,3,126.02
4097,4,1,430.17
4097,77,1,353.36
4098,21,2,43.77
4099,41,3,210.92
4099,92,1,161.07
4100,56,1,498.51
4100,62,1,353.41
4100,10,2,213.97
4101,22,2,237.9
4101,91,3,111.74
4102,78,1,370.32
4103,41,1,210.92
4103,54,3,251.09
4104,38,3,382.64
4104,30,1,158.92
4104,63,3,192.52
4105,65,1,51.6
4105,33,3,299.93
4106,22,2,237.9
4107,8,2,215.49
4107,6,1,457.83
4108,6,1,457.83
4108,73,3,126.02
4109,65,3,51.6
4109,98,1,351.47
4110,38,3,382.64
4110,62,2,353.41
4111,56,1,498.51
4111,85,1,86.15
4111,60,1,449.67
4111,66,1,56.83
4112,22,1,237.9
4112,77,3,353.36
4112,96,3,346.17
4112,35,1,388.58
4113,45,2,439.83
4113,11,3,362.94
4113,28,3,108.33
4113,63,2,192.52
4114,15,3,256.0
4114,39,3,130.11
4114,95,3,87.23
4114,84,2,296.51
4114,14,2,192.68
4115,79,1,165.85
4115,13,3,48.16
4115,72,1,482.47
4115,38,1,382.64
4115,42,3,124.17
4116,80,2,143.26
4116,96,1,346.17
4116,55,3,39.35
4117,12,1,142.92
4117,73,2,126.02
4117,34,2,251.75
4118,38,3,382.64
4118,97,1,414.93
4118,88,3,209.19
4118,45,2,439.83
4118,82,1,109.33
4119,7,2,372.93
4120,23,3,148.33
4120,71,3,223.14
4120,58,3,55.58
4121,22,3,237.9
4121,18,3,404.13
4121,44,3,421.39
4121,61,2,264.68
4122,17,1,97.88
4123,79,1,165.85
4123,32,3,237.32
4123,92,1,161.07
4124,61,2,264.68
4124,22,2,237.9
4125,87,2,238.37
4125,100,2,419.6
4125,73,3,126.02
4126,32,3,237.32
4127,58,3,55.58
4128,70,2,288.23
4128,17,2,97.88
4128,43,2,179.75
4129,20,2,477.5
4129,31,3,315.13
4129,80,2,143.26
4129,49,3,426.01
4130,73,2,126.02
4130,2,2,83.54
4131,53,1,126.7
4132,1,2,197.66
4132,52,3,269.61
4132,55,2,39.35
4132,24,1,423.97
4132,97,3,414.93
4133,5,1,280.9
4133,59,1,461.42
4133,27,3,13.9
4133,60,3,449.67
4133,93,1,139.85
4134,50,1,366.34
4134,36,2,105.76
4134,69,1,46.67
4134,2,2,83.54
4135,39,3,130.11
4135,33,3,299.93
4135,4,1,430.17
4136,11,1,362.94
4136,79,3,165.85
4136,47,2,10.72
4136,49,3,426.01
4136,43,3,179.75
4137,72,3,482.47
4137,39,2,130.11
4137,10,3,213.97
4138,17,1,97.88
4138,69,2,46.67
4139,5,1,280.9
4139,91,2,111.74
4139,18,1,404.13
4139,76,1,402.4
4140,99,2,29.76
4140,39,1,130.11
4140,66,2,56.83
4140,82,3,109.33
4141,70,1,288.23
4141,95,2,87.23
4142,33,3,299.93
4142,51,2,60.94
4142,5,1,280.9
4142,61,2,264.68
4142,1,3,197.66
4143,63,2,192.52
4144,25,1,170.38
4144,11,1,362.94
4144,57,3,358.71
4144,21,3,43.77
4144,55,2,39.35
4145,51,1,60.94
4145,26,2,281.01
4145,83,2,392.17
4146,51,2,60.94
4146,14,1,192.68
4146,99,3,29.76
4146,23,3,148.33
4146,54,3,251.09
4147,78,2,370.32
4147,63,1,192.52
4147,47,2,10.72
4147,43,3,179.75
4147,65,3,51.6
4148,69,3,46.67
4148,66,2,56.83
4148,11,3,362.94
4148,55,3,39.35
4149,80,2,143.26
4150,10,3,213.97
4150,14,3,192.68
4150,74,3,137.89
4151,37,2,451.22
4151,83,1,392.17
4151,39,1,130.11
4151,91,1,111.74
4152,82,2,109.33
4152,58,2,55.58
4152,66,2,56.83
4152,98,2,351.47
4153,62,1,353.41
4153,88,2,209.19
4153,60,1,449.67
4154,99,3,29.76
4154,82,3,109.33
4154,44,3,421.39
4154,95,1,87.23
4154,71,2,223.14
4155,48,1,332.08
4155,54,1,251.09
4155,37,2,451.22
4155,97,3,414.93
4155,93,2,139.85
4156,11,2,362.94
4156,10,2,213.97
4156,93,2,139.85
4157,61,1,264.68
4157,59,1,461.42
4158,50,3,366.34
4158,21,3,43.77
4158,52,3,269.61
4159,70,1,288.23
4160,17,1,97.88
4160,58,1,55.58
4160,76,1,402.4
4161,42,2,124.17
4161,33,3,299.93
4161,51,2,60.94
4161,31,3,315.13
4161,14,2,192.68
4162,52,3,269.61
4163,82,1,109.33
4163,40,1,13.13
4163,73,1,126.02
4163,100,2,419.6
4164,43,1,179.75
4164,89,3,272.6
4164,69,3,46.67
4165,93,1,139.85
4165,29,3,286.27
4166,34,3,251.75
4167,84,2,296.51
4167,20,2,477.5
4168,42,3,124.17
4168,74,1,137.89
4168,88,3,209.19
4168,22,1,237.9
4168,65,2,51.6
4169,56,2,498.51
4169,42,3,124.17
4169,27,2,13.9
4169,34,3,251.75
4170,5,3,280.9
4171,3,1,466.27
4172,11,1,362.94
4172,1,3,197.66
4172,6,2,457.83
4172,3,2,466.27
4172,27,2,13.9
4173,60,3,449.67
4174,66,3,56.83
4175,52,3,269.61
4175,33,3,299.93
4175,40,1,13.13
4175,89,2,272.6
4175,80,1,143.26
4176,89,2,272.6
4176,63,1,192.52
4176,100,1,419.6
4176,53,3,126.7
4177,98,1,351.47
4177,38,1,382.64
4177,21,1,43.77
4177,46,3,475.99
4177,8,1,215.49
4178,26,2,281.01
4178,48,3,332.08
4178,59,1,461.42
4179,10,3,213.97
4179,76,2,402.4
4179,60,1,449.67
4179,51,2,60.94
4180,37,3,451.22
4180,18,1,404.13
4181,68,1,411.78
4181,4,3,430.17
4182,98,2,351.47
4183,15,2,256.0
4184,97,1,414.93
4184,38,3,382.64
4184,40,1,13.13
4184,51,2,60.94
4185,49,3,426.01
4185,34,2,251.75
4185,74,1,137.89
4185,15,2,256.0
4185,63,3,192.52
4186,13,1,48.16
4186,17,1,97.88
4187,41,3,210.92
4188,35,2,388.58
4188,77,2,353.36
4189,14,2,192.68
4189,63,1,192.52
4190,97,3,414.93
4191,58,1,55.58
4191,45,2,439.83
4192,49,2,426.01
4193,94,3,68.76
4193,95,3,87.23
4193,53,3,126.7
4193,89,3,272.6
4193,50,1,366.34
4194,79,2,165.85
4194,92,3,161.07
4195,83,2,392.17
4195,17,3,97.88
4196,5,3,280.9
4196,21,3,43.77
4196,68,2,411.78
4196,38,1,382.64
4197,47,3,10.72
4197,46,1,475.99
4197,84,1,296.51
4198,9,3,167.68
4198,85,3,86.15
4199,11,3,362.94
4199,34,2,251.75
4199,87,1,238.37
4199,76,2,402.4
4199,92,1,161.07
4200,74,1,137.89
4200,47,1,10.72
4200,31,3,315.13
4201,47,2,10.72
4201,35,1,388.58
4201,73,2,126.02
4201,94,3,68.76
4202,33,3,299.93
4202,47,3,10.72
4202,87,3,238.37
4203,34,2,251.75
4204,99,1,29.76
4204,10,1,213.97
4205,82,1,109.33
4206,70,2,288.23
4206,86,1,90.54
4206,61,1,264.68
4206,1,3,197.66
4206,81,3,46.6
4207,3,1,466.27
4207,37,1,451.22
4207,17,1,97.88
4207,9,1,167.68
4208,53,3,126.7
4208,70,2,288.23
4208,63,2,192.52
4209,11,1,362.94
4209,6,3,457.83
4210,71,2,223.14
4210,56,1,498.51
4210,41,2,210.92
4211,91,2,111.74
4211,56,1,498.51
4211,67,1,75.42
4212,80,3,143.26
4212,8,3,215.49
4213,35,2,388.58
4213,37,1,451.22
4213,13,1,48.16
4214,49,3,426.01
4214,64,3,487.53
4214,28,1,108.33
4215,28,3,108.33
4215,90,1,482.67
4215,83,2,392.17
4215,53,1,126.7
4215,97,2,414.93
4216,87,2,238.37
4216,67,1,75.42
4216,83,3,392.17
4217,43,3,179.75
4217,98,3,351.47
4218,72,3,482.47
4218,81,3,46.6
4219,11,3,362.94
4219,60,1,449.67
4219,47,1,10.72
4220,60,1,449.67
4220,62,2,353.41
4220,3,3,466.27
4221,90,3,482.67
4221,1,2,197.66
4222,17,2,97.88
4222,60,2,449.67
4222,32,1,237.32
4222,22,3,237.9
4223,59,2,461.42
4223,94,1,68.76
4224,30,1,158.92
4224,20,1,477.5
4224,90,2,482.67
4224,51,1,60.94
4224,98,2,351.47
4225,39,1,130.11
4225,68,2,411.78
4226,96,3,346.17
4226,88,1,209.19
4227,1,2,197.66
4227,10,2,213.97
4228,55,1,39.35
4228,62,1,353.41
4228,47,3,10.72
4229,78,2,370.32
4230,11,3,362.94
4230,70,1,288.23
4230,41,1,210.92
4231,75,1,164.35
4231,64,1,487.53
4232,89,1,272.6
4233,97,1,414.93
4233,35,1,388.58
4233,28,2,108.33
4234,75,3,164.35
4235,75,3,164.35
4236,33,3,299.93
4236,6,3,457.83
4237,90,3,482.67
4237,3,2,466.27
4237,8,2,215.49
4237,94,3,68.76
4238,86,2,90.54
4238,68,2,411.78
4238,51,3,60.94
4239,20,1,477.5
4239,21,2,43.77
4239,45,2,439.83
4240,67,2,75.42
4240,46,3,475.99
4240,60,2,449.67
4240,43,2,179.75
4241,19,2,490.89
4241,75,2,164.35
4241,23,2,148.33
4242,12,3,142.92
4243,19,1,490.89
4243,47,3,10.72
4244,57,1,358.71
4244,40,1,13.13
4244,79,1,165.85
4244,36,1,105.76
4245,50,1,366.34
4245,8,1,215.49
4245,79,3,165.85
4245,46,1,475.99
4246,78,1,370.32
4246,71,3,223.14
4246,58,2,55.58
4247,96,3,346.17
4247,3,3,466.27
4248,86,2,90.54
4248,41,2,210.92
4249,80,2,143.26
4249,29,1,286.27
4249,16,2,451.95
4249,23,3,148.33
4250,67,3,75.42
4250,50,1,366.34
4251,19,2,490.89
4251,97,2,414.93
4251,30,3,158.92
4251,9,2,167.68
4252,28,2,108.33
4252,94,1,68.76
4253,62,2,353.41
4253,60,1,449.67
4253,84,1,296.51
4254,41,1,210.92
4254,69,2,46.67
4254,46,2,475.99
4254,66,2,56.83
4255,81,3,46.6
4255,50,1,366.34
4255,80,2,143.26
4256,73,3,126.02
4256,63,1,192.52
4256,29,3,286.27
4256,82,2,109.33
4256,4,3,430.17
4257,68,3,411.78
4257,14,3,192.68
4257,35,3,388.58
4258,82,3,109.33
4258,17,3,97.88
4258,73,1,126.02
4259,69,3,46.67
4259,60,1,449.67
4259,53,2,126.7
4259,15,2,256.0
4260,41,2,210.92
4261,13,3,48.16
4262,99,1,29.76
4262,46,1,475.99
4262,47,2,10.72
4263,77,1,353.36
4263,81,3,46.6
4263,70,3,288.23
4264,97,1,414.93
4264,78,2,370.32
4264,49,3,426.01
4264,14,3,192.68
4265,4,3,430.17
4265,9,2,167.68
4265,63,1,192.52
4265,10,3,213.97
4265,94,2,68.76
4266,11,3,362.94
4267,54,1,251.09
4267,65,3,51.6
4268,46,2,475.99
4269,83,1,392.17
4269,34,1,251.75
4270,7,1,372.93
4270,48,2,332.08
4270,82,3,109.33
4270,9,2,167.68
4271,79,1,165.85
4271,2,2,83.54
4271,44,1,421.39
4271,35,2,388.58
4272,17,2,97.88
4272,95,3,87.23
4272,100,2,419.6
4272,9,1,167.68
4272,78,3,370.32
4273,89,1,272.6
4274,23,3,148.33
4274,64,1,487.53
4275,90,2,482.67
4276,17,2,97.88
4276,44,2,421.39
4277,18,1,404.13
4277,16,2,451.95
4277,24,3,423.97
4277,31,3,315.13
4277,5,3,280.9
4278,42,2,124.17
4279,27,1,13.9
4279,11,1,362.94
4279,57,3,358.71
4280,83,3,392.17
4281,51,1,60.94
4281,27,1,13.9
4281,99,3,29.76
4282,98,3,351.47
4282,94,1,68.76
4282,59,3,461.42
4282,3,3,466.27
4283,69,3,46.67
4283,27,2,13.9
4283,45,2,439.83
4283,3,2,466.27
4284,80,3,143.26
4284,25,1,170.38
4284,14,1,192.68
4285,20,2,477.5
4286,57,3,358.71
4286,1,2,197.66
4286,74,1,137.89
4287,14,3,192.68
4287,31,1,315.13
4287,46,2,475.99
4288,89,2,272.6
4288,1,2,197.66
4288,58,2,55.58
4289,84,3,296.51
4290,89,2,272.6
4290,17,1,97.88
4290,81,2,46.6
4290,76,3,402.4
4291,25,1,170.38
4292,43,3,179.75
4292,30,2,158.92
4292,97,3,414.93
4293,100,2,419.6
4294,100,2,419.6
4294,3,3,466.27
4295,94,3,68.76
4295,45,2,439.83
4295,86,2,90.54
4296,39,2,130.11
4296,7,3,372.93
4296,23,2,148.33
4296,17,2,97.88
4296,21,3,43.77
4297,17,1,97.88
4298,7,1,372.93
4298,55,2,39.35
4298,97,1,414.93
4298,56,2,498.51
4298,63,3,192.52
4299,97,3,414.93
4299,94,2,68.76
4300,35,3,388.58
4300,45,3,439.83
4300,16,1,451.95
4301,57,1,358.71
4301,63,1,192.52
4301,39,3,130.11
4301,83,1,392.17
4302,25,2,170.38
4302,2,2,83.54
4302,54,1,251.09
4302,27,3,13.9
4302,93,2,139.85
4303,3,3,466.27
4304,33,2,299.93
4304,22,2,237.9
4304,43,1,179.75
4304,57,1,358.71
4304,94,2,68.76
4305,44,3,421.39
4305,27,2,13.9
4306,59,3,461.42
4306,17,3,97.88
4306,40,3,13.13
4306,67,3,75.42
4306,54,3,251.09
4307,22,2,237.9
4307,21,1,43.77
4308,4,2,430.17
4308,24,2,423.97
4308,58,3,55.58
4309,82,1,109.33
4309,75,3,164.35
4309,1,2,197.66
4309,25,2,170.38
4310,29,2,286.27
4311,44,3,421.39
4312,88,2,209.19
4312,92,1,161.07
4312,63,1,192.52
4312,94,1,68.76
4313,88,3,209.19
4314,93,1,139.85
4314,6,3,457.83
4315,2,1,83.54
4315,82,3,109.33
4315,20,2,477.5
4316,7,1,372.93
4316,25,3,170.38
4317,62,2,353.41
4317,82,1,109.33
4317,27,2,13.9
4317,71,1,223.14
4317,39,1,130.11
4318,13,3,48.16
4318,41,3,210.92
4319,31,2,315.13
4319,70,2,288.23
4319,26,3,281.01
4319,52,2,269.61
4320,53,3,126.7
4320,44,2,421.39
4321,39,2,130.11
4321,79,3,165.85
4321,10,3,213.97
4321,78,2,370.32
4321,74,3,137.89
4322,29,3,286.27
4323,38,2,382.64
4323,41,1,210.92
4323,93,3,139.85
4324,77,2,353.36
4324,50,2,366.34
4325,63,3,192.52
4325,41,2,210.92
4326,70,1,288.23
4326,27,3,13.9
4327,68,2,411.78
4327,85,1,86.15
4327,51,1,60.94
4327,14,2,192.68
4327,54,1,251.09
4328,5,2,280.9
4328,78,3,370.32
4328,11,1,362.94
4328,13,2,48.16
4328,44,3,421.39
4329,38,2,382.64
4329,78,2,370.32
4330,97,2,414.93
4331,86,1,90.54
4331,74,3,137.89
4331,15,3,256.0
4332,5,3,280.9
4332,55,2,39.35
4332,48,2,332.08
4333,46,2,475.99
4333,13,3,48.16
4333,24,3,423.97
4333,55,3,39.35
4334,77,2,353.36
4334,3,1,466.27
4334,59,2,461.42
4335,26,3,281.01
4336,34,2,251.75
4336,47,1,10.72
4337,28,2,108.33
4337,29,2,286.27
4337,39,2,130.11
4337,86,1,90.54
4337,77,2,353.36
4338,20,2,477.5
4338,91,2,111.74
4338,28,2,108.33
4338,7,1,372.93
4338,77,2,353.36
4339,55,3,39.35
4339,58,2,55.58
4339,53,1,126.7
4339,95,1,87.23
4339,47,2,10.72
4340,71,2,223.14
4340,88,2,209.19
4340,28,1,108.33
4340,30,2,158.92
4340,100,2,419.6
4341,75,1,164.35
4341,50,3,366.34
4341,94,3,68.76
4341,95,1,87.23
4342,87,1,238.37
4342,22,2,237.9
4342,79,3,165.85
4343,29,3,286.27
4343,61,3,264.68
4343,28,3,108.33
4343,97,1,414.93
4343,44,3,421.39
4344,67,1,75.42
4345,98,3,351.47
4346,90,2,482.67
4347,54,2,251.09
4347,58,3,55.58
4347,89,2,272.6
4347,34,3,251.75
4347,100,2,419.6
4348,17,2,97.88
4348,1,1,197.66
4349,12,2,142.92
4349,13,1,48.16
4349,52,3,269.61
4349,79,3,165.85
4349,33,1,299.93
4350,97,1,414.93
4350,78,3,370.32
4350,64,3,487.53
4350,86,2,90.54
4351,92,1,161.07
4352,30,3,158.92
4352,93,3,139.85
4352,74,2,137.89
4353,3,2,466.27
4353,45,1,439.83
4353,97,3,414.93
4354,75,3,164.35
4355,39,3,130.11
4355,92,2,161.07
4355,90,3,482.67
4355,78,1,370.32
4355,69,1,46.67
4356,37,2,451.22
4356,22,1,237.9
4356,50,1,366.34
4356,11,2,362.94
4357,4,1,430.17
4357,38,1,382.64
4357,46,1,475.99
4358,88,1,209.19
4358,43,3,179.75
4358,65,2,51.6
4358,73,1,126.02
4358,83,3,392.17
4359,7,3,372.93
4360,45,3,439.83
4360,58,2,55.58
4361,12,3,142.92
4361,72,1,482.47
4362,4,2,430.17
4363,23,1,148.33
4363,33,1,299.93
4363,52,3,269.61
4363,5,3,280.9
4363,98,2,351.47
4364,86,3,90.54
4364,84,3,296.51
4364,73,3,126.02
4365,23,1,148.33
4365,52,3,269.61
4365,100,2,419.6
4365,30,1,158.92
4366,10,1,213.97
4366,2,2,83.54
4366,71,3,223.14
4366,56,1,498.51
4366,57,3,358.71
4367,46,1,475.99
4367,88,2,209.19
4367,58,2,55.58
4367,77,3,353.36
4367,3,1,466.27
4368,35,3,388.58
4368,20,1,477.5
4368,96,1,346.17
4368,84,2,296.51
4369,65,3,51.6
4369,36,3,105.76
4369,69,1,46.67
4369,63,3,192.52
4369,51,3,60.94
4370,37,2,451.22
4370,98,1,351.47
4370,67,1,75.42
4370,89,1,272.6
4371,31,3,315.13
4371,37,2,451.22
4372,45,3,439.83
4373,97,1,414.93
4373,64,3,487.53
4374,19,1,490.89
4374,60,2,449.67
4374,29,2,286.27
4374,43,3,179.75
4375,49,1,426.01
4375,12,1,142.92
4376,69,2,46.67
4376,61,1,264.68
4376,8,2,215.49
4376,91,1,111.74
4376,42,3,124.17
4377,36,3,105.76
4377,64,2,487.53
4377,94,1,68.76
4377,48,3,332.08
4377,39,1,130.11
4378,56,2,498.51
4378,33,3,299.93
4378,53,3,126.7
4378,16,2,451.95
4378,35,3,388.58
4379,66,2,56.83
4379,81,2,46.6
4380,16,2,451.95
4381,65,2,51.6
4381,44,2,421.39
4381,71,2,223.14
4381,98,3,351.47
4382,43,3,179.75
4382,30,2,158.92
4382,94,2,68.76
4382,18,1,404.13
4382,40,3,13.13
4383,6,3,457.83
4383,30,2,158.92
4384,79,3,165.85
4385,27,1,13.9
4385,17,3,97.88
4385,49,3,426.01
4385,94,3,68.76
4385,3,2,466.27
4386,81,2,46.6
4387,83,1,392.17
4387,37,2,451.22
4387,17,3,97.88
4387,95,1,87.23
4388,95,1,87.23
4388,68,2,411.78
4388,2,1,83.54
4388,87,2,238.37
4389,71,2,223.14
4390,69,2,46.67
4390,70,2,288.23
4390,3,2,466.27
4391,89,1,272.6
4392,33,2,299.93
4393,39,2,130.11
4393,42,2,124.17
4393,49,2,426.01
4394,89,3,272.6
4394,50,1,366.34
4395,25,1,170.38
4395,91,1,111.74
4395,71,3,223.14
4395,86,1,90.54
4396,23,1,148.33
4396,27,2,13.9
4397,13,1,48.16
4397,8,2,215.49
4398,96,2,346.17
4398,74,3,137.89
4398,71,3,223.14
4398,24,2,423.97
4398,4,3,430.17
4399,64,1,487.53
4399,93,1,139.85
4400,30,2,158.92
4400,26,2,281.01
4401,96,2,346.17
4401,28,3,108.33
4401,95,3,87.23
4401,64,2,487.53
4401,81,3,46.6
4402,11,1,362.94
4403,17,1,97.88
4403,76,1,402.4
4403,88,1,209.19
4403,80,1,143.26
4403,20,2,477.5
4404,96,2,346.17
4405,61,1,264.68
4405,35,3,388.58
4405,92,3,161.07
4406,7,3,372.93
4406,93,2,139.85
4406,61,3,264.68
4407,11,1,362.94
4408,20,3,477.5
4408,69,2,46.67
4408,18,3,404.13
4408,26,2,281.01
4408,53,3,126.7
4409,70,2,288.23
4409,19,3,490.89
4410,12,3,142.92
4410,31,1,315.13
4411,92,3,161.07
4412,32,1,237.32
4412,72,1,482.47
4413,96,3,346.17
4413,59,2,461.42
4413,99,1,29.76
4413,26,2,281.01
4414,37,2,451.22
4415,10,2,213.97
4415,78,1,370.32
4415,37,3,451.22
4415,47,3,10.72
4416,69,1,46.67
4416,14,3,192.68
4416,65,1,51.6
4417,51,3,60.94
4418,78,1,370.32
4418,37,1,451.22
4418,85,1,86.15
4418,20,1,477.5
4418,75,3,164.35
4419,63,2,192.52
4419,96,3,346.17
4419,65,3,51.6
4419,75,3,164.35
4419,92,3,161.07
4420,83,1,392.17
4420,84,1,296.51
4421,5,3,280.9
4422,77,2,353.36
4422,67,1,75.42
4422,89,1,272.6
4422,10,1,213.97
4422,1,3,197.66
4423,84,2,296.51
4423,87,2,238.37
4424,67,3,75.42
4424,31,2,315.13
4424,5,2,280.9
4424,12,1,142.92
4425,66,3,56.83
4426,40,2,13.13
4426,98,2,351.47
4427,44,2,421.39
4427,32,2,237.32
4428,35,2,388.58
4428,77,1,353.36
4429,65,2,51.6
4429,43,3,179.75
4429,71,2,223.14
4429,34,1,251.75
4430,28,1,108.33
4430,75,3,164.35
4431,11,3,362.94
4431,8,1,215.49
4432,57,1,358.71
4432,9,1,167.68
4432,77,2,353.36
4433,95,2,87.23
4433,76,3,402.4
4434,31,1,315.13
4434,40,1,13.13
4435,39,2,130.11
4435,19,1,490.89
4436,78,1,370.32
4436,88,1,209.19
4436,50,1,366.34
4437,98,2,351.47
4437,21,2,43.77
4437,55,1,39.35
4437,72,3,482.47
4438,60,3,449.67
4438,56,2,498.51
4438,87,1,238.37
4438,70,3,288.23
4439,55,3,39.35
4439,82,1,109.33
4439,69,3,46.67
4439,57,2,358.71
4440,93,2,139.85
4440,3,1,466.27
4441,64,1,487.53
4441,47,1,10.72
4441,91,1,111.74
4441,70,3,288.23
4441,81,2,46.6
4442,7,3,372.93
4443,68,3,411.78
4444,45,3,439.83
4444,76,1,402.4
4445,7,2,372.93
4445,50,1,366.34
4446,62,2,353.41
4447,21,3,43.77
4447,42,3,124.17
4447,16,1,451.95
4447,41,1,210.92
4447,20,2,477.5
4448,54,1,251.09
4448,4,2,430.17
4448,47,1,10.72
4448,36,3,105.76
4448,73,2,126.02
4449,95,3,87.23
4449,43,1,179.75
4449,85,2,86.15
4449,12,1,142.92
4449,61,1,264.68
4450,62,3,353.41
4450,27,2,13.9
4450,3,3,466.27
4451,57,1,358.71
4451,43,1,179.75
4451,17,3,97.88
4451,50,3,366.34
4451,29,2,286.27
4452,15,1,256.0
4452,30,2,158.92
4452,87,3,238.37
4453,23,3,148.33
4454,8,1,215.49
4455,96,1,346.17
4455,62,1,353.41
4455,2,1,83.54
4455,4,2,430.17
4456,18,1,404.13
4456,26,2,281.01
4456,43,2,179.75
4456,4,3,430.17
4456,56,1,498.51
4457,61,3,264.68
4457,7,1,372.93
4457,66,1,56.83
4458,51,1,60.94
4458,5,2,280.9
4458,34,1,251.75
4458,13,2,48.16
4458,49,2,426.01
4459,92,3,161.07
4459,39,1,130.11
4460,74,2,137.89
4460,20,2,477.5
4460,40,3,13.13
4460,45,2,439.83
4460,86,3,90.54
4461,81,1,46.6
4461,38,1,382.64
4461,93,1,139.85
4461,30,2,158.92
4462,28,1,108.33
4463,71,3,223.14
4463,100,1,419.6
4463,11,2,362.94
4464,45,1,439.83
4464,31,3,315.13
4464,44,1,421.39
4464,1,2,197.66
4464,56,3,498.51
4465,94,3,68.76
4466,77,3,353.36
4466,36,2,105.76
4466,79,1,165.85
4466,9,2,167.68
4466,73,1,126.02
4467,28,1,108.33
4467,9,3,167.68
4468,90,2,482.67
4468,68,3,411.78
4469,44,3,421.39
4469,52,2,269.61
4469,100,3,419.6
4470,21,1,43.77
4471,82,3,109.33
4472,48,1,332.08
4473,91,3,111.74
4473,39,3,130.11
4473,97,3,414.93
4473,64,1,487.53
4473,87,2,238.37
4474,48,3,332.08
4474,9,2,167.68
4474,28,2,108.33
4474,24,2,423.97
4474,100,1,419.6
4475,25,2,170.38
4475,88,2,209.19
4475,48,1,332.08
4475,77,3,353.36
4475,13,1,48.16
4476,15,3,256.0
4477,6,3,457.83
4477,94,3,68.76
4477,59,1,461.42
4478,3,2,466.27
4478,1,1,197.66
4478,58,3,55.58
4479,81,1,46.6
4479,8,3,215.49
4479,13,3,48.16
4479,95,3,87.23
4480,100,2,419.6
4480,15,1,256.0
4481,78,2,370.32
4481,93,1,139.85
4481,73,1,126.02
4482,48,2,332.08
4483,84,1,296.51
4483,98,3,351.47
4484,42,2,124.17
4484,26,1,281.01
4484,14,3,192.68
4484,64,2,487.53
4485,24,3,423.97
4486,33,3,299.93
4486,3,3,466.27
4487,5,1,280.9
4488,74,3,137.89
4488,26,2,281.01
4488,64,3,487.53
4489,69,1,46.67
4490,5,1,280.9
4490,82,1,109.33
4490,6,3,457.83
4491,96,3,346.17
4491,35,3,388.58
4491,2,2,83.54
4491,86,2,90.54
4492,91,1,111.74
4492,67,1,75.42
4492,93,2,139.85
4492,34,1,251.75
4493,87,2,238.37
4493,5,1,280.9
4493,91,1,111.74
4493,21,3,43.77
4493,56,2,498.51
4494,18,1,404.13
4494,69,2,46.67
4494,91,3,111.74
4494,66,1,56.83
4494,39,3,130.11
4495,37,3,451.22
4495,63,3,192.52
4495,60,1,449.67
4496,83,3,392.17
4496,80,1,143.26
4496,54,3,251.09
4496,79,3,165.85
4497,1,2,197.66
4497,45,1,439.83
4498,95,1,87.23
4498,84,2,296.51
4498,60,2,449.67
4499,95,1,87.23
4499,30,2,158.92
4500,33,2,299.93
4500,80,3,143.26
4501,47,3,10.72
4502,66,2,56.83
4502,19,2,490.89
4502,89,2,272.6
4502,50,1,366.34
4502,67,1,75.42
4503,27,1,13.9
4503,15,1,256.0
4503,34,3,251.75
4503,81,1,46.6
4504,3,3,466.27
4504,7,1,372.93
4505,29,3,286.27
4506,9,1,167.68
4507,2,2,83.54
4507,63,3,192.52
4507,45,2,439.83
4508,56,2,498.51
4508,22,3,237.9
4508,10,2,213.97
4508,54,3,251.09
4508,28,3,108.33
4509,30,1,158.92
4509,8,2,215.49
4509,43,2,179.75
4510,44,1,421.39
4510,46,1,475.99
4510,3,3,466.27
4510,66,1,56.83
4511,82,1,109.33
4511,69,1,46.67
4511,72,2,482.47
4511,13,3,48.16
4511,51,1,60.94
4512,42,1,124.17
4512,88,2,209.19
4512,66,1,56.83
4512,69,1,46.67
4512,99,2,29.76
4513,40,2,13.13
4514,45,2,439.83
4514,44,1,421.39
4515,40,3,13.13
4515,56,3,498.51
4515,67,3,75.42
4515,54,2,251.09
4515,28,1,108.33
4516,27,1,13.9
4517,68,1,411.78
4517,29,1,286.27
4518,8,1,215.49
4518,40,1,13.13
4518,79,2,165.85
4518,34,3,251.75
4519,4,2,430.17
4519,21,2,43.77
4519,49,3,426.01
4520,79,2,165.85
4520,24,3,423.97
4520,34,1,251.75
4521,31,3,315.13
4521,93,1,139.85
4522,4,3,430.17
4523,65,2,51.6
4524,93,1,139.85
4524,69,2,46.67
4524,94,3,68.76
4525,33,1,299.93
4526,67,2,75.42
4526,91,3,111.74
4526,23,2,148.33
4526,61,3,264.68
4526,29,1,286.27
4527,74,1,137.89
4527,34,3,251.75
4527,85,3,86.15
4527,36,1,105.76
4527,64,3,487.53
4528,19,1,490.89
4528,38,2,382.64
4529,10,2,213.97
4529,93,2,139.85
4530,30,1,158.92
4531,34,3,251.75
4531,57,1,358.71
4531,25,2,170.38
4532,22,2,237.9
4533,45,2,439.83
4533,97,1,414.93
4533,89,2,272.6
4534,16,2,451.95
4534,34,2,251.75
4534,15,3,256.0
4534,83,1,392.17
4534,46,3,475.99
4535,96,2,346.17
4536,73,3,126.02
4536,18,3,404.13
4536,19,1,490.89
4537,55,3,39.35
4537,54,2,251.09
4537,47,3,10.72
4537,18,1,404.13
4537,69,3,46.67
4538,14,3,192.68
4538,76,1,402.4
4538,1,2,197.66
4539,41,2,210.92
4539,85,2,86.15
4539,58,2,55.58
4540,75,3,164.35
4540,84,1,296.51
4540,97,2,414.93
4541,63,2,192.52
4542,30,3,158.92
4542,61,1,264.68
4543,37,1,451.22
4543,100,2,419.6
4543,26,1,281.01
4543,48,1,332.08
4544,38,2,382.64
4545,7,1,372.93
4545,64,3,487.53
4546,78,2,370.32
4547,27,3,13.9
4547,3,2,466.27
4547,33,1,299.93
4547,22,1,237.9
4547,99,1,29.76
4548,7,1,372.93
4549,46,2,475.99
4549,89,2,272.6
4549,41,2,210.92
4549,64,3,487.53
4550,78,2,370.32
4550,26,2,281.01
4550,51,1,60.94
4551,19,1,490.89
4551,13,3,48.16
4551,52,1,269.61
4552,6,3,457.83
4552,22,2,237.9
4552,65,2,51.6
4553,80,1,143.26
4554,27,2,13.9
4554,35,2,388.58
4554,79,3,165.85
4554,89,1,272.6
4554,51,2,60.94
4555,80,2,143.26
4555,91,2,111.74
4556,14,2,192.68
4556,95,2,87.23
4557,91,1,111.74
4557,54,2,251.09
4558,11,3,362.94
4558,68,1,411.78
4558,69,2,46.67
4558,78,3,370.32
4559,8,1,215.49
4559,12,3,142.92
4559,27,1,13.9
4559,56,2,498.51
4560,57,1,358.71
4560,29,3,286.27
4560,24,3,423.97
4560,19,3,490.89
4561,84,3,296.51
4561,99,2,29.76
4561,58,1,55.58
4561,45,2,439.83
4562,63,1,192.52
4562,62,1,353.41
4562,95,2,87.23
4563,29,2,286.27
4563,57,3,358.71
4563,94,2,68.76
4564,13,2,48.16
4564,90,1,482.67
4564,56,2,498.51
4564,18,1,404.13
4564,59,3,461.42
4565,85,1,86.15
4565,7,1,372.93
4565,97,1,414.93
4565,52,2,269.61
4566,68,3,411.78
4566,23,3,148.33
4566,27,3,13.9
4566,91,3,111.74
4566,28,1,108.33
4567,65,3,51.6
4567,63,3,192.52
4567,97,2,414.93
4567,27,2,13.9
4568,80,1,143.26
4568,24,1,423.97
4569,59,2,461.42
4569,71,1,223.14
4569,97,2,414.93
4569,14,3,192.68
4569,95,3,87.23
4570,62,3,353.41
4570,57,1,358.71
4570,29,1,286.27
4570,43,2,179.75
4570,95,3,87.23
4571,60,3,449.67
4571,28,2,108.33
4571,39,1,130.11
4571,100,1,419.6
4571,53,3,126.7
4572,58,2,55.58
4572,79,2,165.85
4572,87,3,238.37
4573,21,3,43.77
4573,75,1,164.35
4573,30,2,158.92
4573,83,2,392.17
4573,52,1,269.61
4574,6,3,457.83
4574,70,2,288.23
4574,57,3,358.71
4574,74,2,137.89
4574,17,1,97.88
4575,94,2,68.76
4575,96,1,346.17
4575,63,3,192.52
4575,58,2,55.58
4576,30,1,158.92
4576,48,2,332.08
4576,17,1,97.88
4576,61,1,264.68
4577,47,1,10.72
4577,48,3,332.08
4577,2,3,83.54
4577,33,2,299.93
4578,91,1,111.74
4579,30,1,158.92
4579,100,1,419.6
4579,65,2,51.6
4579,74,2,137.89
4579,7,1,372.93
4580,83,1,392.17
4580,17,2,97.88
4580,1,2,197.66
4580,61,3,264.68
4580,77,3,353.36
4581,93,3,139.85
4581,69,1,46.67
4581,88,2,209.19
4581,52,2,269.61
4581,16,3,451.95
4582,54,2,251.09
4583,6,3,457.83
4583,22,1,237.9
4583,71,1,223.14
4584,4,2,430.17
4584,19,2,490.89
4584,22,2,237.9
4584,23,2,148.33
4584,87,1,238.37
4585,42,2,124.17
4585,12,3,142.92
4585,61,2,264.68
4585,90,2,482.67
4586,24,1,423.97
4586,52,2,269.61
4586,46,1,475.99
4586,64,3,487.53
4587,26,3,281.01
4587,97,3,414.93
4587,74,2,137.89
4587,23,1,148.33
4587,87,3,238.37
4588,92,3,161.07
4588,16,1,451.95
4588,24,2,423.97
4588,100,2,419.6
4588,51,2,60.94
4589,72,1,482.47
4589,47,2,10.72
4589,58,1,55.58
4589,57,2,358.71
4589,38,3,382.64
4590,34,1,251.75
4590,8,3,215.49
4590,87,2,238.37
4590,88,2,209.19
4590,59,2,461.42
4591,7,3,372.93
4591,97,1,414.93
4592,35,1,388.58
4592,50,3,366.34
4592,89,2,272.6
4592,42,2,124.17
4593,33,1,299.93
4593,61,3,264.68
4593,15,2,256.0
4593,65,2,51.6
4593,78,3,370.32
4594,63,1,192.52
4595,93,1,139.85
4596,11,2,362.94
4597,61,1,264.68
4597,52,1,269.61
4597,50,1,366.34
4597,86,1,90.54
4597,6,1,457.83
4598,89,2,272.6
4598,90,2,482.67
4599,28,1,108.33
4599,66,1,56.83
4600,44,1,421.39
4600,41,1,210.92
4601,78,2,370.32
4602,22,2,237.9
4603,84,1,296.51
4603,91,3,111.74
4603,52,3,269.61
4604,19,3,490.89
4605,22,2,237.9
4606,83,2,392.17
4606,4,1,430.17
4606,74,1,137.89
4607,73,2,126.02
4607,52,2,269.61
4608,21,2,43.77
4608,43,1,179.75
4608,89,2,272.6
4609,41,3,210.92
4609,54,1,251.09
4609,92,2,161.07
4609,79,2,165.85
4610,42,2,124.17
4610,4,1,430.17
4610,77,3,353.36
4610,84,3,296.51
4610,23,2,148.33
4611,87,1,238.37
4611,63,3,192.52
4611,20,3,477.5
4612,92,2,161.07
4612,13,3,48.16
4613,2,1,83.54
4613,52,2,269.61
4614,23,3,148.33
4614,66,2,56.83
4615,74,3,137.89
4615,80,3,143.26
4615,38,3,382.64
4615,58,1,55.58
4615,6,2,457.83
4616,74,3,137.89
4616,94,3,68.76
4616,95,1,87.23
4616,71,1,223.14
4616,15,2,256.0
4617,8,2,215.49
4618,75,1,164.35
4618,8,3,215.49
4618,64,1,487.53
4619,85,2,86.15
4619,55,2,39.35
4620,79,3,165.85
4620,7,2,372.93
4620,50,3,366.34
4620,91,2,111.74
4620,69,3,46.67
4621,25,3,170.38
4622,19,3,490.89
4623,62,1,353.41
4623,80,3,143.26
4623,5,3,280.9
4623,44,3,421.39
4624,43,3,179.75
4624,10,3,213.97
4624,93,3,139.85
4624,89,2,272.6
4625,94,2,68.76
4625,98,1,351.47
4626,58,3,55.58
4626,83,2,392.17
4626,7,3,372.93
4626,30,2,158.92
4626,73,1,126.02
4627,66,1,56.83
4627,1,2,197.66
4628,33,3,299.93
4629,22,3,237.9
4629,84,2,296.51
4630,40,2,13.13
4630,82,1,109.33
4630,39,1,130.11
4630,16,1,451.95
4630,2,1,83.54
4631,90,3,482.67
4632,50,3,366.34
4632,47,3,10.72
4632,70,1,288.23
4632,49,1,426.01
4632,23,2,148.33
4633,63,2,192.52
4633,68,1,411.78
4633,9,1,167.68
4633,79,1,165.85
4633,30,2,158.92
4634,83,2,392.17
4634,37,2,451.22
4634,51,1,60.94
4634,60,1,449.67
4635,11,2,362.94
4635,91,1,111.74
4635,81,2,46.6
4636,9,1,167.68
4636,59,2,461.42
4636,25,1,170.38
4636,12,1,142.92
4637,94,3,68.76
4638,74,3,137.89
4638,20,3,477.5
4638,33,2,299.93
4638,61,1,264.68
4639,36,3,105.76
4639,7,3,372.93
4639,30,1,158.92
4639,42,3,124.17
4640,6,2,457.83
4641,67,1,75.42
4641,35,2,388.58
4641,16,1,451.95
4641,58,2,55.58
4642,51,3,60.94
4643,43,1,179.75
4643,34,2,251.75
4643,15,1,256.0
4643,30,3,158.92
4644,86,1,90.54
4645,8,3,215.49
4645,71,1,223.14
4645,83,1,392.17
4646,65,1,51.6
4646,26,1,281.01
4646,6,1,457.83
4646,76,1,402.4
4646,20,2,477.5
4647,33,3,299.93
4648,90,3,482.67
4648,6,3,457.83
4648,28,2,108.33
4649,64,1,487.53
4650,39,3,130.11
4650,25,2,170.38
4650,5,1,280.9
4650,53,2,126.7
4650,18,2,404.13
4651,18,3,404.13
4652,15,3,256.0
4652,79,3,165.85
4652,57,1,358.71
4653,94,3,68.76
4653,43,3,179.75
4653,70,1,288.23
4653,50,1,366.34
4653,64,2,487.53
4654,83,1,392.17
4655,66,3,56.83
4655,55,2,39.35
4655,26,3,281.01
4655,94,2,68.76
4656,100,3,419.6
4656,47,1,10.72
4656,93,1,139.85
4656,51,3,60.94
4657,53,3,126.7
4658,41,1,210.92
4658,100,1,419.6
4658,21,1,43.77
4659,98,1,351.47
4659,43,2,179.75
4659,28,2,108.33
4659,11,2,362.94
4659,51,2,60.94
4660,88,1,209.19
4660,44,1,421.39
4660,79,2,165.85
4660,57,1,358.71
4660,97,1,414.93
4661,78,3,370.32
4661,19,3,490.89
4662,9,3,167.68
4662,2,3,83.54
4662,35,3,388.58
4662,22,2,237.9
4662,28,3,108.33
4663,33,3,299.93
4663,58,2,55.58
4664,89,2,272.6
4664,46,1,475.99
4664,38,3,382.64
4665,42,3,124.17
4665,34,2,251.75
4665,70,3,288.23
4666,81,3,46.6
4666,100,1,419.6
4666,89,2,272.6
4666,6,1,457.83
4666,50,3,366.34
4667,61,3,264.68
4667,66,3,56.83
4667,68,2,411.78
4667,70,3,288.23
4667,78,3,370.32
4668,39,1,130.11
4668,99,1,29.76
4668,36,2,105.76
4668,1,3,197.66
4668,51,1,60.94
4669,82,2,109.33
4669,47,3,10.72
4669,77,3,353.36
4669,40,1,13.13
4669,7,1,372.93
4670,68,1,411.78
4670,74,2,137.89
4670,80,2,143.26
4670,3,2,466.27
4670,24,1,423.97
4671,69,3,46.67
4672,43,1,179.75
4673,21,3,43.77
4674,27,2,13.9
4674,26,2,281.01
4675,8,2,215.49
4675,45,3,439.83
4675,19,1,490.89
4675,73,2,126.02
4676,70,1,288.23
4676,40,3,13.13
4677,90,3,482.67
4677,58,3,55.58
4678,29,1,286.27
4679,29,3,286.27
4679,32,2,237.32
4679,18,3,404.13
4680,66,3,56.83
4680,34,1,251.75
4680,99,2,29.76
4680,83,1,392.17
4680,100,2,419.6
4681,63,1,192.52
4681,36,1,105.76
4682,17,3,97.88
4683,12,3,142.92
4684,39,2,130.11
4684,84,3,296.51
4684,35,3,388.58
4685,2,2,83.54
4685,19,2,490.89
4685,87,3,238.37
4686,3,3,466.27
4687,50,3,366.34
4688,1,2,197.66
4689,32,2,237.32
4690,87,1,238.37
4690,75,1,164.35
4690,96,3,346.17
4690,63,3,192.52
4691,13,3,48.16
4691,91,2,111.74
4691,39,1,130.11
4692,25,2,170.38
4692,64,1,487.53
4692,23,1,148.33
4692,8,3,215.49
4693,87,1,238.37
4693,39,2,130.11
4694,3,1,466.27
4694,14,2,192.68
4694,21,3,43.77
4695,55,1,39.35
4695,91,3,111.74
4695,82,2,109.33
4696,52,2,269.61
4696,9,2,167.68
4697,5,3,280.9
4697,11,1,362.94
4697,21,2,43.77
4698,11,3,362.94
4698,21,2,43.77
4699,55,2,39.35
4699,59,2,461.42
4699,57,3,358.71
4699,45,3,439.83
4699,50,3,366.34
4700,49,1,426.01
4700,31,1,315.13
4701,73,2,126.02
4702,96,1,346.17
4702,13,1,48.16
4702,53,3,126.7
4702,65,3,51.6
4702,46,3,475.99
4703,1,1,197.66
4703,89,2,272.6
4703,68,2,411.78
4703,61,1,264.68
4703,5,3,280.9
4704,8,2,215.49
4704,81,3,46.6
4704,91,1,111.74
4704,21,3,43.77
4705,35,2,388.58
4705,50,3,366.34
4706,12,3,142.92
4706,40,2,13.13
4707,21,1,43.77
4707,43,3,179.75
4707,99,3,29.76
4708,31,2,315.13
4708,19,3,490.89
4709,80,3,143.26
4709,53,2,126.7
4710,92,3,161.07
4710,86,2,90.54
4710,58,1,55.58
4711,32,1,237.32
4711,63,2,192.52
4712,92,1,161.07
4712,22,1,237.9
4712,78,1,370.32
4712,84,2,296.51
4712,12,1,142.92
4713,10,3,213.97
4713,67,3,75.42
4713,52,2,269.61
4713,88,2,209.19
4714,46,2,475.99
4715,20,2,477.5
4715,58,3,55.58
4715,33,3,299.93
4715,48,2,332.08
4715,4,3,430.17
4716,86,2,90.54
4716,68,1,411.78
4716,22,2,237.9
4717,13,3,48.16
4717,26,3,281.01
4717,36,1,105.76
4717,29,1,286.27
4717,81,2,46.6
4718,7,1,372.93
4718,24,3,423.97
4718,41,2,210.92
4718,51,2,60.94
4718,22,2,237.9
4719,7,2,372.93
4719,39,1,130.11
4719,94,2,68.76
4719,8,1,215.49
4720,19,2,490.89
4720,89,2,272.6
4720,87,2,238.37
4721,55,2,39.35
4721,10,1,213.97
4722,52,1,269.61
4722,39,3,130.11
4722,32,1,237.32
4723,21,2,43.77
4723,40,3,13.13
4723,60,1,449.67
4723,51,2,60.94
4724,10,3,213.97
4724,28,3,108.33
4725,97,2,414.93
4725,68,2,411.78
4725,27,2,13.9
4725,60,2,449.67
4726,29,1,286.27
4726,64,2,487.53
4726,61,3,264.68
4726,94,1,68.76
4726,62,2,353.41
4727,62,2,353.41
4727,66,3,56.83
4728,23,3,148.33
4729,82,1,109.33
4729,53,3,126.7
4729,99,3,29.76
4729,14,1,192.68
4730,14,3,192.68
4730,21,3,43.77
4730,36,3,105.76
4730,92,2,161.07
4731,78,3,370.32
4731,73,3,126.02
4731,77,1,353.36
4731,37,3,451.22
4732,89,3,272.6
4732,5,3,280.9
4732,53,1,126.7
4733,59,2,461.42
4733,45,1,439.83
4734,38,1,382.64
4735,55,3,39.35
4735,61,2,264.68
4735,25,3,170.38
4735,19,2,490.89
4735,42,3,124.17
4736,4,2,430.17
4737,36,1,105.76
4737,59,2,461.42
4738,51,3,60.94
4738,79,3,165.85
4738,25,3,170.38
4739,41,2,210.92
4739,9,2,167.68
4739,24,1,423.97
4739,4,2,430.17
4740,65,3,51.6
4740,4,2,430.17
4741,54,2,251.09
4741,97,1,414.93
4741,39,1,130.11
4741,60,2,449.67
4741,99,3,29.76
4742,18,3,404.13
4742,3,1,466.27
4742,96,1,346.17
4742,20,2,477.5
4743,63,2,192.52
4743,4,2,430.17
4744,87,1,238.37
4744,72,1,482.47
4745,70,3,288.23
4745,76,1,402.4
4745,43,1,179.75
4745,50,2,366.34
4746,29,1,286.27
4746,47,1,10.72
4746,84,3,296.51
4747,40,2,13.13
4748,73,2,126.02
4748,54,3,251.09
4748,29,2,286.27
4748,91,1,111.74
4748,71,2,223.14
4749,44,1,421.39
4750,36,2,105.76
4751,96,1,346.17
4752,83,1,392.17
4752,49,2,426.01
4752,98,3,351.47
4752,53,3,126.7
4753,75,2,164.35
4754,21,3,43.77
4754,83,3,392.17
4754,34,3,251.75
4754,28,1,108.33
4754,75,2,164.35
4755,81,2,46.6
4755,66,2,56.83
4755,32,1,237.32
4755,21,1,43.77
4755,20,1,477.5
4756,53,3,126.7
4757,52,3,269.61
4757,86,3,90.54
4757,6,3,457.83
4757,21,3,43.77
4758,68,2,411.78
4758,12,3,142.92
4759,78,3,370.32
4759,51,3,60.94
4759,45,1,439.83
4759,56,3,498.51
4759,85,2,86.15
4760,15,3,256.0
4760,98,3,351.47
4760,47,1,10.72
4760,34,2,251.75
4760,87,1,238.37
4761,41,1,210.92
4762,29,2,286.27
4762,49,2,426.01
4762,50,3,366.34
4762,98,1,351.47
4762,82,2,109.33
4763,90,1,482.67
4763,37,2,451.22
4763,30,3,158.92
4763,7,1,372.93
4764,60,2,449.67
4764,71,2,223.14
4764,96,2,346.17
4764,100,2,419.6
4765,14,2,192.68
4766,52,1,269.61
4766,72,2,482.47
4766,83,1,392.17
4767,50,2,366.34
4767,40,3,13.13
4767,86,2,90.54
4767,8,2,215.49
4767,48,2,332.08
4768,98,3,351.47
4769,61,3,264.68
4770,87,2,238.37
4770,80,1,143.26
4771,96,1,346.17
4771,81,1,46.6
4771,61,2,264.68
4772,70,1,288.23
4772,93,2,139.85
4772,4,3,430.17
4773,94,2,68.76
4773,92,1,161.07
4773,90,1,482.67
4773,18,1,404.13
4774,79,2,165.85
4774,55,2,39.35
4774,80,1,143.26
4774,75,1,164.35
4774,40,2,13.13
4775,48,2,332.08
4775,84,3,296.51
4775,51,3,60.94
4776,69,3,46.67
4776,35,2,388.58
4776,26,2,281.01
4776,71,1,223.14
4776,55,3,39.35
4777,3,1,466.27
4777,86,2,90.54
4777,51,2,60.94
4777,67,2,75.42
4777,36,3,105.76
4778,45,2,439.83
4778,95,1,87.23
4778,93,3,139.85
4779,44,3,421.39
4780,92,2,161.07
4780,58,3,55.58
4780,74,1,137.89
4780,77,3,353.36
4781,45,2,439.83
4782,25,3,170.38
4783,17,3,97.88
4784,21,2,43.77
4784,62,1,353.41
4785,12,3,142.92
4785,51,2,60.94
4785,92,3,161.07
4785,81,2,46.6
4785,100,1,419.6
4786,58,3,55.58
4786,51,2,60.94
4786,67,2,75.42
4786,60,3,449.67
4786,88,2,209.19
4787,64,1,487.53
4787,14,3,192.68
4787,69,2,46.67
4788,30,3,158.92
4788,35,2,388.58
4788,5,1,280.9
4789,82,2,109.33
4789,80,1,143.26
4789,57,1,358.71
4789,99,2,29.76
4789,81,2,46.6
4790,28,2,108.33
4790,37,1,451.22
4790,36,1,105.76
4790,8,1,215.49
4791,76,1,402.4
4792,24,3,423.97
4792,56,2,498.51
4792,79,2,165.85
4792,54,1,251.09
4793,65,1,51.6
4793,90,1,482.67
4793,31,2,315.13
4793,28,1,108.33
4794,26,3,281.01
4794,9,1,167.68
4794,73,2,126.02
4794,53,1,126.7
4795,75,1,164.35
4795,65,1,51.6
4795,10,1,213.97
4795,97,2,414.93
4796,72,1,482.47
4796,89,2,272.6
4796,79,2,165.85
4796,58,1,55.58
4797,55,3,39.35
4797,75,2,164.35
4797,12,3,142.92
4798,2,3,83.54
4798,10,1,213.97
4798,21,3,43.77
4798,80,3,143.26
4799,88,1,209.19
4799,46,2,475.99
4799,38,2,382.64
4800,4,2,430.17
4800,63,1,192.52
4800,88,1,209.19
4800,14,2,192.68
4801,45,1,439.83
4801,22,1,237.9
4801,71,1,223.14
4801,43,2,179.75
4802,48,3,332.08
4802,61,3,264.68
4802,89,2,272.6
4803,43,3,179.75
4803,80,1,143.26
4803,24,1,423.97
4803,20,2,477.5
4803,17,2,97.88
4804,62,2,353.41
4804,83,2,392.17
4804,58,1,55.58
4804,40,3,13.13
4804,15,1,256.0
4805,65,3,51.6
4806,27,2,13.9
4807,1,2,197.66
4807,92,3,161.07
4808,60,2,449.67
4808,23,3,148.33
4808,9,2,167.68
4808,64,2,487.53
4808,4,3,430.17
4809,83,3,392.17
4809,4,3,430.17
4809,85,1,86.15
4809,92,2,161.07
4810,50,2,366.34
4810,19,1,490.89
4810,16,1,451.95
4810,11,1,362.94
4810,56,1,498.51
4811,50,3,366.34
4811,90,1,482.67
4811,44,2,421.39
4812,78,3,370.32
4812,70,3,288.23
4812,1,3,197.66
4813,53,3,126.7
4814,46,1,475.99
4814,70,2,288.23
4814,88,2,209.19
4814,14,3,192.68
4815,22,1,237.9
4815,98,1,351.47
4816,49,1,426.01
4816,9,1,167.68
4816,88,1,209.19
4816,4,3,430.17
4816,18,3,404.13
4817,4,1,430.17
4817,74,3,137.89
4817,49,3,426.01
4818,63,2,192.52
4818,71,3,223.14
4818,25,3,170.38
4819,89,2,272.6
4820,1,1,197.66
4820,97,2,414.93
4820,87,3,238.37
4820,72,2,482.47
4821,2,3,83.54
4821,95,3,87.23
4821,60,2,449.67
4822,40,1,13.13
4822,37,3,451.22
4823,48,1,332.08
4823,49,3,426.01
4823,55,2,39.35
4823,50,1,366.34
4824,29,1,286.27
4825,75,3,164.35
4825,24,2,423.97
4826,15,3,256.0
4827,62,1,353.41
4827,50,1,366.34
4827,11,1,362.94
4827,6,2,457.83
4827,98,2,351.47
4828,91,2,111.74
4828,1,3,197.66
4828,72,2,482.47
4828,59,3,461.42
4828,20,1,477.5
4829,85,1,86.15
4829,10,3,213.97
4829,94,1,68.76
4830,69,1,46.67
4830,28,2,108.33
4830,87,2,238.37
4830,8,3,215.49
4830,78,3,370.32
4831,51,3,60.94
4832,24,1,423.97
4832,77,2,353.36
4832,11,1,362.94
4832,32,1,237.32
4833,72,2,482.47
4834,8,1,215.49
4834,99,1,29.76
4834,45,1,439.83
4834,21,3,43.77
4834,62,2,353.41
4835,45,1,439.83
4835,53,2,126.7
4835,63,1,192.52
4835,24,1,423.97
4836,50,1,366.34
4836,43,3,179.75
4836,94,2,68.76
4836,4,1,430.17
4836,90,1,482.67
4837,87,3,238.37
4838,75,3,164.35
4838,78,1,370.32
4838,81,1,46.6
4839,34,1,251.75
4839,75,3,164.35
4840,33,3,299.93
4840,34,3,251.75
4840,4,2,430.17
4841,11,1,362.94
4841,45,3,439.83
4841,74,1,137.89
4841,81,1,46.6
4842,76,2,402.4
4843,90,2,482.67
4843,87,1,238.37
4843,36,3,105.76
4843,70,1,288.23
4844,22,1,237.9
4844,45,2,439.83
4844,44,1,421.39
4844,89,1,272.6
4844,76,1,402.4
4845,91,2,111.74
4846,36,2,105.76
4846,45,3,439.83
4847,100,2,419.6
4848,66,1,56.83
4849,68,3,411.78
4850,71,2,223.14
4851,58,3,55.58
4852,68,2,411.78
4853,26,2,281.01
4854,67,2,75.42
4854,92,2,161.07
4855,20,1,477.5
4855,34,1,251.75
4856,60,1,449.67
4856,8,2,215.49
4856,96,2,346.17
4857,99,2,29.76
4857,48,1,332.08
4857,75,2,164.35
4857,24,3,423.97
4857,41,1,210.92
4858,84,3,296.51
4858,96,1,346.17
4858,74,3,137.89
4858,21,2,43.77
4859,96,1,346.17
4859,74,1,137.89
4859,79,3,165.85
4859,69,2,46.67
4860,11,1,362.94
4860,84,2,296.51
4861,24,3,423.97
4862,93,1,139.85
4862,10,2,213.97
4862,50,3,366.34
4862,63,2,192.52
4863,64,1,487.53
4863,7,1,372.93
4864,11,2,362.94
4864,5,1,280.9
4864,22,1,237.9
4865,69,1,46.67
4866,71,1,223.14
4867,3,3,466.27
4867,98,1,351.47
4868,91,1,111.74
4868,29,3,286.27
4868,82,1,109.33
4869,33,3,299.93
4869,9,1,167.68
4869,43,3,179.75
4869,32,3,237.32
4869,12,3,142.92
4870,30,2,158.92
4870,7,1,372.93
4871,30,3,158.92
4872,19,2,490.89
4872,73,1,126.02
4872,70,3,288.23
4872,67,2,75.42
4873,10,2,213.97
4873,27,1,13.9
4873,96,1,346.17
4873,6,3,457.83
4874,86,3,90.54
4874,52,3,269.61
4874,65,1,51.6
4874,3,1,466.27
4875,87,2,238.37
4875,95,2,87.23
4875,59,1,461.42
4875,79,3,165.85
4876,59,2,461.42
4876,95,3,87.23
4876,5,2,280.9
4876,78,1,370.32
4877,32,3,237.32
4877,99,1,29.76
4877,76,1,402.4
4878,42,3,124.17
4878,40,2,13.13
4878,9,3,167.68
4878,29,3,286.27
4878,16,2,451.95
4879,69,2,46.67
4879,87,3,238.37
4879,83,1,392.17
4880,46,1,475.99
4880,33,1,299.93
4880,36,2,105.76
4880,22,2,237.9
4880,86,1,90.54
4881,48,3,332.08
4881,92,3,161.07
4882,47,3,10.72
4882,43,3,179.75
4882,9,1,167.68
4882,2,3,83.54
4882,68,1,411.78
4883,13,2,48.16
4883,1,2,197.66
4883,67,3,75.42
4883,86,2,90.54
4884,11,3,362.94
4884,44,3,421.39
4885,56,1,498.51
4885,37,3,451.22
4885,87,3,238.37
4885,51,2,60.94
4885,90,3,482.67
4886,44,2,421.39
4886,33,2,299.93
4887,43,3,179.75
4887,31,1,315.13
4887,66,3,56.83
4887,98,2,351.47
4888,69,1,46.67
4888,29,2,286.27
4888,48,2,332.08
4888,25,3,170.38
4889,92,1,161.07
4890,85,1,86.15
4891,20,3,477.5
4891,15,2,256.0
4891,78,2,370.32
4891,67,2,75.42
4892,75,2,164.35
4892,99,3,29.76
4892,26,3,281.01
4892,12,1,142.92
4893,87,2,238.37
4893,10,3,213.97
4893,50,1,366.34
4894,3,2,466.27
4894,64,2,487.53
4894,7,1,372.93
4894,81,3,46.6
4894,35,3,388.58
4895,37,3,451.22
4895,74,1,137.89
4895,24,2,423.97
4895,31,3,315.13
4896,9,2,167.68
4896,79,3,165.85
4896,2,2,83.54
4896,15,3,256.0
4897,21,2,43.77
4897,41,2,210.92
4897,35,1,388.58
4898,28,2,108.33
4898,8,2,215.49
4898,49,1,426.01
4898,92,3,161.07
4898,84,3,296.51
4899,99,3,29.76
4900,46,3,475.99
4900,25,3,170.38
4900,44,3,421.39
4900,69,1,46.67
4901,93,1,139.85
4901,35,2,388.58
4902,93,1,139.85
4902,47,1,10.72
4902,15,3,256.0
4902,31,2,315.13
4902,25,3,170.38
4903,48,1,332.08
4903,35,2,388.58
4903,26,2,281.01
4903,18,3,404.13
4903,32,1,237.32
4904,46,3,475.99
4904,16,2,451.95
4904,54,3,251.09
4905,25,1,170.38
4905,85,1,86.15
4905,64,2,487.53
4905,61,1,264.68
4905,62,3,353.41
4906,16,3,451.95
4906,65,2,51.6
4906,66,1,56.83
4906,71,2,223.14
4907,95,2,87.23
4908,55,2,39.35
4908,41,3,210.92
4908,54,1,251.09
4908,37,3,451.22
4908,46,1,475.99
4909,34,2,251.75
4909,3,3,466.27
4909,27,2,13.9
4909,35,2,388.58
4909,63,3,192.52
4910,89,1,272.6
4910,35,2,388.58
4910,40,2,13.13
4911,77,2,353.36
4911,76,1,402.4
4911,94,1,68.76
4911,39,3,130.11
4911,20,1,477.5
4912,75,3,164.35
4912,30,1,158.92
4912,1,1,197.66
4912,81,1,46.6
4913,63,3,192.52
4913,23,3,148.33
4913,15,3,256.0
4913,84,1,296.51
4913,25,3,170.38
4914,22,1,237.9
4915,46,2,475.99
4916,58,1,55.58
4916,22,3,237.9
4916,86,2,90.54
4917,53,3,126.7
4918,10,3,213.97
4919,9,3,167.68
4919,75,2,164.35
4919,14,3,192.68
4919,32,2,237.32
4920,89,2,272.6
4921,43,1,179.75
4921,70,3,288.23
4921,5,2,280.9
4921,47,1,10.72
4921,96,2,346.17
4922,63,1,192.52
4922,31,1,315.13
4922,46,3,475.99
4922,5,3,280.9
4923,76,1,402.4
4923,59,2,461.42
4923,38,1,382.64
4924,22,2,237.9
4924,68,2,411.78
4925,29,3,286.27
4925,30,1,158.92
4925,55,1,39.35
4925,53,1,126.7
4926,19,2,490.89
4926,94,3,68.76
4926,12,3,142.92
4927,14,3,192.68
4927,16,1,451.95
4928,74,2,137.89
4928,9,1,167.68
4928,32,1,237.32
4928,4,1,430.17
4928,90,2,482.67
4929,79,1,165.85
4930,83,2,392.17
4930,67,2,75.42
4930,12,3,142.92
4931,54,2,251.09
4931,86,1,90.54
4931,7,1,372.93
4931,91,1,111.74
4931,43,1,179.75
4932,33,2,299.93
4932,59,2,461.42
4932,74,3,137.89
4932,95,3,87.23
4932,91,2,111.74
4933,26,2,281.01
4933,34,2,251.75
4933,83,2,392.17
4934,20,1,477.5
4934,79,2,165.85
4934,42,1,124.17
4934,34,1,251.75
4934,52,1,269.61
4935,6,1,457.83
4936,35,2,388.58
4937,49,3,426.01
4938,20,1,477.5
4938,31,2,315.13
4938,37,1,451.22
4938,84,3,296.51
4939,16,1,451.95
4940,81,1,46.6
4940,12,1,142.92
4940,76,1,402.4
4940,37,1,451.22
4940,2,3,83.54
4941,18,3,404.13
4941,7,3,372.93
4941,63,3,192.52
4942,69,2,46.67
4943,13,2,48.16
4943,39,2,130.11
4943,50,2,366.34
4944,58,2,55.58
4944,6,1,457.83
4945,99,3,29.76
4945,89,3,272.6
4945,31,2,315.13
4946,98,3,351.47
4946,59,2,461.42
4947,33,1,299.93
4948,31,3,315.13
4948,42,2,124.17
4948,45,2,439.83
4949,17,3,97.88
4949,20,3,477.5
4950,59,2,461.42
4950,98,1,351.47
4950,52,1,269.61
4951,63,3,192.52
4951,40,1,13.13
4951,100,3,419.6
4951,74,1,137.89
4951,1,2,197.66
4952,78,1,370.32
4953,72,1,482.47
4953,13,2,48.16
4953,48,1,332.08
4954,48,3,332.08
4954,80,3,143.26
4954,39,2,130.11
4954,8,2,215.49
4954,40,2,13.13
4955,71,2,223.14
4956,73,2,126.02
4956,48,3,332.08
4956,35,2,388.58
4956,86,2,90.54
4957,60,1,449.67
4957,47,1,10.72
4957,48,1,332.08
4957,55,2,39.35
4957,98,1,351.47
4958,11,3,362.94
4959,18,1,404.13
4959,23,2,148.33
4959,79,1,165.85
4960,46,1,475.99
4961,56,2,498.51
4961,22,1,237.9
4961,76,1,402.4
4961,92,1,161.07
4962,96,2,346.17
4962,14,1,192.68
4963,6,2,457.83
4963,76,1,402.4
4964,23,3,148.33
4964,24,1,423.97
4964,4,2,430.17
4965,87,3,238.37
4966,84,3,296.51
4966,47,2,10.72
4966,60,1,449.67
4966,59,2,461.42
4966,94,1,68.76
4967,58,1,55.58
4967,20,1,477.5
4968,29,3,286.27
4968,41,1,210.92
4968,64,2,487.53
4968,13,3,48.16
4969,65,2,51.6
4970,33,3,299.93
4970,74,2,137.89
4970,64,1,487.53
4970,66,3,56.83
4971,21,2,43.77
4971,42,1,124.17
4971,69,2,46.67
4972,82,3,109.33
4972,95,2,87.23
4972,80,1,143.26
4973,35,1,388.58
4973,14,2,192.68
4973,38,1,382.64
4974,31,1,315.13
4974,71,2,223.14
4974,64,1,487.53
4975,70,3,288.23
4976,72,3,482.47
4976,97,1,414.93
4976,52,2,269.61
4977,84,2,296.51
4977,16,3,451.95
4977,39,1,130.11
4978,96,3,346.17
4978,89,3,272.6
4978,7,2,372.93
4979,25,3,170.38
4979,32,2,237.32
4979,100,3,419.6
4979,64,3,487.53
4979,43,1,179.75
4980,42,2,124.17
4981,68,3,411.78
4982,55,1,39.35
4983,44,2,421.39
4983,67,1,75.42
4983,37,3,451.22
4983,43,2,179.75
4983,35,3,388.58
4984,78,2,370.32
4984,50,1,366.34
4985,6,3,457.83
4985,33,3,299.93
4985,61,1,264.68
4985,53,3,126.7
4986,46,1,475.99
4986,51,2,60.94
4986,71,1,223.14
4986,31,3,315.13
4986,41,1,210.92
4987,40,2,13.13
4987,4,2,430.17
4987,24,2,423.97
4988,82,1,109.33
4988,63,1,192.52
4988,87,2,238.37
4989,76,1,402.4
4989,44,1,421.39
4990,55,1,39.35
4990,74,2,137.89
4991,29,1,286.27
4991,39,1,130.11
4991,5,2,280.9
4991,20,2,477.5
4991,14,2,192.68
4992,67,2,75.42
4992,6,1,457.83
4992,81,2,46.6
4992,100,2,419.6
4992,37,1,451.22
4993,82,1,109.33
4993,75,3,164.35
4993,28,2,108.33
4994,56,1,498.51
4994,26,2,281.01
4994,40,2,13.13
4994,78,1,370.32
4995,96,2,346.17
4995,42,1,124.17
4995,64,3,487.53
4996,6,2,457.83
4996,34,1,251.75
4996,46,2,475.99
4996,44,1,421.39
4996,82,1,109.33
4997,11,3,362.94
4997,77,1,353.36
4998,90,1,482.67
4999,92,1,161.07
5000,16,2,451.95
5000,88,2,209.19
5000,6,1,457.83
5000,28,3,108.33
5000,70,3,288.23
